claim_id,crop_center_distance_score,entity_id,event_identity_status,figure_snapshot_source_id,figure_source_id,footprint_candidate_id,geometry_id,geometry_sha256,id,latitude_range,longitude_range_unwrapped,method,movie_model_period,nominal_angular_overlap_fraction,nominal_complete_view,observation_date,physical_limit,recommended,source_id,source_locator,source_snapshot_id,support_claim_id,temporal_alignment_status,tile_id,url,zoom
claim:footprint_movie_context:footprint_candidate:kraken:2013-05-29:level2_B_3,277.715281075,eddy:published:kraken-2013,not_established,source:31502c92130baa29,source:8a85446449036671,footprint_candidate:kraken:2013-05-29,geometry:0158,08d7c7f5d1234fc996b5b1ea2f049811fe5553c4f744fa88e6a8694df04c1c32,footprint_movie_context:footprint_candidate:kraken:2013-05-29:level2_B_3,"[0.18, 45.0]","[-114.96, -24.97]","OSW longitude/latitude polygon-to-crop rectangle intersection, with periodic longitude copies; fractions use angular display area. Prefer a nominally complete crop at highest zoom, then smallest wrapped center-distance score and tile ID.",2021–2023,1.0,True,2013-05-29,Geographic movie navigation only. Figure datum is unspecified; crop bounds and contour are approximate. Nominal overlap does not include calibration/segmentation uncertainty and does not identify Kraken or align its observation date with a movie frame.,True,source:d4e82da0872ed45c,NASA picker crop level2_B_3; bounds and movie address in pinned crop ledger,source:354f29686c861726,claim:footprint_candidate:kraken:2013-05-29,outside_declared_model_years,level2_B_3,https://svs.gsfc.nasa.gov/vis/a000000/a005500/a005505/perpetual_ocean2_EQUIREC_071_final_beauty_level2_B_3.mp4,2
claim:footprint_movie_context:footprint_candidate:kraken:2013-05-29:level2_A_3,594.062174632,eddy:published:kraken-2013,not_established,source:31502c92130baa29,source:8a85446449036671,footprint_candidate:kraken:2013-05-29,geometry:0158,08d7c7f5d1234fc996b5b1ea2f049811fe5553c4f744fa88e6a8694df04c1c32,footprint_movie_context:footprint_candidate:kraken:2013-05-29:level2_A_3,"[0.18, 45.0]","[-159.96, -69.97]","OSW longitude/latitude polygon-to-crop rectangle intersection, with periodic longitude copies; fractions use angular display area. Prefer a nominally complete crop at highest zoom, then smallest wrapped center-distance score and tile ID.",2021–2023,1.0,True,2013-05-29,Geographic movie navigation only. Figure datum is unspecified; crop bounds and contour are approximate. Nominal overlap does not include calibration/segmentation uncertainty and does not identify Kraken or align its observation date with a movie frame.,False,source:d4e82da0872ed45c,NASA picker crop level2_A_3; bounds and movie address in pinned crop ledger,source:354f29686c861726,claim:footprint_candidate:kraken:2013-05-29,outside_declared_model_years,level2_A_3,https://svs.gsfc.nasa.gov/vis/a000000/a005500/a005505/perpetual_ocean2_EQUIREC_071_final_beauty_level2_A_3.mp4,2
claim:footprint_movie_context:footprint_candidate:kraken:2013-05-29:level2_B_2,629.741820698,eddy:published:kraken-2013,not_established,source:31502c92130baa29,source:8a85446449036671,footprint_candidate:kraken:2013-05-29,geometry:0158,08d7c7f5d1234fc996b5b1ea2f049811fe5553c4f744fa88e6a8694df04c1c32,footprint_movie_context:footprint_candidate:kraken:2013-05-29:level2_B_2,"[22.68, 67.5]","[-114.96, -24.97]","OSW longitude/latitude polygon-to-crop rectangle intersection, with periodic longitude copies; fractions use angular display area. Prefer a nominally complete crop at highest zoom, then smallest wrapped center-distance score and tile ID.",2021–2023,1.0,True,2013-05-29,Geographic movie navigation only. Figure datum is unspecified; crop bounds and contour are approximate. Nominal overlap does not include calibration/segmentation uncertainty and does not identify Kraken or align its observation date with a movie frame.,False,source:d4e82da0872ed45c,NASA picker crop level2_B_2; bounds and movie address in pinned crop ledger,source:354f29686c861726,claim:footprint_candidate:kraken:2013-05-29,outside_declared_model_years,level2_B_2,https://svs.gsfc.nasa.gov/vis/a000000/a005500/a005505/perpetual_ocean2_EQUIREC_071_final_beauty_level2_B_2.mp4,2
claim:footprint_movie_context:footprint_candidate:kraken:2013-05-29:level2_A_2,946.088714255,eddy:published:kraken-2013,not_established,source:31502c92130baa29,source:8a85446449036671,footprint_candidate:kraken:2013-05-29,geometry:0158,08d7c7f5d1234fc996b5b1ea2f049811fe5553c4f744fa88e6a8694df04c1c32,footprint_movie_context:footprint_candidate:kraken:2013-05-29:level2_A_2,"[22.68, 67.5]","[-159.96, -69.97]","OSW longitude/latitude polygon-to-crop rectangle intersection, with periodic longitude copies; fractions use angular display area. Prefer a nominally complete crop at highest zoom, then smallest wrapped center-distance score and tile ID.",2021–2023,1.0,True,2013-05-29,Geographic movie navigation only. Figure datum is unspecified; crop bounds and contour are approximate. Nominal overlap does not include calibration/segmentation uncertainty and does not identify Kraken or align its observation date with a movie frame.,False,source:d4e82da0872ed45c,NASA picker crop level2_A_2; bounds and movie address in pinned crop ledger,source:354f29686c861726,claim:footprint_candidate:kraken:2013-05-29,outside_declared_model_years,level2_A_2,https://svs.gsfc.nasa.gov/vis/a000000/a005500/a005505/perpetual_ocean2_EQUIREC_071_final_beauty_level2_A_2.mp4,2
claim:footprint_movie_context:footprint_candidate:kraken:2013-05-29:level1_A_1,629.741820698,eddy:published:kraken-2013,not_established,source:31502c92130baa29,source:8a85446449036671,footprint_candidate:kraken:2013-05-29,geometry:0158,08d7c7f5d1234fc996b5b1ea2f049811fe5553c4f744fa88e6a8694df04c1c32,footprint_movie_context:footprint_candidate:kraken:2013-05-29:level1_A_1,"[0.18, 90.0]","[-159.96, 20.03]","OSW longitude/latitude polygon-to-crop rectangle intersection, with periodic longitude copies; fractions use angular display area. Prefer a nominally complete crop at highest zoom, then smallest wrapped center-distance score and tile ID.",2021–2023,1.0,True,2013-05-29,Geographic movie navigation only. Figure datum is unspecified; crop bounds and contour are approximate. Nominal overlap does not include calibration/segmentation uncertainty and does not identify Kraken or align its observation date with a movie frame.,False,source:d4e82da0872ed45c,NASA picker crop level1_A_1; bounds and movie address in pinned crop ledger,source:354f29686c861726,claim:footprint_candidate:kraken:2013-05-29,outside_declared_model_years,level1_A_1,https://svs.gsfc.nasa.gov/vis/a000000/a005500/a005505/perpetual_ocean2_EQUIREC_071_final_beauty_level1_A_1.mp4,1
claim:footprint_movie_context:footprint_candidate:kraken:2013-05-29:level1_A_2,938.188741452,eddy:published:kraken-2013,not_established,source:31502c92130baa29,source:8a85446449036671,footprint_candidate:kraken:2013-05-29,geometry:0158,08d7c7f5d1234fc996b5b1ea2f049811fe5553c4f744fa88e6a8694df04c1c32,footprint_movie_context:footprint_candidate:kraken:2013-05-29:level1_A_2,"[-44.82, 45.0]","[-159.96, 20.03]","OSW longitude/latitude polygon-to-crop rectangle intersection, with periodic longitude copies; fractions use angular display area. Prefer a nominally complete crop at highest zoom, then smallest wrapped center-distance score and tile ID.",2021–2023,1.0,True,2013-05-29,Geographic movie navigation only. Figure datum is unspecified; crop bounds and contour are approximate. Nominal overlap does not include calibration/segmentation uncertainty and does not identify Kraken or align its observation date with a movie frame.,False,source:d4e82da0872ed45c,NASA picker crop level1_A_2; bounds and movie address in pinned crop ledger,source:354f29686c861726,claim:footprint_candidate:kraken:2013-05-29,outside_declared_model_years,level1_A_2,https://svs.gsfc.nasa.gov/vis/a000000/a005500/a005505/perpetual_ocean2_EQUIREC_071_final_beauty_level1_A_2.mp4,1
claim:footprint_movie_context:footprint_candidate:kraken:2013-05-29:level1_D_1,4535.513904595,eddy:published:kraken-2013,not_established,source:31502c92130baa29,source:8a85446449036671,footprint_candidate:kraken:2013-05-29,geometry:0158,08d7c7f5d1234fc996b5b1ea2f049811fe5553c4f744fa88e6a8694df04c1c32,footprint_movie_context:footprint_candidate:kraken:2013-05-29:level1_D_1,"[0.18, 90.0]","[110.02, 290.01]","OSW longitude/latitude polygon-to-crop rectangle intersection, with periodic longitude copies; fractions use angular display area. Prefer a nominally complete crop at highest zoom, then smallest wrapped center-distance score and tile ID.",2021–2023,1.0,True,2013-05-29,Geographic movie navigation only. Figure datum is unspecified; crop bounds and contour are approximate. Nominal overlap does not include calibration/segmentation uncertainty and does not identify Kraken or align its observation date with a movie frame.,False,source:d4e82da0872ed45c,NASA picker crop level1_D_1; bounds and movie address in pinned crop ledger,source:354f29686c861726,claim:footprint_candidate:kraken:2013-05-29,outside_declared_model_years,level1_D_1,https://svs.gsfc.nasa.gov/vis/a000000/a005500/a005505/perpetual_ocean2_EQUIREC_071_final_beauty_level1_D_1.mp4,1
claim:footprint_movie_context:footprint_candidate:kraken:2013-05-29:level1_D_2,4843.96082535,eddy:published:kraken-2013,not_established,source:31502c92130baa29,source:8a85446449036671,footprint_candidate:kraken:2013-05-29,geometry:0158,08d7c7f5d1234fc996b5b1ea2f049811fe5553c4f744fa88e6a8694df04c1c32,footprint_movie_context:footprint_candidate:kraken:2013-05-29:level1_D_2,"[-44.82, 45.0]","[110.02, 290.01]","OSW longitude/latitude polygon-to-crop rectangle intersection, with periodic longitude copies; fractions use angular display area. Prefer a nominally complete crop at highest zoom, then smallest wrapped center-distance score and tile ID.",2021–2023,1.0,True,2013-05-29,Geographic movie navigation only. Figure datum is unspecified; crop bounds and contour are approximate. Nominal overlap does not include calibration/segmentation uncertainty and does not identify Kraken or align its observation date with a movie frame.,False,source:d4e82da0872ed45c,NASA picker crop level1_D_2; bounds and movie address in pinned crop ledger,source:354f29686c861726,claim:footprint_candidate:kraken:2013-05-29,outside_declared_model_years,level1_D_2,https://svs.gsfc.nasa.gov/vis/a000000/a005500/a005505/perpetual_ocean2_EQUIREC_071_final_beauty_level1_D_2.mp4,1
claim:footprint_movie_context:footprint_candidate:kraken:2013-05-29:level0_B_1,4843.380408221,eddy:published:kraken-2013,not_established,source:31502c92130baa29,source:8a85446449036671,footprint_candidate:kraken:2013-05-29,geometry:0158,08d7c7f5d1234fc996b5b1ea2f049811fe5553c4f744fa88e6a8694df04c1c32,footprint_movie_context:footprint_candidate:kraken:2013-05-29:level0_B_1,"[-89.82, 90.0]","[20.03, 380.01]","OSW longitude/latitude polygon-to-crop rectangle intersection, with periodic longitude copies; fractions use angular display area. Prefer a nominally complete crop at highest zoom, then smallest wrapped center-distance score and tile ID.",2021–2023,1.0,True,2013-05-29,Geographic movie navigation only. Figure datum is unspecified; crop bounds and contour are approximate. Nominal overlap does not include calibration/segmentation uncertainty and does not identify Kraken or align its observation date with a movie frame.,False,source:d4e82da0872ed45c,NASA picker crop level0_B_1; bounds and movie address in pinned crop ledger,source:354f29686c861726,claim:footprint_candidate:kraken:2013-05-29,outside_declared_model_years,level0_B_1,https://svs.gsfc.nasa.gov/vis/a000000/a005500/a005505/perpetual_ocean2_EQUIREC_071_final_beauty_level0_B_1.mp4,0
claim:footprint_movie_context:footprint_candidate:kraken:2013-05-29:level0_A_1,10116.892192246,eddy:published:kraken-2013,not_established,source:31502c92130baa29,source:8a85446449036671,footprint_candidate:kraken:2013-05-29,geometry:0158,08d7c7f5d1234fc996b5b1ea2f049811fe5553c4f744fa88e6a8694df04c1c32,footprint_movie_context:footprint_candidate:kraken:2013-05-29:level0_A_1,"[-89.82, 90.0]","[-159.96, 200.02]","OSW longitude/latitude polygon-to-crop rectangle intersection, with periodic longitude copies; fractions use angular display area. Prefer a nominally complete crop at highest zoom, then smallest wrapped center-distance score and tile ID.",2021–2023,1.0,True,2013-05-29,Geographic movie navigation only. Figure datum is unspecified; crop bounds and contour are approximate. Nominal overlap does not include calibration/segmentation uncertainty and does not identify Kraken or align its observation date with a movie frame.,False,source:d4e82da0872ed45c,NASA picker crop level0_A_1; bounds and movie address in pinned crop ledger,source:354f29686c861726,claim:footprint_candidate:kraken:2013-05-29,outside_declared_model_years,level0_A_1,https://svs.gsfc.nasa.gov/vis/a000000/a005500/a005505/perpetual_ocean2_EQUIREC_071_final_beauty_level0_A_1.mp4,0
