claim_id,entity_id,event_stage,evidence_type,geometry_status,id,interpretation,name_origin,near_center_mooring,observation_end,observation_start,observed_center,physical_state_relation,reported_measure,source_id,source_locator,source_snapshot_id
claim:named_eddy_source_observation:001,eddy:published:kraken-2013,,named_altimetry_boundary_with_independent_ocean_color_and_drifter_support,figure_red_pixels_georeferenced_no_closed_boundary,named_eddy_source_observation:001,The authors identify the Loop Current ring as Kraken and analyze a resilient material core during this interval. OSW georeferences selected red Figure 2 curve pixels as a state-location candidate; the authors' closed boundary coordinates are not reconstructed.,,,2013-12-15,2013-05-29,,unresolved_without_reusable_dated_geometry,"Approximately 100 km mean radius of the coherent core, a definition distinct from the outer instantaneous SSH footprint.",source:8a85446449036671,Results; Figures 2–4,source:174ea4945580f696
claim:named_eddy_source_observation:002,eddy:published:thor-2020,,named_loop_current_eddy_event_with_dated_maps,published_figure_not_digitized,named_eddy_source_observation:002,"The authors map the Thor shedding event in January–June 2020 and describe detachment, reattachment, final separation, and westward propagation. The date bounds describe the paper's figure window, not a measured lifetime.",,,2020-06-30,2020-01-01,,unresolved_without_reusable_dated_geometry,,source:905e5cc303aaceab,Section 3.1; Figure 2,source:174ea4945580f696
claim:named_eddy_source_observation:003,eddy:published:thor-2020,separation_confirmed_by_date,independent_published_dated_event,source_reported_event_no_named_eddy_footprint,named_eddy_source_observation:003,Satellite SST and concurrent drifter velocities support Thor being separated by this date; this does not establish that every later detachment was final.,,,2020-01-27,2020-01-27,,unresolved_without_reusable_dated_geometry,,source:e5cc996fb82aae2f,Section 3.2; Figure 2; NOAA-hosted PDF page 4,source:174ea4945580f696
claim:named_eddy_source_observation:004,eddy:published:thor-2020,deformed_and_nearly_split,independent_published_dated_event,source_reported_event_no_named_eddy_footprint,named_eddy_source_observation:004,Thor had deformed and nearly split into two eddies by this date; near-splitting is not a verified division into two independently named rings.,,,2020-03-23,2020-03-23,,unresolved_without_reusable_dated_geometry,,source:e5cc996fb82aae2f,Abstract; Sections 3.2 and 3.5; Figure 2,source:174ea4945580f696
claim:named_eddy_source_observation:005,eddy:published:ursa-2021,,named_loop_current_eddy_event_with_dated_maps,published_figure_not_digitized,named_eddy_source_observation:005,"The authors map the Ursa shedding event in January–May 2021, including temporary detachment and reattachment. The date bounds describe the paper's figure window, not a measured lifetime or independent final separation date.",,,2021-05-31,2021-01-01,,unresolved_without_reusable_dated_geometry,,source:905e5cc303aaceab,Section 3.2; Figure 3,source:174ea4945580f696
claim:named_eddy_source_observation:006,eddy:published:ursa-2021,temporary_detachment,independent_published_dated_event,source_reported_event_no_named_eddy_footprint,named_eddy_source_observation:006,The later paper identifies a brief first separation followed by reattachment.,,,2021-03-08,2021-03-08,,unresolved_without_reusable_dated_geometry,,source:e5cc996fb82aae2f,Section 3.6; Figure 19; NOAA-hosted PDF page 18,source:174ea4945580f696
claim:named_eddy_source_observation:007,eddy:published:ursa-2021,final_detachment_reported,independent_published_dated_event,source_reported_event_no_named_eddy_footprint,named_eddy_source_observation:007,"The later paper reports final Ursa separation on this date; the date is source-reported, not a geometric reconstruction by OSW.",,,2021-04-26,2021-04-26,,unresolved_without_reusable_dated_geometry,,source:e5cc996fb82aae2f,Section 3.6; Figure 20; NOAA-hosted PDF pages 18–19,source:174ea4945580f696
claim:named_eddy_source_observation:008,eddy:published:cameron-2009-observed,,moored_currents_and_altimetry_dated_named_eddy_observation,published_figure_not_digitized,named_eddy_source_observation:008,"The authors locate Cameron's center approximately at mooring A on January 20 and describe its later west-southwest translation and deformation through March 1. These are western Gulf observations, not initial separation or whole-lifetime dates.",Horizon Marine attribution stated in observing paper; measurements and dated interpretation originate with the paper,,2009-03-01,2009-01-20,"{""coordinate_lon_lat"": [-95.0, 22.5], ""coordinate_precision"": ""approximately at mooring A; source rounds coordinates to 0.1 degree latitude and whole-degree longitude"", ""date"": ""2009-01-20"", ""source_locator"": ""Section 4.1.1, paragraph 32; Figure 6a""}",unresolved_without_reusable_dated_geometry,"About 300 km diameter on 2009-01-20, as assessed by the authors from the altimetric eddy field.",source:6694d73532f024d7,"Section 4.1.1, paragraphs 32–35; Figure 6; Table 2 footnote for name origin",source:174ea4945580f696
claim:named_eddy_source_observation:009,eddy:published:darwin-2009-observed,,moored_currents_and_altimetry_dated_named_eddy_observation,published_figure_not_digitized,named_eddy_source_observation:009,"The authors locate Darwin northeast of moorings L, A and K on July 25, with its southwestern edge across the array; mooring A is near its center on August 5. These western Gulf observations do not establish its initial separation date or a full footprint.",Horizon Marine attribution stated in observing paper; measurements and dated interpretation originate with the paper,"{""date"": ""2009-08-05"", ""mooring_coordinate_from_table_1"": ""22°30.33′N, 95°01.29′W (July 2009–July 2010 deployment)"", ""mooring_id"": ""A"", ""relation"": ""mooring_near_eddy_center_not_exact_center"", ""source_locator"": ""Section 4.1.2, paragraph 37; Figure 7b; Table 1 for mooring coordinates""}",2009-09-05,2009-07-25,,unresolved_without_reusable_dated_geometry,"About 200 km diameter on 2009-07-25, as assessed by the authors from the altimetric eddy field.",source:6694d73532f024d7,"Section 4.1.2, paragraphs 36–40; Figure 7; Table 2 footnote for name origin",source:174ea4945580f696
