"catalog_version","number","id","name","kind","map_label","role","lens","depth_class","properties","basis","depth","persistence","evidence_class","source_ids","families","summary","inferential_boundary","primary_or_register_source"
"atlas-08","1","indo-pacific-warm-pool","Indo-Pacific Warm Pool","reservoir","Heat continent","persistent reservoir","waters","upper","warm","persistent reservoir","surface / upper ocean","persistent; seasonally breathing","conceptual","O18","heatmass | oceanbelts","The largest persistent expanse of very warm surface water: a continent-like reservoir whose edge moves with threshold, season, and dataset.","A warm surface footprint is not a full-depth heat-content integral, and its diagnostic boundary is not a material wall.","https://www.climate.gov/news-features/featured-images/warm-pool-indo-pacific-ocean-has-almost-doubled-size-changing-global"
"atlas-08","2","western-hemisphere-warm-pool","Western Hemisphere Warm Pool","reservoir","Seasonal heat continent","seasonal reservoir","waters","upper","warm","seasonal reservoir","surface / upper ocean","seasonal expansion","conceptual","O19","heatmass","A seasonally connected warm-water province spanning parts of the tropical eastern Pacific, Gulf of Mexico, Caribbean, and western tropical Atlantic.","Central America divides the ocean basins even when a temperature threshold visually joins the warm regions.","https://www.aoml.noaa.gov/phod/research/tav/awp/"
"atlas-08","3","northeast-pacific-blob","Northeast Pacific Blob","transient","Heat blob","marine heatwave anomaly","events","surface","warm","marine heatwave anomaly","surface with subsurface remnant","episodic / multi-year","observational","O20–O21","heatmass","A named marine heatwave demonstrates why a heat blob is an event relative to a baseline—not a permanent ocean province.","Its surface expression does not determine its full-depth energy or prove a single cause.","https://doi.org/10.1002/2016GL071039"
"atlas-08","4","el-nino-tongue","El Niño Tongue","transient","Heat tongue","basin-scale anomaly","events","surface","warm","basin-scale anomaly","surface / thermocline coupled","interannual","conceptual","","heatmass | oceanbelts","An eastward-reaching equatorial anomaly: a tongue because its geometry and evolution matter as much as its peak temperature.","The atlas shape is schematic and is not an event declaration or an ENSO index.","../SOURCE-REGISTER.md"
"atlas-08","5","gulf-stream","Gulf Stream","pathway","Heat river","western boundary current","flows","full-column","dynamic","western boundary current","surface intensified; deep structure","persistent and variable","conceptual","O2","oceanrealms | oceanbelts","A narrow, fast pathway that exports warm water poleward and sheds moving rings into the surrounding ocean.","Current speed and water temperature do not, by themselves, give heat transport across a section.","https://www.whoi.edu/ocean-learning-hub/ocean-topics/how-the-ocean-works/ocean-circulation/currents-gyres-eddies/"
"atlas-08","6","kuroshio","Kuroshio","pathway","Heat river","western boundary current","flows","full-column","dynamic","western boundary current","surface intensified; deep structure","persistent and variable","conceptual","O2","oceanrealms | oceanbelts","The North Pacific counterpart in the map grammar: a swift boundary current, extension, and ring-forming system.","The analogy to the Gulf Stream is structural, not an assertion of identical forcing, geometry, or transport.","https://www.whoi.edu/ocean-learning-hub/ocean-topics/how-the-ocean-works/ocean-circulation/currents-gyres-eddies/"
"atlas-08","7","agulhas","Agulhas System","pathway","River and moving islands","boundary current / leakage","flows","full-column","dynamic","boundary current / leakage","upper ocean to intermediate","persistent with episodic rings","conceptual","","oceanrealms","A current system whose retroflection and rings make exchange look less like a pipe and more like parcels escaping a moving border.","The schematic shape does not quantify leakage or attribute downstream climate effects.","../SOURCE-REGISTER.md"
"atlas-08","8","antarctic-circumpolar-current","Antarctic Circumpolar Current","pathway","Circumpolar belt","fronted zonal current","flows","full-column","dynamic","fronted zonal current","deep-reaching fronts","persistent and meandering","observational","O4, O8–O9","oceanrealms | oceanbelts","Earth's clearest ocean belt: a deep-reaching, eastward current whose fronts inhibit exchange while eddies and regional pathways leak heat across them.","The ACC is not a solid cold wall and Drake Passage is not a thermal plug.","https://doi.org/10.1175/JPO-D-19-0266.1"
"atlas-08","9","circumpolar-deep-water","Circumpolar Deep Water","buried","Buried heat continent","subsurface reservoir / source water","waters","deep","warm","subsurface reservoir / source water","intermediate to deep; region dependent","persistent with changing access","synthesis","O10, O14","heatmass | oceanrealms","Relatively warm subsurface water can approach Antarctic margins beneath a cold surface, making vertical structure central to ice-shelf exposure.","Offshore presence does not equal delivery to a cavity; fronts, shelf breaks, troughs, mixing, and winds intervene.","https://doi.org/10.1029/2018RG000624"
"atlas-08","10","atlantic-water-arctic","Atlantic Water in the Arctic","buried","Buried heat continent","subsurface inflow and reservoir","waters","deep","warm","subsurface inflow and reservoir","below the cold, fresh halocline","persistent and variable","observational synthesis","O22","heatmass | oceanrealms","Warm Atlantic-origin water can sit beneath a colder, fresher lid: the Arctic example of why the surface can conceal a large thermal contrast.","Subsurface temperature does not determine when, where, or how much heat reaches sea ice or the atmosphere.","https://doi.org/10.3389/fmars.2019.00416"
"atlas-08","11","drake-passage","Drake Passage","gate","Heat gate","circumpolar transport section","edges","full-column","dynamic","circumpolar transport section","full water column","persistent geometry; variable flow","observational / modeled","O4–O7","oceanrealms | oceanbelts","The narrowest major gate on the circumpolar route. It makes ACC transport measurable and exposes how geometry reorganizes global circulation.","Closing the gate in a model changes many coupled circulations; it is not equivalent to simply sending warm water south.","https://doi.org/10.1175/JCLI-D-15-0554.1"
"atlas-08","12","indonesian-throughflow","Indonesian Throughflow","gate","Archipelagic heat gate","inter-basin exchange","edges","full-column","dynamic","inter-basin exchange","multiple constrained passages","persistent and variable","conceptual","","oceanrealms","A branching tropical gate where land geometry constrains exchange between the Pacific and Indian oceans.","The schematic shape simplifies multiple straits, vertical structure, tides, mixing, and seasonal reversals.","../SOURCE-REGISTER.md"
"atlas-08","13","antarctic-bottom-water","Antarctic Bottom Water","water-mass","Cold bottom water","dense abyssal water mass","waters","bottom","cold | salty","Very cold, dense water formed around Antarctic shelves and margins that spreads into abyssal basins.","bottom; formed around Antarctica","persistent","synthesis","OG01","waters","The coldest major water mass occupies the deepest layer of much of the world ocean—an immense geography hidden from surface maps.","The schematic extent is not its boundary or a claim of uniform properties across every abyssal basin.","https://divediscover.whoi.edu/polar-regions/antarctic-ocean-circulation/"
"atlas-08","14","north-atlantic-deep-water","North Atlantic Deep Water","water-mass","Deep water mass","deep overturning water","waters","deep","cold | salty","Relatively salty deep water assembled from northern-source waters and traced by hydrographic properties.","deep Atlantic; spreads southward","persistent","synthesis","OG02","waters","A basin-spanning deep water mass demonstrates that major ocean countries can lie kilometers below the visible surface.","Its hydrographic core is modified by mixing and does not define a sealed or uniformly moving parcel.","https://www.whoi.edu/science/PO/people/jprice/class/miscart/Stewart2006.pdf"
"atlas-08","15","antarctic-intermediate-water","Antarctic Intermediate Water","water-mass","Fresh intermediate water","intermediate water mass","waters","intermediate","cold | fresh","Cool, relatively fresh Southern Ocean water subducted north of the polar domain and traced at intermediate depth.","roughly 600–1000 m; basin dependent","persistent","synthesis","OG03","waters","A cool, fresh intermediate layer spreads northward beneath warmer surface waters in several basins.","The schematic shape cannot show its branching cores, mixing, or basin-specific definitions.","https://divediscover.whoi.edu/polar-regions/antarctic-ocean-circulation/"
"atlas-08","16","subantarctic-mode-water","Subantarctic Mode Water","water-mass","Mode-water belt","ventilated thermocline water","waters","upper","cold | fresh","Thick, weakly stratified water formed by winter mixing north of the Subantarctic Front.","deep winter mixed layer / upper thermocline","seasonal","synthesis","OG04","waters","A broad Southern Hemisphere mode-water family ventilates the thermocline rather than forming a surface continent.","Formation properties and geographic definitions vary by basin and year.","https://www.gfdl.noaa.gov/bibliography/related_files/jls0401.pdf"
"atlas-08","17","north-pacific-intermediate-water","North Pacific Intermediate Water","water-mass","Fresh intermediate water","North Pacific ventilation layer","waters","intermediate","cold | fresh","A North Pacific salinity-minimum layer formed and transformed in the subpolar–subtropical transition.","intermediate North Pacific","persistent","synthesis","OG05","waters","The North Pacific contains a recognizable intermediate layer even where the surface belongs to a warm gyre.","The salinity-minimum core is not a fixed-edged body or a direct velocity measurement.","https://www.gfdl.noaa.gov/bibliography/related_files/jls0401.pdf"
"atlas-08","18","labrador-sea-water","Labrador Sea Water","water-mass","Ventilated deep water","subpolar mode / deep water","waters","deep","cold | fresh","Weakly stratified water renewed by variable deep winter convection in the Labrador Sea.","intermediate to deep North Atlantic","seasonal","synthesis","OG06","waters","A named subpolar water mass records formation history and ventilation below the surface.","The schematic shape does not show variable formation extent or downstream pathways.","https://www.whoi.edu/science/PO/people/jprice/class/miscart/Stewart2006.pdf"
"atlas-08","19","mediterranean-outflow-water","Mediterranean Outflow Water","water-mass","Salty outflow layer","marginal-sea source water","waters","intermediate","warm | salty","Warm, saline Mediterranean-origin water exits Gibraltar and forms an intermediate salinity maximum.","intermediate eastern North Atlantic","persistent","synthesis","OG07","waters","A narrow gate seeds a much larger salty subsurface signature in the Atlantic.","The schematic shape does not show mixing, meddies, or a measured outflow transport.","https://www.gfdl.noaa.gov/ocean-mesoscale-eddies/"
"atlas-08","20","red-sea-water","Red Sea Water","water-mass","Warm salty source water","marginal-sea outflow water","waters","intermediate","warm | salty","Warm, highly saline water formed by strong evaporation and exported through Bab el-Mandeb.","intermediate western Indian Ocean","persistent","synthesis","OG08","waters","A small marginal sea leaves a traceable intermediate-water signature far beyond its gate.","The schematic shape is not the full outflow plume or a transport estimate.","https://www.ncei.noaa.gov/access/world-ocean-atlas-2023/"
"atlas-08","21","north-pacific-subtropical-gyre","North Pacific Subtropical Gyre","gyre","Rotating current system","subtropical gyre","flows","upper","dynamic","A basin-scale wind-driven system of rotating currents surrounding the subtropical interior.","surface-intensified circulation","persistent","conceptual","OG09","flows","The largest gyre makes an enormous moving province out of water that a heat-only atlas leaves blank.","A gyre is a current system, not homogeneous water or a plastic island.","https://oceanservice.noaa.gov/facts/gyre.html"
"atlas-08","22","south-pacific-subtropical-gyre","South Pacific Subtropical Gyre","gyre","Rotating current system","subtropical gyre","flows","upper","dynamic","A Southern Hemisphere wind-driven current circuit around the subtropical Pacific interior.","surface-intensified circulation","persistent","conceptual","OG10","flows","A vast circulation realm occupies the South Pacific even without a famous thermal nickname.","Its edges shift and do not define a uniform water mass.","https://oceanservice.noaa.gov/facts/gyre.html"
"atlas-08","23","north-atlantic-subtropical-gyre","North Atlantic Subtropical Gyre","gyre","Rotating current system","subtropical gyre","flows","upper","dynamic","A wind-driven current circuit containing the Sargasso Sea and bounded by major currents.","surface-intensified circulation","persistent","conceptual","OG11","flows","Currents organize the North Atlantic interior into a recognizable rotating realm.","The schematic shape is not a fixed gyre center or edge.","https://oceanservice.noaa.gov/facts/gyre.html"
"atlas-08","24","south-atlantic-subtropical-gyre","South Atlantic Subtropical Gyre","gyre","Rotating current system","subtropical gyre","flows","upper","dynamic","A wind-driven clockwise current circuit spanning the subtropical South Atlantic.","surface-intensified circulation","persistent","conceptual","OG12","flows","The basin interior belongs to a circulation system even where no single current line dominates the map.","The gyre is variable and internally heterogeneous.","https://oceanservice.noaa.gov/facts/gyre.html"
"atlas-08","25","indian-ocean-subtropical-gyre","Indian Ocean Subtropical Gyre","gyre","Rotating current system","subtropical gyre","flows","upper","dynamic","A Southern Hemisphere wind-driven current circuit shaped by the Indian basin and monsoon influence.","surface-intensified circulation","persistent","conceptual","OG13","flows","A fifth major subtropical gyre fills much of the Indian Ocean's apparently unlabeled interior.","Seasonal monsoon circulation complicates any static outline.","https://oceanservice.noaa.gov/facts/gyre.html"
"atlas-08","26","antarctic-polar-front","Antarctic Polar Front","front","Water-mass boundary","deep-reaching ACC front","edges","full-column","dynamic | cold","A circumpolar hydrographic front separating Antarctic and subantarctic waters, with multiple diagnostic definitions.","surface expression and deep structure","persistent","observational","OG14","edges","A front gives the Southern Ocean an edge, but it meanders, branches, and leaks rather than forming a wall.","The schematic line cannot represent the front's changing circumpolar path.","https://doi.org/10.5194/essd-8-191-2016"
"atlas-08","27","subantarctic-front","Subantarctic Front","front","Water-mass boundary","northern major ACC front","edges","full-column","dynamic","A major ACC-associated front bounding the Polar Frontal Zone to the north.","surface expression and deep structure","persistent","observational","OG15","edges","Another circumpolar edge shows why the Southern Ocean is a stack of belts rather than one cold ring.","Its surface expression can be weak and its position varies regionally.","https://www.aoml.noaa.gov/phod/goos/xbtscience/ax25_acc.php"
"atlas-08","28","equatorial-pacific-divergence","Equatorial Pacific Divergence","upwelling","Cold nutrient-rich seam","equatorial upwelling zone","edges","upper","cold | nutrient-rich | dynamic","Wind-driven divergence draws cooler, nutrient-rich subsurface water toward the equatorial surface.","surface / upper thermocline","persistent","synthesis","OG16","edges","Some ocean geography is a seam where water rises, not a mass sitting still.","The schematic shape does not diagnose upwelling rate or the changing cold-tongue footprint.","https://oceanservice.noaa.gov/facts/upwelling.html"
"atlas-08","29","mid-atlantic-ridge","Mid-Atlantic Ridge","seafloor","Submerged mountain range","divergent plate boundary","floor","seabed","relief","A long volcanic ridge formed at a divergent plate boundary along the Atlantic basin floor.","seabed","geologic","observational","OG17","floor","The Atlantic has a mountain spine beneath the water that helps organize basins and deep pathways.","A single point cannot show ridge segmentation, transform faults, or water-column effects.","https://prod-01-alb-www-noaa.woc.noaa.gov/education/resource-collections/ocean-coasts/ocean-floor-features"
"atlas-08","30","east-pacific-rise","East Pacific Rise","seafloor","Fast-spreading ridge","divergent plate boundary","floor","seabed","relief","A fast-spreading mid-ocean ridge system forming new Pacific seafloor.","seabed","geologic","observational","OG18","floor","A second submerged mountain system gives the Pacific a hidden structural spine.","The point is only an index to a long segmented ridge system.","https://prod-01-alb-www-noaa.woc.noaa.gov/education/resource-collections/ocean-coasts/ocean-floor-features"
"atlas-08","31","mariana-trench","Mariana Trench","seafloor","Ocean trench","subduction trench","floor","seabed","relief","A very deep, narrow depression formed where one tectonic plate subducts beneath another.","seabed / hadal","geologic","observational","OG19","floor","The deepest ocean geography is a hadal trench—not a surface color or current.","The schematic shape does not represent the trench's full arc or habitat variability.","https://prod-01-alb-www-noaa.woc.noaa.gov/education/resource-collections/ocean-coasts/ocean-floor-features"
"atlas-08","32","kerguelen-plateau","Kerguelen Plateau","seafloor","Submerged plateau","large igneous province / bathymetric obstacle","floor","seabed","relief","A broad elevated seafloor province in the southern Indian Ocean that steers deep and circumpolar flows.","seabed; rises into deep water column","geologic","synthesis","OG20","floor","Submerged plateaus can redirect fronts and currents even though they are invisible at the surface.","The point does not quantify bathymetric steering or delimit the plateau.","https://prod-01-alb-www-noaa.woc.noaa.gov/education/resource-collections/ocean-coasts/ocean-floor-features"
"atlas-08","33","etnp-oxygen-minimum-zone","Eastern Tropical North Pacific OMZ","biogeochemical","Low-oxygen layer","oxygen-minimum zone","life","intermediate","low-oxygen","A persistent subsurface region where oxygen consumption and weak ventilation maintain low concentrations.","roughly 100–1500 m; regional","persistent","observational synthesis","OG21","life","A vast subsurface oxygen geography exists beneath tropical surface waters.","The schematic shape is not a hypoxia threshold contour, habitat forecast, or current measurement.","https://oceanexplorer.noaa.gov/ocean-fact/omz/"
"atlas-08","34","etsp-oxygen-minimum-zone","Eastern Tropical South Pacific OMZ","biogeochemical","Low-oxygen layer","oxygen-minimum zone","life","intermediate","low-oxygen","Low ventilation and biogeochemical oxygen consumption sustain a major eastern tropical subsurface minimum.","subsurface eastern tropical Pacific","persistent","observational synthesis","OG22","life","The southeast Pacific contains a major low-oxygen province layered beneath productive surface waters.","The schematic shape does not encode oxygen concentration, threshold, or vertical extent.","https://repository.library.noaa.gov/view/noaa/26936"
"atlas-08","35","arabian-sea-oxygen-minimum-zone","Arabian Sea OMZ","biogeochemical","Low-oxygen layer","oxygen-minimum zone","life","intermediate","low-oxygen","High productivity, respiration, stratification, and circulation combine to maintain low subsurface oxygen.","subsurface Arabian Sea","persistent","observational synthesis","OG23","life","The Arabian Sea is a named chemical province as well as a geographic sea.","The point is not an oxygen contour and does not imply uniform ecological effects.","https://oceanexplorer.noaa.gov/ocean-fact/omz/"
"atlas-08","36","sargasso-sea","Sargasso Sea","biogeochemical","Oligotrophic gyre province","low-nutrient open-ocean ecosystem","life","upper","nutrient-poor","A clear, nutrient-limited ecosystem within the North Atlantic subtropical gyre, bounded by currents rather than land.","surface / upper ocean","persistent","observational synthesis","OG24","life","The Sargasso Sea proves that an ocean sea can be geographically real without a coastline.","The schematic shape does not delimit a fixed ecosystem boundary or uniform productivity.","https://prod-01-alb-www-noaa.woc.noaa.gov/gc-international-section/marine-protected-areas-mpas-sargasso-sea"
