priority,claim_id,review_fingerprint,target_collection,target_id,subject_id,predicate,value,unit,evidence_class,source_url,source_locator,review_status,reviewer,review_date,review_note
ranked_length,claim:measurement:0001,30202579f8b9c5ff632181b917373c7be378bacbdf1a7c2c3c339eb64777738d,measurements,measurement:0001,current:acc,reported_length,25000,km,published_estimate,https://doi.org/10.1029/2021JC017899,"Section 1 Introduction, opening sentence (approximately 25,000 km)",not_individually_reviewed,,,
ranked_length,claim:measurement:0003,a248aaeffbcf8e12277ff25c9fc6e97a0385a996e8fbbb630d851070b164ffd0,measurements,measurement:0003,current:california,reported_length,3000,km,published_estimate,https://meetings.pices.int/publications/special-publications/NPESR/2004/File_10_pp_177_192.pdf,"PDF page 3, background box under California Current (California Current System extends 3,000 km)",not_individually_reviewed,,,
ranked_length,claim:measurement:0004,ae86dabd616a1c92524eaa9a3752294e8de9a1aa085866685f19a847f1f9f988,measurements,measurement:0004,current:gulf-stream,reported_length,2500,km,published_estimate,https://incois.gov.in/Tutor/regoc/pdffiles/colour/single/14P-Atlantic.pdf,"Chapter 14, The Atlantic Ocean, PDF page 11 (printed page 239), paragraph beginning Recirculation of Gulf Stream water (next 2,500 km Gulf Stream proper)",not_individually_reviewed,,,
ranked_length,claim:measurement:0006,c840ef925e67315b36ba4b5552d948956df20965cfe384f7e8f4068d81a04bf3,measurements,measurement:0006,current:kuroshio,reported_length,3000,km,published_estimate,https://tos.org/oceanography/assets/docs/28-4_yj-yang.pdf,"PDF page 3, Introduction opening paragraph (3,000 km journey from about 12°N to 35°N)",not_individually_reviewed,,,
ranked_length,claim:measurement:0011,1d0480b9645c5303fc88381728e87519857ac05d7421ce890360562b1cfa486a,measurements,measurement:0011,current:peru-humboldt,reported_length,6000,km,published_estimate,https://repositorio.imarpe.gob.pe/bitstream/20.500.12958/2108/1/Purca%20Cuicapusa%2C%20Sara.pdf,"PDF page 65, embedded Purca et al. manuscript, Introduction opening paragraph (ca. 6,000 km belt); PDF page 66 distinguishes its 1,000 km Peru study area",not_individually_reviewed,,,
ranked_length,claim:measurement:0015,abb2dda50b9219118f6e5b36a3f77fac6fd2f4777fad6af53466485570ca44be,measurements,measurement:0015,current:florida,reported_length,1200,km,published_estimate,https://incois.gov.in/Tutor/regoc/pdffiles/colour/single/14P-Atlantic.pdf,"Chapter 14, The Atlantic Ocean, PDF page 11 (printed page 239), paragraph beginning Recirculation of Gulf Stream water (1,200 km downstream to Cape Hatteras)",not_individually_reviewed,,,
ranked_length,claim:measurement:0019,39ad039d112caceb32fca66b0de386db4831351dbd3c46a3d02740a017c1bd8a,measurements,measurement:0019,current:australian-west-south-boundary-flow,reported_length,5500,km,published_estimate,https://doi.org/10.1029/2003JC001921,"Abstract [1] and Section 9 Discussion and Conclusion [53] (5,500 km winter boundary-flow system)",not_individually_reviewed,,,
ranked_length,claim:measurement:0020,60cd670b5a27295ee75f38bb9878f6c97fd5f32681e8b6a834f57a88407251b7,measurements,measurement:0020,current:pacific-equatorial-undercurrent,reported_length,14000,km,published_estimate,https://doi.org/10.1029/2011JC007477,"Section 1 Introduction, paragraph [2] (14,000 km pathway)",not_individually_reviewed,,,
ranked_length,claim:measurement:0028,1590f320d36737c685d2ff824eeef096f961f88531c7ef8ca7efa9e881d3d26a,measurements,measurement:0028,current:alaska-coastal-gulf,reported_length,1700,km,published_estimate,https://doi.org/10.1016/j.dsr2.2015.12.016,"Accepted manuscript, PDF page 2, Abstract, lines 25-28 (~1700 km, Seward to Samalga Pass); PDF page 3, Introduction, lines 51-59 defines the regional continuity scope.",not_individually_reviewed,,,
ranked_length,claim:measurement:0029,e7e8f6b7ebbc76a99e8fed24e49cc04a77cb4f7d3d23a64de2694c3e96f529b0,measurements,measurement:0029,current:antarctic-slope,reported_length,21000,km,published_estimate,https://doi.org/10.1029/2018RG000624,"Section 1.1 ASC Characteristics, first sentence; Figure 2 caption and following paragraph qualify continuity",not_individually_reviewed,,,
ranked_length,claim:measurement:0030,43fe14ec53792f90c10da76f8443f268ffcdf27b51f7a63d5f7e80ee95dff39f,measurements,measurement:0030,current:falkland,reported_length,2000,km,published_estimate,https://meetingorganizer.copernicus.org/EGU2009/EGU2009-12242.pdf,"Page 1, opening sentence of EGU2009-12242 abstract (2000 km northward loop)",not_individually_reviewed,,,
source_relation,claim:classification_vocabulary:thompson-2018-antarctic-shelf-regimes,c2316b6ba9f18d3d0846cf8c845be441163997cf40cc1fd8b1b139db6fcb2e22,classification_vocabularies,classification_vocabulary:thompson-2018-antarctic-shelf-regimes,current:antarctic-slope,source_scoped_regime_vocabulary,,,source_identified,https://doi.org/10.1029/2018RG000624,Section 2 introductory classification paragraphs; sections 2.1-2.3,not_individually_reviewed,,,
source_relation,claim:current_source_observation:0001,c758835da15e94d7c6054ae78d0ed0bfee8a8cdf78f4901fe02f0932ff6bba1f,named_current_source_observations,current_source_observation:0001,current:northern-mediterranean,source_reported_local_current_presence,,,source_associated,https://os.copernicus.org/articles/14/689/2018/,"Abstract; Sections 3.2, 3.4, 3.7 and 4; Figures 1–6",not_individually_reviewed,,,
source_relation,claim:current_source_observation:0002,5175daa542a72bb84a1eadb36dc53172725404f464bdce20c9980bb6bba52179,named_current_source_observations,current_source_observation:0002,current:canary,source_reported_local_current_presence,,,source_associated,https://doi.org/10.1002/jgrc.20227,Abstract; section 6; 29°N ORCA section,not_individually_reviewed,,,
source_relation,claim:current_source_observation:0003,339aa28c2380c9a1cd14af81d98abcc4a67a826d6a1c92e9213dc87b012eb0b6,named_current_source_observations,current_source_observation:0003,current:canary,source_reported_local_current_presence,,,source_associated,https://doi.org/10.1002/jgrc.20227,Abstract; section 6; 29°N ORCA section,not_individually_reviewed,,,
source_relation,claim:current_source_observation:0004,c1f8aa8828320762acb17795ec678873e049317d7eca1005f9e04b915234addd,named_current_source_observations,current_source_observation:0004,current:portugal,source_reported_local_current_presence,,,source_associated,https://doi.org/10.1002/jgrc.20227,Portugal Current discussion; 37°N ORCA section,not_individually_reviewed,,,
source_relation,claim:current_source_observation:0005,b14ac0d9e9ebf3d2830ffe03814c7adb54e6f0733e2c1083eb211dc4a937d1b2,named_current_source_observations,current_source_observation:0005,current:azores,source_reported_local_current_presence,,,source_associated,https://doi.org/10.1029/2011JC007129,"Abstract; section 2, paragraph 6; 24.5°W ORCA section",not_individually_reviewed,,,
source_relation,claim:current_source_observation:0006,42423840377f931726b77166280a3310e078be307395780b09e17e3e557c181a,named_current_source_observations,current_source_observation:0006,current:azores-countercurrent,source_reported_local_current_presence,,,source_associated,https://doi.org/10.1029/2011JC007129,"Abstract; section 2, paragraph 6; 24.5°W ORCA section",not_individually_reviewed,,,
source_relation,claim:current_source_observation:0007,35c52d39f4a2e3c43cfb0e1b34b18ded79555c25f31b3a0361271bc4986cb210,named_current_source_observations,current_source_observation:0007,current:alaska-coastal-gulf,source_reported_local_current_presence,,,source_associated,https://doi.org/10.1016/j.dsr2.2015.12.016,"Published article, PDF page 4 (printed page 26), Table 1 caption, 10 May-15 July 1989 sea-valley exception; PDF page 5 (printed page 27), section 2.2, mooring-array location in 1989; section 3.3 describes the coastal-current transport context. Published PDF: https://workspace.aoos.org/files/2656915/Stabeno_etal_2016_Longterm_Obs_ACC.pdf",not_individually_reviewed,,,
source_relation,claim:current_source_observation:0008,5229b17c349e003578cb7bcd513e64b85d2032340a4eef4d254cf4f3ff246047,named_current_source_observations,current_source_observation:0008,current:kuroshio,source_reported_local_current_presence,,,source_associated,https://www.frontiersin.org/journals/marine-science/articles/10.3389/fmars.2025.1675413/full,Abstract; section 2 Data and method; section 3.1 Mean structure; Figures 1-3,not_individually_reviewed,,,
source_relation,claim:named_eddy_source_observation:001,31e33c37e0d4c2f0408f16cc1bef9176aaa319482c39c11915ecdcc50f856bf5,named_eddy_source_observations,named_eddy_source_observation:001,eddy:published:kraken-2013,published_named_eddy_observation,,,source_identified,https://www.nature.com/articles/s41598-018-29582-5,Results; Figures 2–4,not_individually_reviewed,,,
source_relation,claim:named_eddy_source_observation:002,9f692c02f612c20a2b31d1f5de01a260fa0c74c9826457f169cbaaf09449ca9e,named_eddy_source_observations,named_eddy_source_observation:002,eddy:published:thor-2020,published_named_eddy_observation,,,source_identified,https://www.frontiersin.org/journals/marine-science/articles/10.3389/fmars.2022.1049645/full,Section 3.1; Figure 2,not_individually_reviewed,,,
source_relation,claim:named_eddy_source_observation:003,39f674b8e29cc698bd937fb57083b3a760175d8c75075d0b2a6e156558ca9158,named_eddy_source_observations,named_eddy_source_observation:003,eddy:published:thor-2020,published_named_eddy_observation,,,source_identified,https://repository.library.noaa.gov/view/noaa/71031,Section 3.2; Figure 2; NOAA-hosted PDF page 4,not_individually_reviewed,,,
source_relation,claim:named_eddy_source_observation:004,732479f5923ba0a509a3432e52884ca5c32c4c2dd7e50d202d71a4e9236f6a8b,named_eddy_source_observations,named_eddy_source_observation:004,eddy:published:thor-2020,published_named_eddy_observation,,,source_identified,https://repository.library.noaa.gov/view/noaa/71031,Abstract; Sections 3.2 and 3.5; Figure 2,not_individually_reviewed,,,
source_relation,claim:named_eddy_source_observation:005,0763c2c1cfe57c7fc9d3a368db90ee4b2f5d8a6e3206ad85c6469a69981b641c,named_eddy_source_observations,named_eddy_source_observation:005,eddy:published:ursa-2021,published_named_eddy_observation,,,source_identified,https://www.frontiersin.org/journals/marine-science/articles/10.3389/fmars.2022.1049645/full,Section 3.2; Figure 3,not_individually_reviewed,,,
source_relation,claim:named_eddy_source_observation:006,ebe483ac7384d7f1dd2a3cf0afb0e6bae9d858d3932e7226b577096b72e2e3e9,named_eddy_source_observations,named_eddy_source_observation:006,eddy:published:ursa-2021,published_named_eddy_observation,,,source_identified,https://repository.library.noaa.gov/view/noaa/71031,Section 3.6; Figure 19; NOAA-hosted PDF page 18,not_individually_reviewed,,,
source_relation,claim:named_eddy_source_observation:007,4750c1a0aec68bab7b152ddb58032d28402f73c7cc02ea8214fd82cceef84805,named_eddy_source_observations,named_eddy_source_observation:007,eddy:published:ursa-2021,published_named_eddy_observation,,,source_identified,https://repository.library.noaa.gov/view/noaa/71031,Section 3.6; Figure 20; NOAA-hosted PDF pages 18–19,not_individually_reviewed,,,
source_relation,claim:named_eddy_source_observation:008,9453ed16ac5b98e5d3afd7b6f42581c36228af00a1cb5e5c29bcd7c80b58590e,named_eddy_source_observations,named_eddy_source_observation:008,eddy:published:cameron-2009-observed,published_named_eddy_observation,,,source_identified,https://agupubs.onlinelibrary.wiley.com/doi/full/10.1029/2012JC007890,"Section 4.1.1, paragraphs 32–35; Figure 6; Table 2 footnote for name origin",not_individually_reviewed,,,
source_relation,claim:named_eddy_source_observation:009,e2448bcec0eaf17d5d9962e0f0ae382b3d23137c6c425e9c9f3cefa8c71fc4f6,named_eddy_source_observations,named_eddy_source_observation:009,eddy:published:darwin-2009-observed,published_named_eddy_observation,,,source_identified,https://agupubs.onlinelibrary.wiley.com/doi/full/10.1029/2012JC007890,"Section 4.1.2, paragraphs 36–40; Figure 7; Table 2 footnote for name origin",not_individually_reviewed,,,
source_relation,claim:relation:000001,1e193c63957abc3988f259b414197335ed08fb293e599831838642b16db58601,relations,relation:000001,current:gulf-stream,nasa_named_or_described_current,,,source_identified,https://svs.gsfc.nasa.gov/3827#media_group_351521,"Narration transcript 208–235 seconds, named current",not_individually_reviewed,,,
source_relation,claim:relation:000002,ba83c5fdc6c8fd1ccade184b9c246444d7259e442e284bd17e1768b79b7f4048,relations,relation:000002,current:kuroshio,nasa_named_or_described_current,,,source_identified,https://svs.gsfc.nasa.gov/3827#media_group_351523,"Narration transcript 86–115 seconds, named current",not_individually_reviewed,,,
source_relation,claim:relation:000003,133a6d8aad27b7d2bf88968feb12cd1087c736996bed752610b0047cc9c35a2e,relations,relation:000003,current:agulhas,nasa_named_or_described_current,,,source_identified,https://svs.gsfc.nasa.gov/10841#media_group_350681,"Narration transcript 147–174 seconds, named current",not_individually_reviewed,,,
source_relation,claim:relation:000004,6ab1916d93f6d8b86d569dd6d9cddf521e3ed39f3c55ae40bea4c8b91a247df3,relations,relation:000004,current:agulhas-return,independently_named_downstream_flow,,,source_associated,https://www.cfoo.co.za/seaatlas/papers/agulhas_return_current.pdf,"PDF page 2, Section 1 Introduction, paragraph explaining the Agulhas Current retroflects and remaining waters flow east as the Agulhas Return Current",not_individually_reviewed,,,
source_relation,claim:relation:000005,f02b480a79efeb6272234a3951940d310cb6cc1c1e3b3de4bae0b3af1e82970b,relations,relation:000005,current:east-australian,nasa_named_or_described_current,,,source_identified,https://svs.gsfc.nasa.gov/vis/a010000/a014700/a014745/script_37940_00.html,"Narration transcript 46–55 seconds, named current",not_individually_reviewed,,,
source_relation,claim:relation:000006,1f50878d196ab0f5929cfdae92be50ef53d5f19507f4d2075bdd7237e9c8f88a,relations,relation:000006,current:kuroshio-extension,independently_named_downstream_flow,,,source_associated,https://www.whoi.edu/science/PO/POOL/projects.html,"Kuroshio Extension System Study homepage, opening description of the Kuroshio leaving Japan as an eastward free jet",not_individually_reviewed,,,
source_relation,claim:relation:000007,2b3cb857116fed3709d2cccccbc177a7e888ae8323de9c27d653cb324a7c2206,relations,relation:000007,current:indonesian-throughflow,nasa_named_or_described_current,,,source_identified,https://svs.gsfc.nasa.gov/5425#media_group_376523,https://svs.gsfc.nasa.gov/5425#media_group_376523,not_individually_reviewed,,,
source_relation,claim:relation:000008,39eedcab4867ffbef80849f1267c3672d48683f2016dba56e4fbea5f11bea377,relations,relation:000008,current:red-sea-saline-overflow,nasa_named_or_described_current,,,source_identified,https://svs.gsfc.nasa.gov/5425#media_group_376523,https://svs.gsfc.nasa.gov/5425#media_group_376523,not_individually_reviewed,,,
source_relation,claim:relation:000009,12821b5e0bd5ade7a6222dff00c49523e8c4cc085a7d2a770f9f503aa77c4efa,relations,relation:000009,current:persian-gulf-saline-overflow,nasa_named_or_described_current,,,source_identified,https://svs.gsfc.nasa.gov/5425#media_group_376523,https://svs.gsfc.nasa.gov/5425#media_group_376523,not_individually_reviewed,,,
source_relation,claim:relation:000010,a7fdbf1840499944167c60905268aa3945caec933075ea4881f6db12947ec5b2,relations,relation:000010,current:mindanao-current,independently_named_upstream_feeder,,,source_associated,https://doi.org/10.1029/2011JC007477,Section 1 Introduction [4] and Figure 1 pathway description: Mindanao Current feeds the Indonesian Throughflow,not_individually_reviewed,,,
source_relation,claim:relation:000011,f6f52c3e1f0c554a737d0bd07ac64bed905ec3f1d415614ea0de1a592959b74d,relations,relation:000011,current:ligurian,named_regional_segment_of,,,source_associated,https://os.copernicus.org/articles/14/689/2018/,"Section 1 Introduction, paragraph beginning 'The Liguro–Provençal–Catalan Current': Northern Current forms in the Ligurian Sea and continues along the Provençal and Balearic slopes; segment classification is OSW editorial",not_individually_reviewed,,,
source_relation,claim:relation:005686,fe40de5b7f1b1686db914edfbc4f05519b0f6281f9662a13b27c7a1379276e64,relations,relation:005686,current:northern-mediterranean,source_reported_local_current_presence,,,source_associated,https://os.copernicus.org/articles/14/689/2018/,"Abstract; Sections 3.2, 3.4, 3.7 and 4; Figures 1–6",not_individually_reviewed,,,
source_relation,claim:relation:005687,29414ef509e72247479b80ab92c18d1e64247031462aef400e319415b9e1b9a2,relations,relation:005687,current:canary,source_reported_local_current_presence,,,source_associated,https://doi.org/10.1002/jgrc.20227,Abstract; section 6; 29°N ORCA section,not_individually_reviewed,,,
source_relation,claim:relation:005688,9ff8f660ad5b19f5f61b362cbf4f1e9182c245fb4d3de38cb63d1b4e431bc1c2,relations,relation:005688,current:canary,source_reported_local_current_presence,,,source_associated,https://doi.org/10.1002/jgrc.20227,Abstract; section 6; 29°N ORCA section,not_individually_reviewed,,,
source_relation,claim:relation:005689,3f0162501145d41644fea1e7a2b945745ae6848e84c4035b2463c9195af45fac,relations,relation:005689,current:portugal,source_reported_local_current_presence,,,source_associated,https://doi.org/10.1002/jgrc.20227,Portugal Current discussion; 37°N ORCA section,not_individually_reviewed,,,
source_relation,claim:relation:005690,1c0ae9faf2c234de6882a4fc6062d9db6844bda8ffcc1806d0e996322d780531,relations,relation:005690,current:azores,source_reported_local_current_presence,,,source_associated,https://doi.org/10.1029/2011JC007129,"Abstract; section 2, paragraph 6; 24.5°W ORCA section",not_individually_reviewed,,,
source_relation,claim:relation:005691,7d0c51fe81d9a4dfa68b0ed3ac8d3272fc84824912ef7d3660f8db4dc80063ad,relations,relation:005691,current:azores-countercurrent,source_reported_local_current_presence,,,source_associated,https://doi.org/10.1029/2011JC007129,"Abstract; section 2, paragraph 6; 24.5°W ORCA section",not_individually_reviewed,,,
source_relation,claim:relation:005702,842c0935f37e2a83a98a409ca078ccc88d61facbb09a9fce1dbd722447ecb845,relations,relation:005702,current:alaska-coastal-gulf,source_reported_local_current_presence,,,source_associated,https://doi.org/10.1016/j.dsr2.2015.12.016,"Published article, PDF page 4 (printed page 26), Table 1 caption, 10 May-15 July 1989 sea-valley exception; PDF page 5 (printed page 27), section 2.2, mooring-array location in 1989; section 3.3 describes the coastal-current transport context. Published PDF: https://workspace.aoos.org/files/2656915/Stabeno_etal_2016_Longterm_Obs_ACC.pdf",not_individually_reviewed,,,
source_relation,claim:relation:005759,d38baa83953c8d43f7f4d2120e07f7c10336a31806fe8fad4f28274de278cbca,relations,relation:005759,current:antarctic-slope,source_distinguished_current,,,source_associated,https://doi.org/10.1029/2018RG000624,Section 1.1 ASC Characteristics; Figure 2 caption and circumpolar-continuity discussion,not_individually_reviewed,,,
source_relation,claim:relation:005760,6f793bfdbf30abc4f7d0ef0b6e6c29bdda263f236f835a54b9576d9d51ada507,relations,relation:005760,current:antarctic-slope,source_distinguished_current,,,source_associated,https://doi.org/10.1029/2018RG000624,Section 1.1 ASC Characteristics; Figure 2 caption and circumpolar-continuity discussion,not_individually_reviewed,,,
source_relation,claim:relation:005761,3ed7004934cea6790ac3f17465d2d086537440061d4e911de0b5212b580da78e,relations,relation:005761,current:kuroshio,source_reported_local_current_presence,,,source_associated,https://www.frontiersin.org/journals/marine-science/articles/10.3389/fmars.2025.1675413/full,Abstract; section 2 Data and method; section 3.1 Mean structure; Figures 1-3,not_individually_reviewed,,,
other_external_claim,claim:diagnosed_current_path:2026-09-25:gulf-stream-western-north-atlantic-reach,48f15ff152a7986510c049bef1b9f57aa3d8ed1771d9df042a7aa6f4d5f0720d,diagnosed_current_path_observations,diagnosed_current_path:2026-09-25:gulf-stream-western-north-atlantic-reach,current:gulf-stream-system,dated_geostrophic_streamline_reach,2277.3,km,derived_field,https://coastwatch.noaa.gov/data/pub0015/coastwatch/rads/sla/2026/rads_global_nrt_sla_20260925_20260926_001.nc,"NetCDF ugos/vgos[time=0], 2026-09-25 daily field; see pinned subset and integration method",not_individually_reviewed,,,
other_external_claim,claim:footprint_candidate:kraken:2013-05-29,00e238f185841c2b4909585cba38864ff4ca047ca66aac8ae43ba4d7da29caac,named_eddy_footprint_candidates,footprint_candidate:kraken:2013-05-29,eddy:published:kraken-2013,dated_figure_ssh_footprint_candidate,,,figure_digitized,https://www.nature.com/articles/s41598-018-29582-5,"Figure 2, 29 May 2013 panel, outermost closed blue instantaneous SSH contour",not_individually_reviewed,,,
other_external_claim,claim:footprint_movie_context:footprint_candidate:kraken:2013-05-29:level0_A_1,49af4363592cd6b49b3ea21791f8bc311eed539956fa36ecded1ad1d995d351b,footprint_movie_context,footprint_movie_context:footprint_candidate:kraken:2013-05-29:level0_A_1,eddy:published:kraken-2013,figure_footprint_movie_geographic_context,,,atlas_geometry,https://svs.gsfc.nasa.gov/5505,NASA picker crop level0_A_1; bounds and movie address in pinned crop ledger,not_individually_reviewed,,,
other_external_claim,claim:footprint_movie_context:footprint_candidate:kraken:2013-05-29:level0_B_1,e2dcac22f5d9108529ac7770c2c56393fcd36800f5403980e4ac74e336856406,footprint_movie_context,footprint_movie_context:footprint_candidate:kraken:2013-05-29:level0_B_1,eddy:published:kraken-2013,figure_footprint_movie_geographic_context,,,atlas_geometry,https://svs.gsfc.nasa.gov/5505,NASA picker crop level0_B_1; bounds and movie address in pinned crop ledger,not_individually_reviewed,,,
other_external_claim,claim:footprint_movie_context:footprint_candidate:kraken:2013-05-29:level1_A_1,452dc732bbfddaf76bf9869e60d7e6032aa307dd910bcaece3a349bbed993b92,footprint_movie_context,footprint_movie_context:footprint_candidate:kraken:2013-05-29:level1_A_1,eddy:published:kraken-2013,figure_footprint_movie_geographic_context,,,atlas_geometry,https://svs.gsfc.nasa.gov/5505,NASA picker crop level1_A_1; bounds and movie address in pinned crop ledger,not_individually_reviewed,,,
other_external_claim,claim:footprint_movie_context:footprint_candidate:kraken:2013-05-29:level1_A_2,042e0e92293821e9cf680d7f461dec5b5cdfdd90eadd06d7167d500498b3531c,footprint_movie_context,footprint_movie_context:footprint_candidate:kraken:2013-05-29:level1_A_2,eddy:published:kraken-2013,figure_footprint_movie_geographic_context,,,atlas_geometry,https://svs.gsfc.nasa.gov/5505,NASA picker crop level1_A_2; bounds and movie address in pinned crop ledger,not_individually_reviewed,,,
other_external_claim,claim:footprint_movie_context:footprint_candidate:kraken:2013-05-29:level1_D_1,976c3509e24b6f247a384ae86b82c12fa5ed53d3a720d75762c295a1a9ea2854,footprint_movie_context,footprint_movie_context:footprint_candidate:kraken:2013-05-29:level1_D_1,eddy:published:kraken-2013,figure_footprint_movie_geographic_context,,,atlas_geometry,https://svs.gsfc.nasa.gov/5505,NASA picker crop level1_D_1; bounds and movie address in pinned crop ledger,not_individually_reviewed,,,
other_external_claim,claim:footprint_movie_context:footprint_candidate:kraken:2013-05-29:level1_D_2,0b7e3f4d86dc020eab0567d37bb5c0d96ab31102532b20a0c489d5ecf29ebd27,footprint_movie_context,footprint_movie_context:footprint_candidate:kraken:2013-05-29:level1_D_2,eddy:published:kraken-2013,figure_footprint_movie_geographic_context,,,atlas_geometry,https://svs.gsfc.nasa.gov/5505,NASA picker crop level1_D_2; bounds and movie address in pinned crop ledger,not_individually_reviewed,,,
other_external_claim,claim:footprint_movie_context:footprint_candidate:kraken:2013-05-29:level2_A_2,f6ae9326e9ee126ca0fe771185f00ebf9a51a156ab301bd085a173a35f1e3fdf,footprint_movie_context,footprint_movie_context:footprint_candidate:kraken:2013-05-29:level2_A_2,eddy:published:kraken-2013,figure_footprint_movie_geographic_context,,,atlas_geometry,https://svs.gsfc.nasa.gov/5505,NASA picker crop level2_A_2; bounds and movie address in pinned crop ledger,not_individually_reviewed,,,
other_external_claim,claim:footprint_movie_context:footprint_candidate:kraken:2013-05-29:level2_A_3,b8f4533baa4b1ee0d192722338c8c118c0c890e50ca6d02dffdc5d71e5e07bea,footprint_movie_context,footprint_movie_context:footprint_candidate:kraken:2013-05-29:level2_A_3,eddy:published:kraken-2013,figure_footprint_movie_geographic_context,,,atlas_geometry,https://svs.gsfc.nasa.gov/5505,NASA picker crop level2_A_3; bounds and movie address in pinned crop ledger,not_individually_reviewed,,,
other_external_claim,claim:footprint_movie_context:footprint_candidate:kraken:2013-05-29:level2_B_2,fc2788b8c54a7a8c73d28edb255b1549bcd3008340dbbaecfd83b7dd31ef0614,footprint_movie_context,footprint_movie_context:footprint_candidate:kraken:2013-05-29:level2_B_2,eddy:published:kraken-2013,figure_footprint_movie_geographic_context,,,atlas_geometry,https://svs.gsfc.nasa.gov/5505,NASA picker crop level2_B_2; bounds and movie address in pinned crop ledger,not_individually_reviewed,,,
other_external_claim,claim:footprint_movie_context:footprint_candidate:kraken:2013-05-29:level2_B_3,cc45f4e12eb8e298590985ec2840f72c6a2d24138612a4c5ee8d9977015affcf,footprint_movie_context,footprint_movie_context:footprint_candidate:kraken:2013-05-29:level2_B_3,eddy:published:kraken-2013,figure_footprint_movie_geographic_context,,,atlas_geometry,https://svs.gsfc.nasa.gov/5505,NASA picker crop level2_B_3; bounds and movie address in pinned crop ledger,not_individually_reviewed,,,
other_external_claim,claim:measurement:0002,aa38fd9ebd2d063c151c981643012db802eb122dd1e8924ef0c71febf9e9dbc3,measurements,measurement:0002,current:acc,alternate_reported_length,21000,km,source_specific_variant,https://www.nasa.gov/centers-and-facilities/jpl/seal-takes-ocean-heat-transport-data-to-new-depths/,"NASA/JPL article, paragraph beginning The Antarctic Circumpolar Current flows in a loop (13,000 miles / 21,000 km)",not_individually_reviewed,,,
other_external_claim,claim:measurement:0005,fd46d80b3811d21246e77f60c7cd99275405c066716372c322a530d47ace5cd0,measurements,measurement:0005,current:gulf-stream,sampled_alongflow_reach,2000,km,section_or_sample_only,https://doi.org/10.1029/2024GL111000,"PDF page 3, Section 2.1 Underwater Glider Data and Methods, paragraph on 52 missions sampling a roughly 2,000 km Gulf Stream reach",not_individually_reviewed,,,
other_external_claim,claim:measurement:0007,3a2dfe86484b0c993ed3314f5027f068da0d37d3b431a0ce0c7ccd5871aa1080,measurements,measurement:0007,current:agulhas,length_lower_bound,1400,km,derived_lower_bound,https://www.frontiersin.org/journals/marine-science/articles/10.3389/fmars.2022.837906/full,"Section The Agulhas Current, opening paragraph (27–40°S); 1,400 km floor is OSW meridional gate geometry",not_individually_reviewed,,,
other_external_claim,claim:measurement:0008,d47926559f96a3dc28183e50575cce31407aaa90d9f2901e0504198da44268ce,measurements,measurement:0008,current:agulhas,alternate_reported_length,1000,km,source_specific_variant,https://bg.copernicus.org/articles/18/5967/2021/,"Section 2.1.1 Background, opening paragraph (1,000 km western boundary current)",not_individually_reviewed,,,
other_external_claim,claim:measurement:0009,0a5cc314121cd3c8a804069666fad9356ecc938e8d2c715468c41f672502cdb1,measurements,measurement:0009,current:agulhas-return,length_lower_bound,3000,km,derived_lower_bound,https://www.cfoo.co.za/seaatlas/papers/agulhas_return_current.pdf,"PDF pages 20–22, Figure 14 and Section 6 Conclusions, Agulhas Return Current surveyed eastward from 18°E to 76°E; 3,000 km floor is OSW gate geometry",not_individually_reviewed,,,
other_external_claim,claim:measurement:0010,1469204e801eb207f80c6e7757a8f054df574be07e381d1de7127dc7c6ce9171,measurements,measurement:0010,current:east-australian,length_lower_bound,1800,km,derived_lower_bound,https://gmd.copernicus.org/articles/19/3853/2026/,"Section 1 Introduction, opening EAC paragraph (15–32°S); 1,800 km floor is OSW meridional gate geometry",not_individually_reviewed,,,
other_external_claim,claim:measurement:0012,50417b34a777824911085bdec2956fb4a6b8823fd426eae47ab7208b2ddae435,measurements,measurement:0012,current:greenland-middle-atlantic-shelf-hypothesis,proposed_system_length,5000,km,proposed_system_length,https://doi.org/10.1175/1520-0485(1989)019%3C0384:OTOOSW%3E2.0.CO;2,"Abstract, proposed 5,000 km buoyancy-driven coastal current from southern Greenland to the Middle Atlantic Bight",not_individually_reviewed,,,
other_external_claim,claim:measurement:0013,a9fc494fca0a1d10bb019c0a9a2c59d81626c7e5ea08a0e29f286db30480dfbb,measurements,measurement:0013,current:azores,section_cross_stream_width,110,km,section_or_sample_only,https://doi.org/10.1029/2011JC007129,"Abstract [1] and Section 4 Discussion and Conclusions [15], October 2009 section at 24.5°W; each current has 110 km meridional width",not_individually_reviewed,,,
other_external_claim,claim:measurement:0014,e5ea00c8a565b4253252b809506ec3bbf5048a78feb6e9ddaf8883da1e764706,measurements,measurement:0014,current:azores-countercurrent,section_cross_stream_width,110,km,section_or_sample_only,https://doi.org/10.1029/2011JC007129,"Abstract [1] and Section 4 Discussion and Conclusions [15], October 2009 section at 24.5°W; each current has 110 km meridional width",not_individually_reviewed,,,
other_external_claim,claim:measurement:0016,479287ebaf5b37e0302649618a3c450b7ebe2e4a85922e5963828a7494535a79,measurements,measurement:0016,current:east-greenland,length_lower_bound,2100,km,derived_lower_bound,https://doi.org/10.1029/2023JC019890,"Section 2, paragraph defining East Greenland shelf from Fram Strait 78.5°N to Cape Farewell 59°N; 2,100 km floor is OSW meridional gate geometry",not_individually_reviewed,,,
other_external_claim,claim:measurement:0017,dbb056932615880ece12d84f342c40047d03e75cb6353581d7985cdce1030b0c,measurements,measurement:0017,current:east-greenland-coastal,sampled_alongflow_reach,1000,km,section_or_sample_only,https://www.whoi.edu/cms/files/Sutherland_EGCC_revised_withfigs_33743.pdf,"PDF page 36, Conclusions opening paragraph (current along entire 1,000 km southeast Greenland shelf)",not_individually_reviewed,,,
other_external_claim,claim:measurement:0018,427b7d0c5e7e6a0e3d9021d32296b6ae9a262df5e7978d3ee89b943bdb803d0f,measurements,measurement:0018,current:leeuwin,length_lower_bound,2000,km,published_lower_bound,https://api.research-repository.uwa.edu.au/ws/portalfiles/portal/12257343/THESIS_DOCTOR_OF_PHILOSOPHY_ONG_Jia_Lin_Joyce_2017.pdf,"PDF page 108 (viewer page including cover); source states more than 2,000 km",not_individually_reviewed,,,
other_external_claim,claim:measurement:0021,b1639f70c978c5ef338b0e57429707154bf2656005b50af524278f6120c522a7,measurements,measurement:0021,current:pacific-equatorial-undercurrent,alternate_reported_length,13000,km,source_specific_variant,https://doi.org/10.1080/03091929.2015.1066785,"Introduction, opening Equatorial Undercurrent description, entire Pacific equatorial length about 13,000 km",not_individually_reviewed,,,
other_external_claim,claim:measurement:0022,375637b6191a88bd47fa85bc1fbdefcc99aada10dc987ce6df18d1e8cc4d820d,measurements,measurement:0022,eddy:geography:lilian-2006,travel_lower_bound,5500,km,source_reported,https://data.coaps.fsu.edu/pub/eric/papers_html/Guerra_et_al_18.pdf,"PDF page 7, paragraph before Section 4 Conclusions (3.5-year lifetime and journey of more than 5,500 km); Section 3.2 and Figure 1 identify Ring Lilian",not_individually_reviewed,,,
other_external_claim,claim:measurement:0023,3d71cceefee8b631a3de0b3f719b6b8cf58bb0c3328464585b691a590f1f3c33,measurements,measurement:0023,eddy:geography:lilian-2006,reported_lifetime,3.5,years,source_reported,https://data.coaps.fsu.edu/pub/eric/papers_html/Guerra_et_al_18.pdf,"PDF page 7, paragraph before Section 4 Conclusions (3.5-year lifetime and journey of more than 5,500 km); Section 3.2 and Figure 1 identify Ring Lilian",not_individually_reviewed,,,
other_external_claim,claim:measurement:0024,efd3afdcaf4dc4f5ac29d6befd98cc3e3c17455bc6ae9ac625daa498878d9dd7,measurements,measurement:0024,current:gulf-stream-system,dated_geostrophic_streamline_reach,2277.3,km,dated_diagnosed_partial_reach,https://coastwatch.noaa.gov/data/pub0015/coastwatch/rads/sla/2026/rads_global_nrt_sla_20260925_20260926_001.nc,"NetCDF ugos/vgos[time=0], 2026-09-25 daily field; see pinned subset and integration method",not_individually_reviewed,,,
other_external_claim,claim:measurement:0025,ac379da172a4216b915ea9e25df88239689550b2a13ef2ce8861905e53bc1f7d,measurements,measurement:0025,current:benguela,length_lower_bound,1200,km,derived_lower_bound,https://os.copernicus.org/articles/19/1009/2023/,"Section 3.1.3 and Figure 5, Benguela Current system at 30°S, 24°S, and 19°S; OSW WGS84 meridional gate calculation",not_individually_reviewed,,,
other_external_claim,claim:measurement:0026,ffb4e18d66068f7cb543458b2038f99d7b86271950f728fc9af16fc1d11f6f18,measurements,measurement:0026,current:brazil,length_lower_bound,1200,km,derived_lower_bound,https://os.copernicus.org/articles/19/1009/2023/,"Section 3.1.2 and Figure 5, Brazil Current at 19°S, 24°S, and 30°S; OSW WGS84 meridional gate calculation",not_individually_reviewed,,,
other_external_claim,claim:measurement:0027,1b6708ef377ca3b1fb58f9b954110503a38cc9087b8b0b97f3d5ea7b6630a671,measurements,measurement:0027,current:deep-western-boundary,length_lower_bound,2400,km,derived_lower_bound,https://os.copernicus.org/articles/19/1009/2023/,"Section 3.2.3 and Figure 8, DWBC at 47°N, 36°N, and 24.5°N; OSW WGS84 meridional gate calculation",not_individually_reviewed,,,
other_external_claim,claim:named_eddy_state:eddy:published:cameron-2009-observed:state:CAMR,7fd03ed60a7c0eae24153111f2bff43cc327879e6086bce88c0fe2756f858190,named_eddy_state_assessments,named_eddy_state:eddy:published:cameron-2009-observed:state:CAMR,eddy:published:cameron-2009-observed,named_eddy_state_assessment,,,published_observed_center_point_candidate,https://agupubs.onlinelibrary.wiley.com/doi/full/10.1029/2012JC007890,"Section 4.1.1, paragraph 32; Figure 6a",not_individually_reviewed,,,
other_external_claim,claim:operational_eddy_state_observation:C26001:NADR,9b702aa2a25f878a88a4e82a82a86a0714c859d16c112dc7c4add73cd0a4d952,operational_eddy_state_observations,operational_eddy_state_observation:C26001:NADR,navo-freddies:2026-09-25:C26001,contained_in_approximate_state,,,observed_geometry,https://www.ncei.noaa.gov/jag/navy/data/satellite_analysis/nafreddy.zip,"nlant_eddies_268_2026.shp/.dbf, provider code C26001",not_individually_reviewed,,,
other_external_claim,claim:operational_eddy_state_observation:C26002:NADR,985cf19de0c35d0c68097d360a112e6a442414ce348c7e4a0b2af2af5f43985f,operational_eddy_state_observations,operational_eddy_state_observation:C26002:NADR,navo-freddies:2026-09-25:C26002,contained_in_approximate_state,,,observed_geometry,https://www.ncei.noaa.gov/jag/navy/data/satellite_analysis/nafreddy.zip,"nlant_eddies_268_2026.shp/.dbf, provider code C26002",not_individually_reviewed,,,
other_external_claim,claim:operational_eddy_state_observation:W26001:GFST,c839c7077f4e0d61307036670f4de08dcbfedc3e6c4a23d75960b9c723a84f72,operational_eddy_state_observations,operational_eddy_state_observation:W26001:GFST,navo-freddies:2026-09-25:W26001,contained_in_approximate_state,,,observed_geometry,https://www.ncei.noaa.gov/jag/navy/data/satellite_analysis/nafreddy.zip,"nlant_eddies_268_2026.shp/.dbf, provider code W26001",not_individually_reviewed,,,
other_external_claim,claim:operational_eddy_state_observation:W26002:NWCS,55fd75b7fbe1cd0562e5bb159ed23ec668c5616be73b7cf8414196a0b8ba88cd,operational_eddy_state_observations,operational_eddy_state_observation:W26002:NWCS,navo-freddies:2026-09-25:W26002,contained_in_approximate_state,,,observed_geometry,https://www.ncei.noaa.gov/jag/navy/data/satellite_analysis/nafreddy.zip,"nlant_eddies_268_2026.shp/.dbf, provider code W26002",not_individually_reviewed,,,
other_external_claim,claim:relation:000109,cb5d2c180206607110cfa47c99f08788b5dc35f356b6eec91e58706325874b8d,relations,relation:000109,eddy:published:cameron-2009-observed,published_dated_center_point_candidate_only,,,source_reported_point_projected_to_atlas,https://agupubs.onlinelibrary.wiley.com/doi/full/10.1029/2012JC007890,"Section 4.1.1, paragraph 32; Figure 6a",not_individually_reviewed,,,
other_external_claim,claim:relation:005692,1bf05f210c2150252aba35c65cc92a5e521eee8c0c1e2110464c712860a16c0f,relations,relation:005692,current:gulf-stream-system,dated_geostrophic_streamline_segment_intersection,,,derived_field,https://coastwatch.noaa.gov/data/pub0015/coastwatch/rads/sla/2026/rads_global_nrt_sla_20260925_20260926_001.nc,"NetCDF ugos/vgos[time=0], 2026-09-25 daily field; see pinned subset and integration method",not_individually_reviewed,,,
other_external_claim,claim:relation:005693,6863df1ba38358979c15a3819877bdf8c22f2ad0199c43f7f1e3e85717d256db,relations,relation:005693,current:gulf-stream-system,dated_geostrophic_streamline_segment_intersection,,,derived_field,https://coastwatch.noaa.gov/data/pub0015/coastwatch/rads/sla/2026/rads_global_nrt_sla_20260925_20260926_001.nc,"NetCDF ugos/vgos[time=0], 2026-09-25 daily field; see pinned subset and integration method",not_individually_reviewed,,,
other_external_claim,claim:relation:005694,8e33563325a6a72eb1c22df8b0b17cfd6ca37e1fff553d19db66c20b83712e03,relations,relation:005694,current:gulf-stream-system,dated_surface_front_intersection,,,observed_geometry,https://ocean.weather.gov/gulf_stream_text.php,"2026-09-28 NAVO frontal bulletin, north wall coordinate list",not_individually_reviewed,,,
other_external_claim,claim:relation:005695,ada7c4b5f4cec620ec0293758dbe6e7684eb413e2ed22a4ca74361f5b9c47850,relations,relation:005695,current:gulf-stream-system,dated_surface_front_intersection,,,observed_geometry,https://ocean.weather.gov/gulf_stream_text.php,"2026-09-28 NAVO frontal bulletin, south wall coordinate list",not_individually_reviewed,,,
other_external_claim,claim:relation:005696,9191e853cc9cd4e765278c72b392cb41b70eb3c622268720c41aa3ecad6617bb,relations,relation:005696,current:gulf-stream-system,dated_surface_front_intersection,,,observed_geometry,https://ocean.weather.gov/gulf_stream_text.php,"2026-09-28 NAVO frontal bulletin, north wall coordinate list",not_individually_reviewed,,,
other_external_claim,claim:relation:005697,e123021a236be2611cc46616c076a11d1cd0c4187098551aecc449c0ed1980d2,relations,relation:005697,current:gulf-stream-system,dated_surface_front_intersection,,,observed_geometry,https://ocean.weather.gov/gulf_stream_text.php,"2026-09-28 NAVO frontal bulletin, south wall coordinate list",not_individually_reviewed,,,
other_external_claim,claim:relation:005698,846467f1aa92c043169652297d6c52c3a2c914ce526b4d7cf9639d6b232f9aa6,relations,relation:005698,current:gulf-stream-system,dated_surface_front_intersection,,,observed_geometry,https://ocean.weather.gov/gulf_stream_text.php,"2026-09-28 NAVO frontal bulletin, north wall coordinate list",not_individually_reviewed,,,
other_external_claim,claim:relation:005699,2fdefb336a702f535aeaf254ec82a65f7f6f6755dee5099895fb5b6b3276d31b,relations,relation:005699,current:gulf-stream-system,dated_surface_front_intersection,,,observed_geometry,https://ocean.weather.gov/gulf_stream_text.php,"2026-09-28 NAVO frontal bulletin, north wall coordinate list",not_individually_reviewed,,,
other_external_claim,claim:relation:005700,35af34a4c6a0eb96a2a43eff59984620fe6277b4ca7252047482648ac4d994cc,relations,relation:005700,current:gulf-stream-system,dated_surface_front_intersection,,,observed_geometry,https://ocean.weather.gov/gulf_stream_text.php,"2026-09-28 NAVO frontal bulletin, north wall coordinate list",not_individually_reviewed,,,
other_external_claim,claim:relation:005701,84bfe8056848664bbac32d4c0e6ad5f0aa322c9ad4ce5328d55f6d8afcde980f,relations,relation:005701,current:gulf-stream-system,dated_surface_front_intersection,,,observed_geometry,https://ocean.weather.gov/gulf_stream_text.php,"2026-09-28 NAVO frontal bulletin, south wall coordinate list",not_individually_reviewed,,,
