almanac_url,basin,id,identity_level,identity_limit,identity_scope_note,label,motion_form,observation_date,provider_code,provider_rotation,provider_type,setting,source_id,source_kind,source_record_id,source_snapshot_id,time_behavior,type,vertical_setting
index.html#current-acc,Southern Ocean,current:acc,system,,,Antarctic Circumpolar Current,,,,,,circumpolar,source:7552dcff0cd8af01,circumpolar current system,acc,,persistent_variable,named_current,
index.html#current-antarctic-coastal,Southern Ocean,current:antarctic-coastal,system,,,Antarctic Coastal Current (East Wind Drift),,,,,,polar_or_subpolar_margin,source:684ab289bee1d7dd,westward polar coastal current,antarctic-coastal,,persistent_variable,named_current,
index.html#current-california,North Pacific,current:california,system,,,California Current,,,,,,eastern_boundary,source:7552dcff0cd8af01,eastern boundary current system,california,,persistent_variable,named_current,
index.html#current-gulf-stream-system,North Atlantic,current:gulf-stream-system,system,,,Gulf Stream System,,,,,,western_boundary,source:4556886a82d6f61a,multi-segment current system,gulf-stream-system,,persistent_variable,named_current,
index.html#current-gulf-stream,North Atlantic,current:gulf-stream,current,,,Gulf Stream,,,,,,western_boundary,source:7552dcff0cd8af01,western boundary current,gulf-stream,,persistent_variable,named_current,
index.html#current-kuroshio,North Pacific,current:kuroshio,current,,,Kuroshio Current,,,,,,western_boundary,source:7552dcff0cd8af01,western boundary current,kuroshio,,persistent_variable,named_current,
index.html#current-agulhas,Indian Ocean,current:agulhas,current,,,Agulhas Current,,,,,,western_boundary,source:7552dcff0cd8af01,western boundary current,agulhas,,persistent_variable,named_current,
index.html#current-agulhas-return,South Indian Ocean,current:agulhas-return,current,,,Agulhas Return Current,,,,,,basin_interior_or_extension,source:0623dc4aeee7fc02,eastward frontal return current,agulhas-return,,persistent_variable,named_current,
index.html#current-east-australian,South Pacific,current:east-australian,current,,,East Australian Current,,,,,,western_boundary,source:7552dcff0cd8af01,western boundary current,east-australian,,persistent_variable,named_current,
index.html#current-tasman-front,Tasman Sea / South Pacific,current:tasman-front,segment,,,Tasman Front,,,,,,basin_interior_or_extension,source:a27aa78cffac61c5,eastward frontal current downstream of the East Australian Current,tasman-front,,persistent_variable,named_current,
index.html#current-peru-humboldt,South Pacific,current:peru-humboldt,system,,,Peru (Humboldt) Current,,,,,,eastern_boundary,source:7552dcff0cd8af01,eastern boundary current system,peru-humboldt,,persistent_variable,named_current,
index.html#current-benguela,South Atlantic,current:benguela,system,,,Benguela Current,,,,,,eastern_boundary,source:7552dcff0cd8af01,eastern boundary current system,benguela,,persistent_variable,named_current,
index.html#current-canary,North Atlantic,current:canary,current,,,Canary Current,,,,,,eastern_boundary,source:7552dcff0cd8af01,eastern boundary current,canary,,persistent_variable,named_current,
index.html#current-labrador,North Atlantic,current:labrador,current,,,Labrador Current,,,,,,polar_or_subpolar_margin,source:7552dcff0cd8af01,subpolar boundary current,labrador,,persistent_variable,named_current,
index.html#current-greenland-middle-atlantic-shelf-hypothesis,Northwest Atlantic shelves,current:greenland-middle-atlantic-shelf-hypothesis,system,,,Greenland–Middle Atlantic shelf-current hypothesis,,,,,,coastal_or_shelf,source:bcde6ef21698b592,proposed buoyancy-driven coastal current system,greenland-middle-atlantic-shelf-hypothesis,,unresolved,named_current,
index.html#current-brazil,South Atlantic,current:brazil,current,,,Brazil Current,,,,,,western_boundary,source:7552dcff0cd8af01,western boundary current,brazil,,persistent_variable,named_current,
index.html#current-north-atlantic,North Atlantic,current:north-atlantic,system,,,North Atlantic Current,,,,,,basin_interior_or_extension,source:4556886a82d6f61a,northeastward current system segment,north-atlantic,,persistent_variable,named_current,
index.html#current-deep-western-boundary,North Atlantic segment,current:deep-western-boundary,current,,,Deep Western Boundary Current,,,,,,western_boundary,source:42156fea28b90430,deep western boundary current,deep-western-boundary,,persistent_variable,named_current,
index.html#current-azores,North Atlantic,current:azores,current,,,Azores Current,,,,,,basin_interior_or_extension,source:0567b05988a08497,eastward subtropical jet,azores,,unresolved,named_current,
index.html#current-azores-countercurrent,North Atlantic,current:azores-countercurrent,current,,,Azores Countercurrent,,,,,,basin_interior_or_extension,source:0567b05988a08497,subsurface westward countercurrent,azores-countercurrent,,unresolved,named_current,
index.html#current-portugal,Northeast Atlantic,current:portugal,current,,,Portugal Current,,,,,,eastern_boundary,source:5e15162e37e784c4,southward offshore current,portugal,,persistent_variable,named_current,
index.html#current-mediterranean-undercurrent,Gulf of Cádiz / southwest Iberian Atlantic margin,current:mediterranean-undercurrent,current,,,Mediterranean Undercurrent,,,,,,coastal_or_shelf,source:6ea3cd5870f43794,intermediate-depth boundary undercurrent,mediterranean-undercurrent,,persistent_variable,named_current,
index.html#current-east-adriatic,Eastern Adriatic Sea,current:east-adriatic,current,,,East Adriatic Current,,,,,,coastal_or_shelf,source:3e2342907046ec3a,northwestward coastal boundary current,east-adriatic,,persistent_variable,named_current,
index.html#current-black-sea-rim,Black Sea,current:black-sea-rim,system,,,Black Sea Rim Current,,,,,,coastal_or_shelf,source:3b0a93ecf03b2565,cyclonic basin-margin current system,black-sea-rim,,persistent_variable,named_current,
index.html#current-loop,Gulf of Mexico,current:loop,segment,,,Loop Current,,,,,,western_boundary,source:d35c9b294dd4c44b,western boundary current segment,loop,,persistent_variable,named_current,
index.html#current-florida,North Atlantic,current:florida,segment,,,Florida Current,,,,,,western_boundary,source:4556886a82d6f61a,western boundary current segment,florida,,persistent_variable,named_current,
index.html#current-north-brazil,Tropical Atlantic,current:north-brazil,current,,,North Brazil Current,,,,,,western_boundary,source:19cbc90a75fc8672,western boundary current,north-brazil,,persistent_variable,named_current,
index.html#current-alaska,North Pacific,current:alaska,current,,,Alaska Current,,,,,,polar_or_subpolar_margin,source:4556886a82d6f61a,subpolar boundary current,alaska,,persistent_variable,named_current,
index.html#current-aleutian,Subpolar North Pacific,current:aleutian,current,,,Aleutian Current,,,,,,polar_or_subpolar_margin,source:0375be18f8dd88c4,eastward subpolar-gyre current,aleutian,,persistent_variable,named_current,
index.html#current-antilles,North Atlantic,current:antilles,current,,,Antilles Current,,,,,,regional,source:4556886a82d6f61a,regional current with disputed northern surface expression,antilles,,unresolved,named_current,
index.html#current-davidson,North Pacific,current:davidson,current,,,Davidson Current,,,,,,coastal_or_shelf,source:4556886a82d6f61a,seasonal coastal current,davidson,,seasonal,named_current,
index.html#current-east-greenland,Arctic / North Atlantic,current:east-greenland,current,,,East Greenland Current,,,,,,polar_or_subpolar_margin,source:4556886a82d6f61a,polar boundary current,east-greenland,,persistent_variable,named_current,
index.html#current-east-greenland-coastal,Southeast Greenland shelf,current:east-greenland-coastal,current,,,East Greenland Coastal Current,,,,,,coastal_or_shelf,source:04dec95aff3639e3,low-salinity inner-shelf coastal jet,east-greenland-coastal,,persistent_variable,named_current,
index.html#current-falkland,South Atlantic,current:falkland,current,,,Falkland (Malvinas) Current,,,,,,polar_or_subpolar_margin,source:4556886a82d6f61a,subpolar boundary current,falkland,,persistent_variable,named_current,
index.html#current-guiana,Tropical Atlantic,current:guiana,current,,,Guiana Current,,,,,,regional,source:4556886a82d6f61a,regional current,guiana,,unresolved,named_current,
index.html#current-guinea,Tropical Atlantic,current:guinea,current,,,Guinea Current,,,,,,regional,source:4556886a82d6f61a,regional current,guinea,,unresolved,named_current,
index.html#current-irminger,North Atlantic,current:irminger,current,,,Irminger Current,,,,,,polar_or_subpolar_margin,source:4556886a82d6f61a,subpolar current,irminger,,unresolved,named_current,
index.html#current-kuroshio-extension,North Pacific,current:kuroshio-extension,segment,,,Kuroshio Extension,,,,,,basin_interior_or_extension,source:13d1b8683576e2c9,current extension,kuroshio-extension,,persistent_variable,named_current,
index.html#current-monsoon,Indian Ocean,current:monsoon,current,,,Monsoon Current,,,,,,regional,source:4556886a82d6f61a,seasonal current,monsoon,,seasonally_reversing,named_current,
index.html#current-indonesian-throughflow,Maritime Continent / Pacific–Indian Ocean passage,current:indonesian-throughflow,system,,,Indonesian Throughflow,,,,,,regional,source:dc4ecdce7e297345,interbasin passage system,indonesian-throughflow,,persistent_variable,named_current,
index.html#current-red-sea-saline-overflow,Red Sea / Gulf of Aden,current:red-sea-saline-overflow,current,,,Red Sea saline overflow,,,,,,regional,source:46c1495f0e36de3b,dense saline strait overflow,red-sea-saline-overflow,,seasonal,named_current,
index.html#current-persian-gulf-saline-overflow,Persian Gulf / Gulf of Oman,current:persian-gulf-saline-overflow,current,,,Persian Gulf saline overflow,,,,,,regional,source:46c1495f0e36de3b,dense saline strait overflow,persian-gulf-saline-overflow,,persistent_variable,named_current,
index.html#current-north-cape,Arctic / North Atlantic,current:north-cape,current,,,North Cape Current,,,,,,regional,source:4556886a82d6f61a,regional current,north-cape,,unresolved,named_current,
index.html#current-north-equatorial,Atlantic / Pacific / Indian,current:north-equatorial,family,,,North Equatorial Current,,,,,,equatorial,source:4556886a82d6f61a,equatorial current family,north-equatorial,,persistent_variable,named_current,
index.html#current-north-pacific,North Pacific,current:north-pacific,system,,,North Pacific Current,,,,,,basin_interior_or_extension,source:4556886a82d6f61a,basin-spanning current,north-pacific,,persistent_variable,named_current,
index.html#current-norwegian,North Atlantic,current:norwegian,current,,,Norwegian Current,,,,,,regional,source:4556886a82d6f61a,regional current,norwegian,,unresolved,named_current,
index.html#current-norwegian-coastal,North Sea / Norwegian Sea,current:norwegian-coastal,current,,,Norwegian Coastal Current,,,,,,coastal_or_shelf,source:65c9605f88219d4c,low-salinity coastal current,norwegian-coastal,,persistent_variable,named_current,
index.html#current-algerian,Western Mediterranean,current:algerian,current,,,Algerian Current,,,,,,coastal_or_shelf,source:aa4628da93c945aa,eastward coastal current,algerian,,persistent_variable,named_current,
index.html#current-balearic,Western Mediterranean,current:balearic,current,,,Balearic Current,,,,,,coastal_or_shelf,source:c3ef18f86167e197,island-margin current,balearic,,persistent_variable,named_current,
index.html#current-western-adriatic,Adriatic Sea,current:western-adriatic,current,,,Western Adriatic Current,,,,,,coastal_or_shelf,source:98d6a36e1d59ebcb,southeastward coastal current,western-adriatic,,persistent_variable,named_current,
index.html#current-baffin,Baffin Bay,current:baffin,current,,,Baffin Current,,,,,,polar_or_subpolar_margin,source:7d77d9146f863efd,southward polar boundary current,baffin,,persistent_variable,named_current,
index.html#current-mauritanian,Northeast tropical Atlantic,current:mauritanian,current,,,Mauritanian Current,,,,,,eastern_boundary,source:21b899aceb9bc439,seasonal poleward eastern-boundary current,mauritanian,,seasonal,named_current,
index.html#current-gaspe,Gulf of St. Lawrence,current:gaspe,current,,,Gaspé Current,,,,,,coastal_or_shelf,source:1828c26577c1a6ab,buoyancy-driven coastal jet,gaspe,,persistent_variable,named_current,
index.html#current-northern-mediterranean,Northwestern Mediterranean,current:northern-mediterranean,current,,,Northern Current,,,,,,coastal_or_shelf,source:361299ca16b625b2,coastal boundary current,northern-mediterranean,,persistent_variable,named_current,
index.html#current-ligurian,Northwestern Mediterranean,current:ligurian,segment,,,Ligurian Current,,,,,,coastal_or_shelf,source:361299ca16b625b2,Northern Current segment,ligurian,,persistent_variable,named_current,
index.html#current-oyashio,North Pacific,current:oyashio,current,,,Oyashio,,,,,,polar_or_subpolar_margin,source:4556886a82d6f61a,subpolar boundary current,oyashio,,persistent_variable,named_current,
index.html#current-somali,Indian Ocean,current:somali,current,,,Somali Current,,,,,,western_boundary,source:4556886a82d6f61a,monsoon-reversing current,somali,,seasonally_reversing,named_current,
index.html#current-south-equatorial,Atlantic / Pacific / Indian,current:south-equatorial,family,,,South Equatorial Current,,,,,,equatorial,source:4556886a82d6f61a,equatorial current family,south-equatorial,,persistent_variable,named_current,
index.html#current-spitsbergen-atlantic,Arctic / North Atlantic,current:spitsbergen-atlantic,current,,,Spitsbergen Atlantic Current,,,,,,polar_or_subpolar_margin,source:4556886a82d6f61a,regional current,spitsbergen-atlantic,,unresolved,named_current,
index.html#current-tsushima,Sea of Japan,current:tsushima,segment,,,Tsushima Current,,,,,,regional,source:4556886a82d6f61a,regional current,tsushima,,unresolved,named_current,
index.html#current-west-australian,Indian Ocean,current:west-australian,current,,,West Australian Current,,,,,,eastern_boundary,source:4556886a82d6f61a,eastern boundary current,west-australian,,persistent_variable,named_current,
index.html#current-leeuwin,Indian Ocean,current:leeuwin,current,,,Leeuwin Current,,,,,,eastern_boundary,source:a0cafa9c716a91f6,poleward eastern boundary current,leeuwin,,persistent_variable,named_current,
index.html#current-australian-west-south-boundary-flow,Indian / Southern Ocean margin,current:australian-west-south-boundary-flow,system,,,Western and southern Australian boundary flow,,,,,,coastal_or_shelf,source:5c227482b3435824,seasonal coastal current system,australian-west-south-boundary-flow,,seasonal,named_current,
index.html#current-south-australian,South Australian shelf,current:south-australian,segment,,,South Australian Current,,,,,,coastal_or_shelf,source:5c227482b3435824,shelf-edge current segment,south-australian,,seasonal,named_current,
index.html#current-zeehan,Tasmanian west coast,current:zeehan,segment,,,Zeehan Current,,,,,,coastal_or_shelf,source:5c227482b3435824,shelf-edge current segment,zeehan,,seasonal,named_current,
index.html#current-caribbean,Caribbean Sea,current:caribbean,current,,,Caribbean Current,,,,,,regional,source:a6d248678fda6cec,regional current,caribbean,,persistent_variable,named_current,
index.html#current-equatorial-countercurrent,Atlantic / Pacific / Indian,current:equatorial-countercurrent,family,,,Equatorial Countercurrent,,,,,,equatorial,source:2884fc43d22fe977,equatorial current family,equatorial-countercurrent,,persistent_variable,named_current,
index.html#current-north-equatorial-countercurrent,Atlantic / Pacific,current:north-equatorial-countercurrent,family,,,North Equatorial Countercurrent,,,,,,equatorial,source:93c06b68de38d9ca,eastward tropical countercurrent family,north-equatorial-countercurrent,,persistent_variable,named_current,
index.html#current-atlantic-north-equatorial-countercurrent,Tropical Atlantic,current:atlantic-north-equatorial-countercurrent,current,,,Atlantic North Equatorial Countercurrent,,,,,,equatorial,source:46a836e41d6a800a,eastward upper-ocean countercurrent,atlantic-north-equatorial-countercurrent,,seasonal,named_current,
index.html#current-pacific-north-equatorial-countercurrent,Tropical Pacific,current:pacific-north-equatorial-countercurrent,current,,,Pacific North Equatorial Countercurrent,,,,,,equatorial,source:df8a86f107aba236,eastward upper-ocean countercurrent,pacific-north-equatorial-countercurrent,,persistent_variable,named_current,
index.html#current-south-equatorial-countercurrent,Atlantic / Pacific / Indian,current:south-equatorial-countercurrent,family,,,South Equatorial Countercurrent,,,,,,equatorial,source:93c06b68de38d9ca,eastward tropical countercurrent family,south-equatorial-countercurrent,,seasonal,named_current,
index.html#current-atlantic-south-equatorial-countercurrent,Tropical South Atlantic,current:atlantic-south-equatorial-countercurrent,current,,,Atlantic South Equatorial Countercurrent,,,,,,equatorial,source:7d41c196a8c2a2a4,eastward upper-ocean countercurrent,atlantic-south-equatorial-countercurrent,,seasonal,named_current,
index.html#current-pacific-south-equatorial-countercurrent,Tropical South Pacific,current:pacific-south-equatorial-countercurrent,current,,,Pacific South Equatorial Countercurrent,,,,,,equatorial,source:cb7e6dd38745baf6,seasonally varying eastward countercurrent,pacific-south-equatorial-countercurrent,,seasonal,named_current,
index.html#current-indian-south-equatorial-countercurrent,Tropical South Indian Ocean,current:indian-south-equatorial-countercurrent,current,,,Indian Ocean South Equatorial Countercurrent,,,,,,equatorial,source:c247b938a92e3283,eastward tropical countercurrent,indian-south-equatorial-countercurrent,,seasonal,named_current,
index.html#current-equatorial-undercurrent,Atlantic / Pacific / Indian,current:equatorial-undercurrent,family,,,Equatorial Undercurrent,,,,,,equatorial,source:2884fc43d22fe977,subsurface equatorial current family,equatorial-undercurrent,,unresolved,named_current,
index.html#current-pacific-equatorial-undercurrent,Equatorial Pacific,current:pacific-equatorial-undercurrent,current,,,Pacific Equatorial Undercurrent,,,,,,equatorial,source:60fc6515b05b3185,eastward subsurface jet,pacific-equatorial-undercurrent,,persistent_variable,named_current,
index.html#current-atlantic-equatorial-undercurrent,Equatorial Atlantic,current:atlantic-equatorial-undercurrent,current,,,Atlantic Equatorial Undercurrent,,,,,,equatorial,source:1f902f771350caf2,eastward subsurface jet,atlantic-equatorial-undercurrent,,persistent_variable,named_current,
index.html#current-indian-equatorial-undercurrent,Equatorial Indian Ocean,current:indian-equatorial-undercurrent,current,,,Indian Ocean Equatorial Undercurrent,,,,,,equatorial,source:0a9db1d0e73f03d0,seasonal eastward subsurface jet,indian-equatorial-undercurrent,,seasonal,named_current,
index.html#current-north-equatorial-undercurrent,Atlantic / Pacific,current:north-equatorial-undercurrent,family,,,North Equatorial Undercurrent,,,,,,equatorial,source:93c06b68de38d9ca,off-equatorial subsurface current family,north-equatorial-undercurrent,,unresolved,named_current,
index.html#current-atlantic-north-equatorial-undercurrent,Tropical Atlantic,current:atlantic-north-equatorial-undercurrent,current,,,Atlantic North Equatorial Undercurrent,,,,,,equatorial,source:8b0aaf0e96f7a9cc,eastward subsurface jet,atlantic-north-equatorial-undercurrent,,persistent_variable,named_current,
index.html#current-pacific-north-equatorial-undercurrent,Western tropical Pacific,current:pacific-north-equatorial-undercurrent,current,,,Pacific North Equatorial Undercurrent,,,,,,equatorial,source:050d3ca1f6217e70,intermittent subsurface jets,pacific-north-equatorial-undercurrent,,persistent_variable,named_current,
index.html#current-south-equatorial-undercurrent,Atlantic / Indian,current:south-equatorial-undercurrent,family,,,South Equatorial Undercurrent,,,,,,equatorial,source:93c06b68de38d9ca,off-equatorial subsurface current family,south-equatorial-undercurrent,,unresolved,named_current,
index.html#current-atlantic-south-equatorial-undercurrent,Tropical Atlantic,current:atlantic-south-equatorial-undercurrent,current,,,Atlantic South Equatorial Undercurrent,,,,,,equatorial,source:ff7644e64b697c90,eastward subsurface jet,atlantic-south-equatorial-undercurrent,,persistent_variable,named_current,
index.html#current-indian-south-equatorial-undercurrent,South Indian Ocean,current:indian-south-equatorial-undercurrent,current,,,Indian Ocean South Equatorial Undercurrent,,,,,,equatorial,source:a3441d003647d17d,seasonal deep-penetrating eastward jet,indian-south-equatorial-undercurrent,,seasonal,named_current,
index.html#current-south-atlantic,South Atlantic,current:south-atlantic,current,,,South Atlantic Current,,,,,,basin_interior_or_extension,source:6f3ef1c4ba0c063b,basin-spanning current,south-atlantic,,persistent_variable,named_current,
index.html#current-south-indian,South Indian Ocean,current:south-indian,current,,,South Indian Current,,,,,,basin_interior_or_extension,source:2ece23e3a7b0199f,basin-spanning current,south-indian,,persistent_variable,named_current,
index.html#current-south-pacific,South Pacific,current:south-pacific,current,,,South Pacific Current,,,,,,basin_interior_or_extension,source:4485ca709b999bba,basin-spanning current,south-pacific,,persistent_variable,named_current,
index.html#current-west-greenland,North Atlantic,current:west-greenland,current,,,West Greenland Current,,,,,,polar_or_subpolar_margin,source:4556886a82d6f61a,regional current,west-greenland,,unresolved,named_current,
index.html#current-west-spitsbergen,Arctic / Norwegian Sea,current:west-spitsbergen,current,,,West Spitsbergen Current,,,,,,polar_or_subpolar_margin,source:93c06b68de38d9ca,polar margin current,west-spitsbergen,,persistent_variable,named_current,
index.html#current-jutland,North Sea / Skagerrak,current:jutland,current,,,Jutland Current,,,,,,coastal_or_shelf,source:93c06b68de38d9ca,coastal current,jutland,,unresolved,named_current,
index.html#current-mindanao-current,Western tropical North Pacific,current:mindanao-current,current,,,Mindanao Current,,,,,,western_boundary,source:14f30cbbf1cd40e4,southward low-latitude western boundary current,mindanao-current,,persistent_variable,named_current,
index.html#current-new-guinea-coastal-undercurrent,Southwestern tropical Pacific / Solomon Sea,current:new-guinea-coastal-undercurrent,current,,,New Guinea Coastal Undercurrent,,,,,,western_boundary,source:14f30cbbf1cd40e4,northwestward subsurface western boundary current,new-guinea-coastal-undercurrent,,persistent_variable,named_current,
index.html#current-new-ireland-coastal-undercurrent,Southwestern tropical Pacific / Solomon Sea,current:new-ireland-coastal-undercurrent,current,,,New Ireland Coastal Undercurrent,,,,,,coastal_or_shelf,source:14f30cbbf1cd40e4,subsurface island boundary current,new-ireland-coastal-undercurrent,,persistent_variable,named_current,
index.html#current-solomon-island-coastal-undercurrent,Southwestern tropical Pacific / Solomon Islands,current:solomon-island-coastal-undercurrent,current,,,Solomon Island Coastal Undercurrent,,,,,,coastal_or_shelf,source:14f30cbbf1cd40e4,proposed subsurface island boundary current,solomon-island-coastal-undercurrent,,unresolved,named_current,
index.html#current-new-guinea-coastal-current,Southwestern tropical Pacific / north New Guinea coast,current:new-guinea-coastal-current,current,,,New Guinea Coastal Current,,,,,,western_boundary,source:cf5083b4d12d5cf1,seasonally reversing surface western boundary current,new-guinea-coastal-current,,seasonally_reversing,named_current,
index.html#current-pacific-north-subsurface-countercurrent,Equatorial North Pacific,current:pacific-north-subsurface-countercurrent,current,,,Pacific North Subsurface Countercurrent,,,,,,equatorial,source:df8a86f107aba236,eastward subsurface jet north of the Equatorial Undercurrent,pacific-north-subsurface-countercurrent,,persistent_variable,named_current,
index.html#current-pacific-south-subsurface-countercurrent,Equatorial South Pacific,current:pacific-south-subsurface-countercurrent,current,,,Pacific South Subsurface Countercurrent,,,,,,equatorial,source:df8a86f107aba236,eastward subsurface jets south of the Equatorial Undercurrent,pacific-south-subsurface-countercurrent,,persistent_variable,named_current,
index.html#current-hiri-current,Coral Sea / Gulf of Papua,current:hiri-current,current,,,Hiri Current,,,,,,western_boundary,source:0c41d4c89faadb7f,northward western boundary branch and Gulf of Papua circulation,hiri-current,,persistent_variable,named_current,
index.html#current-alaska-coastal-gulf,North Pacific / Gulf of Alaska and eastern Aleutians,current:alaska-coastal-gulf,system,,,Alaska Coastal Current (Gulf of Alaska),,,,,,coastal_or_shelf,source:48b84ff7f08f8e6e,source-defined coastal current system,alaska-coastal-gulf,,persistent_variable,named_current,
index.html#current-antarctic-slope,Antarctic continental margin,current:antarctic-slope,system,,"Distinct from Antarctic Coastal Current and Antarctic Circumpolar Current; near-circumpolar system interrupted by Antarctic Peninsula. ASC is a source abbreviation, not a global alias.",Antarctic Slope Current,,,,,,polar_or_subpolar_margin,source:c81191f8e01b20c1,source-defined slope current system,antarctic-slope,,persistent_variable,named_current,
index.html#eddy-loop-81-primary,Gulf of Mexico,eddy:horizon:loop-81-primary,individual_eddy,,,Feldman,,,,,,gulf_of_mexico,source:a45eadc81e6d9330,,loop-81-primary,,transient,named_eddy,
index.html#eddy-loop-80-primary,Gulf of Mexico,eddy:horizon:loop-80-primary,individual_eddy,,,Edison,,,,,,gulf_of_mexico,source:a45eadc81e6d9330,,loop-80-primary,,transient,named_eddy,
index.html#eddy-loop-79-primary,Gulf of Mexico,eddy:horizon:loop-79-primary,individual_eddy,,,Denali,,,,,,gulf_of_mexico,source:a45eadc81e6d9330,,loop-79-primary,,transient,named_eddy,
index.html#eddy-loop-78-primary,Gulf of Mexico,eddy:horizon:loop-78-primary,individual_eddy,,,Cardone,,,,,,gulf_of_mexico,source:a45eadc81e6d9330,,loop-78-primary,,transient,named_eddy,
index.html#eddy-loop-77-primary,Gulf of Mexico,eddy:horizon:loop-77-primary,individual_eddy,,,Berek,,,,,,gulf_of_mexico,source:a45eadc81e6d9330,,loop-77-primary,,transient,named_eddy,
index.html#eddy-loop-77-secondary,Gulf of Mexico,eddy:horizon:loop-77-secondary,individual_eddy,,,Berek II,,,,,,gulf_of_mexico,source:a45eadc81e6d9330,,loop-77-secondary,,transient,named_eddy,
index.html#eddy-loop-76-primary,Gulf of Mexico,eddy:horizon:loop-76-primary,individual_eddy,,,Atwater,,,,,,gulf_of_mexico,source:a45eadc81e6d9330,,loop-76-primary,,transient,named_eddy,
index.html#eddy-loop-75-primary,Gulf of Mexico,eddy:horizon:loop-75-primary,individual_eddy,,,Zodiac,,,,,,gulf_of_mexico,source:a45eadc81e6d9330,,loop-75-primary,,transient,named_eddy,
index.html#eddy-loop-74-primary,Gulf of Mexico,eddy:horizon:loop-74-primary,individual_eddy,,,Yazoo,,,,,,gulf_of_mexico,source:a45eadc81e6d9330,,loop-74-primary,,transient,named_eddy,
index.html#eddy-loop-74-secondary,Gulf of Mexico,eddy:horizon:loop-74-secondary,individual_eddy,,,Yazoo II,,,,,,gulf_of_mexico,source:a45eadc81e6d9330,,loop-74-secondary,,transient,named_eddy,
index.html#eddy-loop-73-primary,Gulf of Mexico,eddy:horizon:loop-73-primary,individual_eddy,,,Xavier,,,,,,gulf_of_mexico,source:a45eadc81e6d9330,,loop-73-primary,,transient,named_eddy,
index.html#eddy-loop-73-secondary,Gulf of Mexico,eddy:horizon:loop-73-secondary,individual_eddy,,,Xavier II,,,,,,gulf_of_mexico,source:a45eadc81e6d9330,,loop-73-secondary,,transient,named_eddy,
index.html#eddy-loop-72-primary,Gulf of Mexico,eddy:horizon:loop-72-primary,individual_eddy,,,Wilde,,,,,,gulf_of_mexico,source:a45eadc81e6d9330,,loop-72-primary,,transient,named_eddy,
index.html#eddy-loop-72-secondary,Gulf of Mexico,eddy:horizon:loop-72-secondary,individual_eddy,,,Wilde II,,,,,,gulf_of_mexico,source:a45eadc81e6d9330,,loop-72-secondary,,transient,named_eddy,
index.html#eddy-loop-71-primary,Gulf of Mexico,eddy:horizon:loop-71-primary,individual_eddy,,,Verne,,,,,,gulf_of_mexico,source:a45eadc81e6d9330,,loop-71-primary,,transient,named_eddy,
index.html#eddy-loop-70-primary,Gulf of Mexico,eddy:horizon:loop-70-primary,individual_eddy,,,Ursa,,,,,,gulf_of_mexico,source:a45eadc81e6d9330,,loop-70-primary,,transient,named_eddy,
index.html#eddy-loop-69-primary,Gulf of Mexico,eddy:horizon:loop-69-primary,individual_eddy,,,Thor,,,,,,gulf_of_mexico,source:a45eadc81e6d9330,,loop-69-primary,,transient,named_eddy,
index.html#eddy-loop-68-primary,Gulf of Mexico,eddy:horizon:loop-68-primary,individual_eddy,,,Sverdrup,,,,,,gulf_of_mexico,source:a45eadc81e6d9330,,loop-68-primary,,transient,named_eddy,
index.html#eddy-loop-68-secondary,Gulf of Mexico,eddy:horizon:loop-68-secondary,individual_eddy,,,Sverdrup Jr.,,,,,,gulf_of_mexico,source:a45eadc81e6d9330,,loop-68-secondary,,transient,named_eddy,
index.html#eddy-loop-67-primary,Gulf of Mexico,eddy:horizon:loop-67-primary,individual_eddy,,,Revelle,,,,,,gulf_of_mexico,source:a45eadc81e6d9330,,loop-67-primary,,transient,named_eddy,
index.html#eddy-loop-66-primary,Gulf of Mexico,eddy:horizon:loop-66-primary,individual_eddy,,,Quantum,,,,,,gulf_of_mexico,source:a45eadc81e6d9330,,loop-66-primary,,transient,named_eddy,
index.html#eddy-loop-66-secondary,Gulf of Mexico,eddy:horizon:loop-66-secondary,individual_eddy,,,Quantum II,,,,,,gulf_of_mexico,source:a45eadc81e6d9330,,loop-66-secondary,,transient,named_eddy,
index.html#eddy-loop-65-primary,Gulf of Mexico,eddy:horizon:loop-65-primary,individual_eddy,,,Poseidon,,,,,,gulf_of_mexico,source:a45eadc81e6d9330,,loop-65-primary,,transient,named_eddy,
index.html#eddy-loop-64-primary,Gulf of Mexico,eddy:horizon:loop-64-primary,individual_eddy,,,Olympus,,,,,,gulf_of_mexico,source:a45eadc81e6d9330,,loop-64-primary,,transient,named_eddy,
index.html#eddy-loop-64-secondary,Gulf of Mexico,eddy:horizon:loop-64-secondary,individual_eddy,,,Olympus II,,,,,,gulf_of_mexico,source:a45eadc81e6d9330,,loop-64-secondary,,transient,named_eddy,
index.html#eddy-loop-63-primary,Gulf of Mexico,eddy:horizon:loop-63-primary,individual_eddy,,,Nautilus,,,,,,gulf_of_mexico,source:a45eadc81e6d9330,,loop-63-primary,,transient,named_eddy,
index.html#eddy-loop-63-secondary,Gulf of Mexico,eddy:horizon:loop-63-secondary,individual_eddy,,,Nautilus II,,,,,,gulf_of_mexico,source:a45eadc81e6d9330,,loop-63-secondary,,transient,named_eddy,
index.html#eddy-loop-62-primary,Gulf of Mexico,eddy:horizon:loop-62-primary,individual_eddy,,,Michael,,,,,,gulf_of_mexico,source:a45eadc81e6d9330,,loop-62-primary,,transient,named_eddy,
index.html#eddy-loop-61-primary,Gulf of Mexico,eddy:horizon:loop-61-primary,individual_eddy,,,Lazarus,,,,,,gulf_of_mexico,source:a45eadc81e6d9330,,loop-61-primary,,transient,named_eddy,
index.html#eddy-loop-60-primary,Gulf of Mexico,eddy:horizon:loop-60-primary,individual_eddy,,,Kraken,,,,,,gulf_of_mexico,source:a45eadc81e6d9330,,loop-60-primary,,transient,named_eddy,
index.html#eddy-loop-59-primary,Gulf of Mexico,eddy:horizon:loop-59-primary,individual_eddy,,,Jumbo,,,,,,gulf_of_mexico,source:a45eadc81e6d9330,,loop-59-primary,,transient,named_eddy,
index.html#eddy-loop-59-secondary,Gulf of Mexico,eddy:horizon:loop-59-secondary,individual_eddy,,,Jumbo Jr.,,,,,,gulf_of_mexico,source:a45eadc81e6d9330,,loop-59-secondary,,transient,named_eddy,
index.html#eddy-loop-58-primary,Gulf of Mexico,eddy:horizon:loop-58-primary,individual_eddy,,,Icarus,,,,,,gulf_of_mexico,source:a45eadc81e6d9330,,loop-58-primary,,transient,named_eddy,
index.html#eddy-loop-57-primary,Gulf of Mexico,eddy:horizon:loop-57-primary,individual_eddy,,,Hadal,,,,,,gulf_of_mexico,source:a45eadc81e6d9330,,loop-57-primary,,transient,named_eddy,
index.html#eddy-loop-57-secondary,Gulf of Mexico,eddy:horizon:loop-57-secondary,individual_eddy,,,Hadal II,,,,,,gulf_of_mexico,source:a45eadc81e6d9330,,loop-57-secondary,,transient,named_eddy,
index.html#eddy-loop-56-primary,Gulf of Mexico,eddy:horizon:loop-56-primary,individual_eddy,,,Galileo,,,,,,gulf_of_mexico,source:a45eadc81e6d9330,,loop-56-primary,,transient,named_eddy,
index.html#eddy-loop-55-primary,Gulf of Mexico,eddy:horizon:loop-55-primary,individual_eddy,,,Franklin,,,,,,gulf_of_mexico,source:a45eadc81e6d9330,,loop-55-primary,,transient,named_eddy,
index.html#eddy-loop-54-primary,Gulf of Mexico,eddy:horizon:loop-54-primary,individual_eddy,,,Ekman,,,,,,gulf_of_mexico,source:a45eadc81e6d9330,,loop-54-primary,,transient,named_eddy,
index.html#eddy-loop-53-primary,Gulf of Mexico,eddy:horizon:loop-53-primary,individual_eddy,,,Darwin,,,,,,gulf_of_mexico,source:a45eadc81e6d9330,,loop-53-primary,,transient,named_eddy,
index.html#eddy-loop-52-primary,Gulf of Mexico,eddy:horizon:loop-52-primary,individual_eddy,,,Cameron,,,,,,gulf_of_mexico,source:a45eadc81e6d9330,,loop-52-primary,,transient,named_eddy,
index.html#eddy-loop-51-primary,Gulf of Mexico,eddy:horizon:loop-51-primary,individual_eddy,,,Brazos,,,,,,gulf_of_mexico,source:a45eadc81e6d9330,,loop-51-primary,,transient,named_eddy,
index.html#eddy-loop-50-primary,Gulf of Mexico,eddy:horizon:loop-50-primary,individual_eddy,,,Albert,,,,,,gulf_of_mexico,source:a45eadc81e6d9330,,loop-50-primary,,transient,named_eddy,
index.html#eddy-loop-50-secondary,Gulf of Mexico,eddy:horizon:loop-50-secondary,individual_eddy,,,Albert II,,,,,,gulf_of_mexico,source:a45eadc81e6d9330,,loop-50-secondary,,transient,named_eddy,
index.html#eddy-loop-49-primary,Gulf of Mexico,eddy:horizon:loop-49-primary,individual_eddy,,,Zorro,,,,,,gulf_of_mexico,source:a45eadc81e6d9330,,loop-49-primary,,transient,named_eddy,
index.html#eddy-loop-48-primary,Gulf of Mexico,eddy:horizon:loop-48-primary,individual_eddy,,,Yankee,,,,,,gulf_of_mexico,source:a45eadc81e6d9330,,loop-48-primary,,transient,named_eddy,
index.html#eddy-loop-47-primary,Gulf of Mexico,eddy:horizon:loop-47-primary,individual_eddy,,,Xtreme,,,,,,gulf_of_mexico,source:a45eadc81e6d9330,,loop-47-primary,,transient,named_eddy,
index.html#eddy-loop-46-primary,Gulf of Mexico,eddy:horizon:loop-46-primary,individual_eddy,,,Walker,,,,,,gulf_of_mexico,source:a45eadc81e6d9330,,loop-46-primary,,transient,named_eddy,
index.html#eddy-loop-45-primary,Gulf of Mexico,eddy:horizon:loop-45-primary,individual_eddy,,,Vortex,,,,,,gulf_of_mexico,source:a45eadc81e6d9330,,loop-45-primary,,transient,named_eddy,
index.html#eddy-loop-44-primary,Gulf of Mexico,eddy:horizon:loop-44-primary,individual_eddy,,,Ulysses,,,,,,gulf_of_mexico,source:a45eadc81e6d9330,,loop-44-primary,,transient,named_eddy,
index.html#eddy-loop-44-secondary,Gulf of Mexico,eddy:horizon:loop-44-secondary,individual_eddy,,,U2,,,,,,gulf_of_mexico,source:a45eadc81e6d9330,,loop-44-secondary,,transient,named_eddy,
index.html#eddy-loop-43-primary,Gulf of Mexico,eddy:horizon:loop-43-primary,individual_eddy,,,Titanic,,,,,,gulf_of_mexico,source:a45eadc81e6d9330,,loop-43-primary,,transient,named_eddy,
index.html#eddy-loop-42-primary,Gulf of Mexico,eddy:horizon:loop-42-primary,individual_eddy,,,Sargassum,,,,,,gulf_of_mexico,source:a45eadc81e6d9330,,loop-42-primary,,transient,named_eddy,
index.html#eddy-loop-41-primary,Gulf of Mexico,eddy:horizon:loop-41-primary,individual_eddy,,,Rebel,,,,,,gulf_of_mexico,source:a45eadc81e6d9330,,loop-41-primary,,transient,named_eddy,
index.html#eddy-loop-40-primary,Gulf of Mexico,eddy:horizon:loop-40-primary,individual_eddy,,,Quick,,,,,,gulf_of_mexico,source:a45eadc81e6d9330,,loop-40-primary,,transient,named_eddy,
index.html#eddy-loop-40-secondary,Gulf of Mexico,eddy:horizon:loop-40-secondary,individual_eddy,,,QE-2,,,,,,gulf_of_mexico,source:a45eadc81e6d9330,,loop-40-secondary,,transient,named_eddy,
index.html#eddy-loop-39-primary,Gulf of Mexico,eddy:horizon:loop-39-primary,individual_eddy,,,Pelagic,,,,,,gulf_of_mexico,source:a45eadc81e6d9330,,loop-39-primary,,transient,named_eddy,
index.html#eddy-loop-38-primary,Gulf of Mexico,eddy:horizon:loop-38-primary,individual_eddy,,,Odessa,,,,,,gulf_of_mexico,source:a45eadc81e6d9330,,loop-38-primary,,transient,named_eddy,
index.html#eddy-loop-37-primary,Gulf of Mexico,eddy:horizon:loop-37-primary,individual_eddy,,,Nansen,,,,,,gulf_of_mexico,source:a45eadc81e6d9330,,loop-37-primary,,transient,named_eddy,
index.html#eddy-loop-36-primary,Gulf of Mexico,eddy:horizon:loop-36-primary,individual_eddy,,,Millennium,,,,,,gulf_of_mexico,source:a45eadc81e6d9330,,loop-36-primary,,transient,named_eddy,
index.html#eddy-loop-35-primary,Gulf of Mexico,eddy:horizon:loop-35-primary,individual_eddy,,,Lazy,,,,,,gulf_of_mexico,source:a45eadc81e6d9330,,loop-35-primary,,transient,named_eddy,
index.html#eddy-loop-34-primary,Gulf of Mexico,eddy:horizon:loop-34-primary,individual_eddy,,,Kinetic,,,,,,gulf_of_mexico,source:a45eadc81e6d9330,,loop-34-primary,,transient,named_eddy,
index.html#eddy-loop-33-primary,Gulf of Mexico,eddy:horizon:loop-33-primary,individual_eddy,,,Juggernaut,,,,,,gulf_of_mexico,source:a45eadc81e6d9330,,loop-33-primary,,transient,named_eddy,
index.html#eddy-loop-32-primary,Gulf of Mexico,eddy:horizon:loop-32-primary,individual_eddy,,,Indigo,,,,,,gulf_of_mexico,source:a45eadc81e6d9330,,loop-32-primary,,transient,named_eddy,
index.html#eddy-loop-31-primary,Gulf of Mexico,eddy:horizon:loop-31-primary,individual_eddy,,,Haskell,,,,,,gulf_of_mexico,source:a45eadc81e6d9330,,loop-31-primary,,transient,named_eddy,
index.html#eddy-loop-30-primary,Gulf of Mexico,eddy:horizon:loop-30-primary,individual_eddy,,,Gyre,,,,,,gulf_of_mexico,source:a45eadc81e6d9330,,loop-30-primary,,transient,named_eddy,
index.html#eddy-loop-29-primary,Gulf of Mexico,eddy:horizon:loop-29-primary,individual_eddy,,,Fourchon,,,,,,gulf_of_mexico,source:a45eadc81e6d9330,,loop-29-primary,,transient,named_eddy,
index.html#eddy-loop-28-primary,Gulf of Mexico,eddy:horizon:loop-28-primary,individual_eddy,,,El Dorado,,,,,,gulf_of_mexico,source:a45eadc81e6d9330,,loop-28-primary,,transient,named_eddy,
index.html#eddy-loop-27-primary,Gulf of Mexico,eddy:horizon:loop-27-primary,individual_eddy,,,Easy,,,,,,gulf_of_mexico,source:a45eadc81e6d9330,,loop-27-primary,,transient,named_eddy,
index.html#eddy-loop-26-primary,Gulf of Mexico,eddy:horizon:loop-26-primary,individual_eddy,,,Deviant,,,,,,gulf_of_mexico,source:a45eadc81e6d9330,,loop-26-primary,,transient,named_eddy,
index.html#eddy-loop-25-primary,Gulf of Mexico,eddy:horizon:loop-25-primary,individual_eddy,,,Creole,,,,,,gulf_of_mexico,source:a45eadc81e6d9330,,loop-25-primary,,transient,named_eddy,
index.html#eddy-loop-24-primary,Gulf of Mexico,eddy:horizon:loop-24-primary,individual_eddy,,,Biloxi,,,,,,gulf_of_mexico,source:a45eadc81e6d9330,,loop-24-primary,,transient,named_eddy,
index.html#eddy-loop-24-secondary,Gulf of Mexico,eddy:horizon:loop-24-secondary,individual_eddy,,,Biloxi II,,,,,,gulf_of_mexico,source:a45eadc81e6d9330,,loop-24-secondary,,transient,named_eddy,
index.html#eddy-loop-23-primary,Gulf of Mexico,eddy:horizon:loop-23-primary,individual_eddy,,,Aggie,,,,,,gulf_of_mexico,source:a45eadc81e6d9330,,loop-23-primary,,transient,named_eddy,
index.html#eddy-loop-22-primary,Gulf of Mexico,eddy:horizon:loop-22-primary,individual_eddy,,,Zapp,,,,,,gulf_of_mexico,source:a45eadc81e6d9330,,loop-22-primary,,transient,named_eddy,
index.html#eddy-loop-21-primary,Gulf of Mexico,eddy:horizon:loop-21-primary,individual_eddy,,,Yucatan,,,,,,gulf_of_mexico,source:a45eadc81e6d9330,,loop-21-primary,,transient,named_eddy,
index.html#eddy-loop-21-secondary,Gulf of Mexico,eddy:horizon:loop-21-secondary,individual_eddy,,,Little Yucatan,,,,,,gulf_of_mexico,source:a45eadc81e6d9330,,loop-21-secondary,,transient,named_eddy,
index.html#eddy-loop-20-primary,Gulf of Mexico,eddy:horizon:loop-20-primary,individual_eddy,,,Xtra,,,,,,gulf_of_mexico,source:a45eadc81e6d9330,,loop-20-primary,,transient,named_eddy,
index.html#eddy-loop-19-primary,Gulf of Mexico,eddy:horizon:loop-19-primary,individual_eddy,,,Whopper,,,,,,gulf_of_mexico,source:a45eadc81e6d9330,,loop-19-primary,,transient,named_eddy,
index.html#eddy-loop-18-primary,Gulf of Mexico,eddy:horizon:loop-18-primary,individual_eddy,,,Vagabond,,,,,,gulf_of_mexico,source:a45eadc81e6d9330,,loop-18-primary,,transient,named_eddy,
index.html#eddy-loop-17-primary,Gulf of Mexico,eddy:horizon:loop-17-primary,individual_eddy,,,Triton,,,,,,gulf_of_mexico,source:a45eadc81e6d9330,,loop-17-primary,,transient,named_eddy,
index.html#eddy-loop-16-primary,Gulf of Mexico,eddy:horizon:loop-16-primary,individual_eddy,,,Steady,,,,,,gulf_of_mexico,source:a45eadc81e6d9330,,loop-16-primary,,transient,named_eddy,
index.html#eddy-loop-15-primary,Gulf of Mexico,eddy:horizon:loop-15-primary,individual_eddy,,,Rogue,,,,,,gulf_of_mexico,source:a45eadc81e6d9330,,loop-15-primary,,transient,named_eddy,
index.html#eddy-loop-14-primary,Gulf of Mexico,eddy:horizon:loop-14-primary,individual_eddy,,,Quiet,,,,,,gulf_of_mexico,source:a45eadc81e6d9330,,loop-14-primary,,transient,named_eddy,
index.html#eddy-loop-13-primary,Gulf of Mexico,eddy:horizon:loop-13-primary,individual_eddy,,,Phantom,,,,,,gulf_of_mexico,source:a45eadc81e6d9330,,loop-13-primary,,transient,named_eddy,
index.html#eddy-loop-12-primary,Gulf of Mexico,eddy:horizon:loop-12-primary,individual_eddy,,,Oggie,,,,,,gulf_of_mexico,source:a45eadc81e6d9330,,loop-12-primary,,transient,named_eddy,
index.html#eddy-loop-11-primary,Gulf of Mexico,eddy:horizon:loop-11-primary,individual_eddy,,,Nelson,,,,,,gulf_of_mexico,source:a45eadc81e6d9330,,loop-11-primary,,transient,named_eddy,
index.html#eddy-loop-10-primary,Gulf of Mexico,eddy:horizon:loop-10-primary,individual_eddy,,,Murphy,,,,,,gulf_of_mexico,source:a45eadc81e6d9330,,loop-10-primary,,transient,named_eddy,
index.html#eddy-loop-09-primary,Gulf of Mexico,eddy:horizon:loop-09-primary,individual_eddy,,,"Eddy ""L""",,,,,,gulf_of_mexico,source:a45eadc81e6d9330,,loop-09-primary,,transient,named_eddy,
index.html#eddy-loop-08-primary,Gulf of Mexico,eddy:horizon:loop-08-primary,individual_eddy,,,Kathleen,,,,,,gulf_of_mexico,source:a45eadc81e6d9330,,loop-08-primary,,transient,named_eddy,
index.html#eddy-loop-07-primary,Gulf of Mexico,eddy:horizon:loop-07-primary,individual_eddy,,,Little Jupiter,,,,,,gulf_of_mexico,source:a45eadc81e6d9330,,loop-07-primary,,transient,named_eddy,
index.html#eddy-loop-06-primary,Gulf of Mexico,eddy:horizon:loop-06-primary,individual_eddy,,,Instant,,,,,,gulf_of_mexico,source:a45eadc81e6d9330,,loop-06-primary,,transient,named_eddy,
index.html#eddy-loop-05-primary,Gulf of Mexico,eddy:horizon:loop-05-primary,individual_eddy,,,Hot Core,,,,,,gulf_of_mexico,source:a45eadc81e6d9330,,loop-05-primary,,transient,named_eddy,
index.html#eddy-loop-04-primary,Gulf of Mexico,eddy:horizon:loop-04-primary,individual_eddy,,,Ghostly,,,,,,gulf_of_mexico,source:a45eadc81e6d9330,,loop-04-primary,,transient,named_eddy,
index.html#eddy-loop-03-primary,Gulf of Mexico,eddy:horizon:loop-03-primary,individual_eddy,,,Fast,,,,,,gulf_of_mexico,source:a45eadc81e6d9330,,loop-03-primary,,transient,named_eddy,
index.html#eddy-loop-02-primary,Gulf of Mexico,eddy:horizon:loop-02-primary,individual_eddy,,,Elusive,,,,,,gulf_of_mexico,source:a45eadc81e6d9330,,loop-02-primary,,transient,named_eddy,
index.html#eddy-loop-01-primary,Gulf of Mexico,eddy:horizon:loop-01-primary,individual_eddy,,,Arnold,,,,,,gulf_of_mexico,source:a45eadc81e6d9330,,loop-01-primary,,transient,named_eddy,
object.html?id=eddy%3Apublished%3Akraken-2013,Gulf of Mexico,eddy:published:kraken-2013,individual_eddy,,,Kraken,,,,,,gulf_of_mexico,source:8a85446449036671,,published:kraken-2013,,transient,named_eddy,
object.html?id=eddy%3Apublished%3Athor-2020,Gulf of Mexico,eddy:published:thor-2020,individual_eddy,,,Thor,,,,,,gulf_of_mexico,source:905e5cc303aaceab,,published:thor-2020,,transient,named_eddy,
object.html?id=eddy%3Apublished%3Aursa-2021,Gulf of Mexico,eddy:published:ursa-2021,individual_eddy,,,Ursa,,,,,,gulf_of_mexico,source:905e5cc303aaceab,,published:ursa-2021,,transient,named_eddy,
object.html?id=eddy%3Apublished%3Acameron-2009-observed,Gulf of Mexico,eddy:published:cameron-2009-observed,individual_eddy,,,Cameron,,,,,,gulf_of_mexico,source:6694d73532f024d7,,published:cameron-2009-observed,,transient,named_eddy,
object.html?id=eddy%3Apublished%3Adarwin-2009-observed,Gulf of Mexico,eddy:published:darwin-2009-observed,individual_eddy,,,Darwin,,,,,,gulf_of_mexico,source:6694d73532f024d7,,published:darwin-2009-observed,,transient,named_eddy,
index.html#eddy-geography-batumi-eddy-region,Black Sea,eddy:geography:batumi-eddy-region,recurrent_eddy_region,,,Batumi Eddy,,,,,,regional,source:07e627067aca3504,,batumi-eddy-region,,recurrent,named_eddy,
index.html#eddy-geography-bosphorus-eddy-region,Black Sea,eddy:geography:bosphorus-eddy-region,recurrent_eddy_region,,,Bosphorus Eddy,,,,,,regional,source:07e627067aca3504,,bosphorus-eddy-region,,recurrent,named_eddy,
index.html#eddy-geography-sukhumi-eddy-region,Black Sea,eddy:geography:sukhumi-eddy-region,recurrent_eddy_region,,,Sukhumi Eddy,,,,,,regional,source:07e627067aca3504,,sukhumi-eddy-region,,recurrent,named_eddy,
index.html#eddy-geography-caucasus-eddy-region,Black Sea,eddy:geography:caucasus-eddy-region,recurrent_eddy_region,,,Caucasus Eddy,,,,,,regional,source:07e627067aca3504,,caucasus-eddy-region,,recurrent,named_eddy,
index.html#eddy-geography-kerch-eddy-region,Black Sea,eddy:geography:kerch-eddy-region,recurrent_eddy_region,,,Kerch Eddy,,,,,,regional,source:07e627067aca3504,,kerch-eddy-region,,recurrent,named_eddy,
index.html#eddy-geography-crimea-eddy-region,Black Sea,eddy:geography:crimea-eddy-region,recurrent_eddy_region,,,Crimea Eddy,,,,,,regional,source:07e627067aca3504,,crimea-eddy-region,,recurrent,named_eddy,
index.html#eddy-geography-sevastopol-eddy-region,Black Sea,eddy:geography:sevastopol-eddy-region,recurrent_eddy_region,,,Sevastopol Eddy,,,,,,regional,source:07e627067aca3504,,sevastopol-eddy-region,,recurrent,named_eddy,
index.html#eddy-geography-danube-eddy-region,Black Sea,eddy:geography:danube-eddy-region,recurrent_eddy_region,,,Danube Eddy,,,,,,regional,source:07e627067aca3504,,danube-eddy-region,,recurrent,named_eddy,
index.html#eddy-geography-constantsa-eddy-region,Black Sea,eddy:geography:constantsa-eddy-region,recurrent_eddy_region,,,Constantsa Eddy,,,,,,regional,source:07e627067aca3504,,constantsa-eddy-region,,recurrent,named_eddy,
index.html#eddy-geography-kaliakra-eddy-region,Black Sea,eddy:geography:kaliakra-eddy-region,recurrent_eddy_region,,,Kaliakra Eddy,,,,,,regional,source:07e627067aca3504,,kaliakra-eddy-region,,recurrent,named_eddy,
index.html#eddy-geography-haida-eddy-region,Gulf of Alaska,eddy:geography:haida-eddy-region,recurrent_eddy_region,,,Haida eddies,,,,,,regional,source:3808b5d0654d1312,,haida-eddy-region,,recurrent,named_eddy,
index.html#eddy-geography-sitka-eddy-region,Gulf of Alaska,eddy:geography:sitka-eddy-region,recurrent_eddy_region,,,Sitka eddies,,,,,,regional,source:3808b5d0654d1312,,sitka-eddy-region,,recurrent,named_eddy,
index.html#eddy-geography-yakutat-eddy-region,Gulf of Alaska,eddy:geography:yakutat-eddy-region,recurrent_eddy_region,,,Yakutat eddies,,,,,,regional,source:3808b5d0654d1312,,yakutat-eddy-region,,recurrent,named_eddy,
index.html#eddy-geography-kenai-eddy-region,Gulf of Alaska,eddy:geography:kenai-eddy-region,recurrent_eddy_region,,,Kenai eddies,,,,,,regional,source:42039ffbdb53ddee,,kenai-eddy-region,,recurrent,named_eddy,
index.html#eddy-geography-agulhas-rings-family,Agulhas retroflection / southeast Atlantic,eddy:geography:agulhas-rings-family,eddy_family,,,Agulhas Rings,,,,,,regional,source:d4e82da0872ed45c,,agulhas-rings-family,,unresolved,named_eddy,
index.html#eddy-geography-astrid-2000,Agulhas retroflection / southeast Atlantic,eddy:geography:astrid-2000,individual_eddy,,,Agulhas Ring Astrid,,,,,,regional,source:9af17213e4a22c57,,astrid-2000,,transient,named_eddy,
index.html#eddy-geography-laura-1999,Agulhas retroflection / southeast Atlantic,eddy:geography:laura-1999,individual_eddy,,,Agulhas Ring Laura,,,,,,regional,source:9af17213e4a22c57,,laura-1999,,transient,named_eddy,
index.html#eddy-geography-ana-2004,Agulhas retroflection / southeast Atlantic,eddy:geography:ana-2004,individual_eddy,,,Agulhas Ring Ana,,,,,,regional,source:0038dcb6a9c82c59,,ana-2004,,transient,named_eddy,
index.html#eddy-geography-eliza-2007,Agulhas retroflection / southeast Atlantic,eddy:geography:eliza-2007,individual_eddy,,,Agulhas Ring Eliza,,,,,,regional,source:0038dcb6a9c82c59,,eliza-2007,,transient,named_eddy,
index.html#eddy-geography-jeannette-2012,Agulhas retroflection / southeast Atlantic,eddy:geography:jeannette-2012,individual_eddy,,,Agulhas Ring Jeannette,,,,,,regional,source:0038dcb6a9c82c59,,jeannette-2012,,transient,named_eddy,
index.html#eddy-geography-lilian-2006,South Atlantic / Brazil Current margin,eddy:geography:lilian-2006,individual_eddy,,,Agulhas Ring Lilian,,,,,,regional,source:7e657de5446043ac,,lilian-2006,,transient,named_eddy,
index.html#eddy-geography-agulhas-eddy-w-2000,Cape Basin / southeast Atlantic,eddy:geography:agulhas-eddy-w-2000,individual_eddy,,,Agulhas Eddy W,,,,,,regional,source:2f08a84f84934093,,agulhas-eddy-w-2000,,transient,named_eddy,
index.html#eddy-geography-persian-gulf-peddies-family,Gulf of Oman,eddy:geography:persian-gulf-peddies-family,eddy_family,,,Peddies (Persian Gulf Water eddies),,,,,,regional,source:250906bc0fc824c6,,persian-gulf-peddies-family,,unresolved,named_eddy,
index.html#eddy-geography-cuba-anticyclones-family,Southern Gulf of Mexico / northwestern Cuba,eddy:geography:cuba-anticyclones-family,eddy_family,,,Cuba anticyclones (CubANs),,,,,,regional,source:0df4f907cbe2ba0d,,cuba-anticyclones-family,,unresolved,named_eddy,
index.html#eddy-geography-haida-1998,Gulf of Alaska,eddy:geography:haida-1998,individual_eddy,,,Haida-1998,,,,,,regional,source:8cebf4b2d3a12ec1,,haida-1998,,transient,named_eddy,
index.html#eddy-geography-sitka-2007,Gulf of Alaska,eddy:geography:sitka-2007,individual_eddy,,,Sitka Eddy (2007),,,,,,regional,source:42039ffbdb53ddee,,sitka-2007,,transient,named_eddy,
index.html#eddy-geography-kenai-2007,Gulf of Alaska,eddy:geography:kenai-2007,individual_eddy,,,Kenai Eddy (2007),,,,,,regional,source:42039ffbdb53ddee,,kenai-2007,,transient,named_eddy,
index.html#eddy-geography-meddies-family,Eastern North Atlantic / Gulf of Cadiz,eddy:geography:meddies-family,eddy_family,,,Meddies (Mediterranean Water eddies),,,,,,regional,source:df7738bef79549ad,,meddies-family,,unresolved,named_eddy,
index.html#eddy-geography-meddy-ulla-1997,Northeastern Atlantic offshore Iberia,eddy:geography:meddy-ulla-1997,individual_eddy,,,Meddy Ulla,,,,,,regional,source:10076dab6fd82d0b,,meddy-ulla-1997,,transient,named_eddy,
index.html#eddy-geography-cyprus-eddy-region,Eastern Mediterranean / Levantine Sea,eddy:geography:cyprus-eddy-region,recurrent_eddy_region,,,Cyprus Eddy,,,,,,regional,source:57526856f0eda997,,cyprus-eddy-region,,recurrent,named_eddy,
index.html#eddy-geography-shikmona-eddy-region,Eastern Mediterranean / Levantine Sea,eddy:geography:shikmona-eddy-region,recurrent_eddy_region,,,Shikmona Eddy,,,,,,regional,source:57526856f0eda997,,shikmona-eddy-region,,recurrent,named_eddy,
index.html#eddy-geography-latakia-eddy-region,Eastern Mediterranean / Levantine Sea,eddy:geography:latakia-eddy-region,recurrent_eddy_region,,,Latakia Eddy,,,,,,regional,source:57526856f0eda997,,latakia-eddy-region,,recurrent,named_eddy,
index.html#eddy-geography-mindanao-eddy-region,Western tropical Pacific,eddy:geography:mindanao-eddy-region,recurrent_eddy_region,,,Mindanao Eddy,,,,,,regional,source:fffab427c9c17ae6,,mindanao-eddy-region,,recurrent,named_eddy,
index.html#eddy-geography-halmahera-eddy-region,Western tropical Pacific,eddy:geography:halmahera-eddy-region,recurrent_eddy_region,,,Halmahera Eddy,,,,,,regional,source:fffab427c9c17ae6,,halmahera-eddy-region,,recurrent,named_eddy,
index.html#eddy-geography-new-guinea-eddy-region,Western equatorial Pacific north of New Guinea,eddy:geography:new-guinea-eddy-region,recurrent_eddy_region,,,New Guinea Eddy,,,,,,regional,source:14f30cbbf1cd40e4,,new-guinea-eddy-region,,recurrent,named_eddy,
,,nasa:gulf-stream,explicit_name,,,Gulf Stream,boundary_current,,,,,,source:bc3cba63d159d9f9,,gulf-stream,,,nasa_described_motion,
,,nasa:kuroshio,explicit_name,,,Kuroshio Current,boundary_current,,,,,,source:bc3cba63d159d9f9,,kuroshio,,,nasa_described_motion,
,,nasa:agulhas,explicit_name,,,Agulhas Current,boundary_current,,,,,,source:f70fe484befb3f44,,agulhas,,,nasa_described_motion,
,,nasa:east-australian,explicit_name,,,East Australian Current,boundary_current,,,,,,source:e43453cd59a7caec,,east-australian,,,nasa_described_motion,
,,nasa:indonesian-throughflow,explicit_name,,,Indonesian Throughflow,throughflow,,,,,,source:dc4ecdce7e297345,,indonesian-throughflow,,,nasa_described_motion,
,,nasa:red-sea-saline-overflow,described_structure,,,Red Sea saline overflow,overflow,,,,,,source:dc4ecdce7e297345,,red-sea-saline-overflow,,,nasa_described_motion,
,,nasa:persian-gulf-saline-overflow,described_structure,,,Persian Gulf saline overflow,overflow,,,,,,source:dc4ecdce7e297345,,persian-gulf-saline-overflow,,,nasa_described_motion,
,,nasa:western-boundary-currents,generic_process,,,Western boundary currents,current_class,,,,,,source:dc4ecdce7e297345,,western-boundary-currents,,,nasa_described_motion,
,,nasa:kuroshio-meanders,described_structure,,,Kuroshio meanders,meander,,,,,,source:dc4ecdce7e297345,,kuroshio-meanders,,,nasa_described_motion,
,,nasa:kuroshio-eastward-turn,described_structure,,,Kuroshio eastward turn,current_turn,,,,,,source:e43453cd59a7caec,,kuroshio-eastward-turn,,,nasa_described_motion,
,,nasa:kuroshio-eddies,described_structure,,,Kuroshio eddies,eddy_class,,,,,,source:e43453cd59a7caec,,kuroshio-eddies,,,nasa_described_motion,
,,nasa:agulhas-retroflection,described_structure,,,Agulhas retroflection,retroflection,,,,,,source:f70fe484befb3f44,,agulhas-retroflection,,,nasa_described_motion,
,,nasa:agulhas-rings,explicit_name,,,Agulhas Rings,ring_class,,,,,,source:dc4ecdce7e297345,,agulhas-rings,,,nasa_described_motion,
,,nasa:western-boundary-rings,generic_process,,,Western boundary current rings,ring_class,,,,,,source:dc4ecdce7e297345,,western-boundary-rings,,,nasa_described_motion,
,,nasa:gulf-stream-cold-cores,described_structure,,,Gulf Stream cold cores,eddy_class,,,,,,source:dc4ecdce7e297345,,gulf-stream-cold-cores,,,nasa_described_motion,
,,nasa:gulf-stream-deep-return,described_structure,,,Deep southward flow beneath the Gulf Stream,deep_counterflow,,,,,,source:dc4ecdce7e297345,,gulf-stream-deep-return,,,nasa_described_motion,
,,nasa:gulf-of-mexico-loop-eddies,described_structure,,,Gulf of Mexico loop eddies,eddy_class,,,,,,source:dc4ecdce7e297345,,gulf-of-mexico-loop-eddies,,,nasa_described_motion,
,,nasa:global-overturning,generic_process,,,Global ocean overturning circulation,circulation_system,,,,,,source:e43453cd59a7caec,,global-overturning,,,nasa_described_motion,
,,nasa:north-atlantic-sinking,described_structure,,,North Atlantic sinking water,sinking_region,,,,,,source:e43453cd59a7caec,,north-atlantic-sinking,,,nasa_described_motion,
,,nasa:upwelling,generic_process,,,Upwelling,vertical_process,,,,,,source:e43453cd59a7caec,,upwelling,,,nasa_described_motion,
,,nasa:downwelling,generic_process,,,Downwelling,vertical_process,,,,,,source:e43453cd59a7caec,,downwelling,,,nasa_described_motion,
,,nasa:ocean-eddies,generic_process,,,Ocean eddies,eddy_class,,,,,,source:bc3cba63d159d9f9,,ocean-eddies,,,nasa_described_motion,
index.html?state=ALSK,,state:ALSK,atlas_region,,,Alaska coastal downwelling,,,,,,,source:b038491b0e5a3967,,ALSK,,,osw_state,
index.html?state=ANTA,,state:ANTA,atlas_region,,,Antarctic,,,,,,,source:b038491b0e5a3967,,ANTA,,,osw_state,
index.html?state=APLR,,state:APLR,atlas_region,,,Austral polar,,,,,,,source:b038491b0e5a3967,,APLR,,,osw_state,
index.html?state=ARAB,,state:ARAB,atlas_region,,,Northwest Arabian Sea upwelling,,,,,,,source:b038491b0e5a3967,,ARAB,,,osw_state,
index.html?state=ARCH,,state:ARCH,atlas_region,,,Archipelagic deep basins,,,,,,,source:b038491b0e5a3967,,ARCH,,,osw_state,
index.html?state=ARCT,,state:ARCT,atlas_region,,,Atlantic Arctic,,,,,,,source:b038491b0e5a3967,,ARCT,,,osw_state,
index.html?state=AUSE,,state:AUSE,atlas_region,,,East Australian coast,,,,,,,source:b038491b0e5a3967,,AUSE,,,osw_state,
index.html?state=AUSW,,state:AUSW,atlas_region,,,Western Australian and Indonesian coast,,,,,,,source:b038491b0e5a3967,,AUSW,,,osw_state,
index.html?state=BENG,,state:BENG,atlas_region,,,Benguela Current coast,,,,,,,source:b038491b0e5a3967,,BENG,,,osw_state,
index.html?state=BERS,,state:BERS,atlas_region,,,North Pacific epicontinental sea,,,,,,,source:b038491b0e5a3967,,BERS,,,osw_state,
index.html?state=BPLR,,state:BPLR,atlas_region,,,Boreal polar,,,,,,,source:b038491b0e5a3967,,BPLR,,,osw_state,
index.html?state=BRAZ,,state:BRAZ,atlas_region,,,Brazil Current coast,,,,,,,source:b038491b0e5a3967,,BRAZ,,,osw_state,
index.html?state=CAMR,,state:CAMR,atlas_region,,,Central American coast,,,,,,,source:b038491b0e5a3967,,CAMR,,,osw_state,
index.html?state=CARB,,state:CARB,atlas_region,,,Caribbean,,,,,,,source:b038491b0e5a3967,,CARB,,,osw_state,
index.html?state=CCAL,,state:CCAL,atlas_region,,,Coastal California Current,,,,,,,source:b038491b0e5a3967,,CCAL,,,osw_state,
index.html?state=CHIN,,state:CHIN,atlas_region,,,China Sea,,,,,,,source:b038491b0e5a3967,,CHIN,,,osw_state,
index.html?state=CNRY,,state:CNRY,atlas_region,,,Canary Current coast,,,,,,,source:b038491b0e5a3967,,CNRY,,,osw_state,
index.html?state=EAFR,,state:EAFR,atlas_region,,,East African coast,,,,,,,source:b038491b0e5a3967,,EAFR,,,osw_state,
index.html?state=ETRA,,state:ETRA,atlas_region,,,Eastern tropical Atlantic,,,,,,,source:b038491b0e5a3967,,ETRA,,,osw_state,
index.html?state=FKLD,,state:FKLD,atlas_region,,,Southwest Atlantic shelves,,,,,,,source:b038491b0e5a3967,,FKLD,,,osw_state,
index.html?state=GFST,,state:GFST,atlas_region,,,Gulf Stream,,,,,,,source:b038491b0e5a3967,,GFST,,,osw_state,
index.html?state=GUIA,,state:GUIA,atlas_region,,,Guianas coast,,,,,,,source:b038491b0e5a3967,,GUIA,,,osw_state,
index.html?state=GUIN,,state:GUIN,atlas_region,,,Guinea Current coast,,,,,,,source:b038491b0e5a3967,,GUIN,,,osw_state,
index.html?state=HUMB,,state:HUMB,atlas_region,,,Humboldt Current coast,,,,,,,source:b038491b0e5a3967,,HUMB,,,osw_state,
index.html?state=IND E,,state:IND E,atlas_region,,,Eastern India coast,,,,,,,source:b038491b0e5a3967,,IND E,,,osw_state,
index.html?state=IND W,,state:IND W,atlas_region,,,Western India coast,,,,,,,source:b038491b0e5a3967,,IND W,,,osw_state,
index.html?state=ISSG,,state:ISSG,atlas_region,,,Indian South subtropical gyre,,,,,,,source:b038491b0e5a3967,,ISSG,,,osw_state,
index.html?state=KURO,,state:KURO,atlas_region,,,Kuroshio Current,,,,,,,source:b038491b0e5a3967,,KURO,,,osw_state,
index.html?state=MEDI,,state:MEDI,atlas_region,,,Mediterranean Sea,,,,,,,source:b038491b0e5a3967,,MEDI,,,osw_state,
index.html?state=MONS,,state:MONS,atlas_region,,,Indian monsoon gyre,,,,,,,source:b038491b0e5a3967,,MONS,,,osw_state,
index.html?state=NADR,,state:NADR,atlas_region,,,North Atlantic Drift,,,,,,,source:b038491b0e5a3967,,NADR,,,osw_state,
index.html?state=NAST E,,state:NAST E,atlas_region,,,Northeast Atlantic subtropical gyre,,,,,,,source:b038491b0e5a3967,,NAST E,,,osw_state,
index.html?state=NAST W,,state:NAST W,atlas_region,,,Northwest Atlantic subtropical gyre,,,,,,,source:b038491b0e5a3967,,NAST W,,,osw_state,
index.html?state=NATR,,state:NATR,atlas_region,,,North Atlantic tropical gyre,,,,,,,source:b038491b0e5a3967,,NATR,,,osw_state,
index.html?state=NECS,,state:NECS,atlas_region,,,Northeast Atlantic shelves,,,,,,,source:b038491b0e5a3967,,NECS,,,osw_state,
index.html?state=NEWZ,,state:NEWZ,atlas_region,,,New Zealand coast,,,,,,,source:b038491b0e5a3967,,NEWZ,,,osw_state,
index.html?state=NPPF,,state:NPPF,atlas_region,,,North Pacific polar front,,,,,,,source:b038491b0e5a3967,,NPPF,,,osw_state,
index.html?state=NPSE,,state:NPSE,atlas_region,,,Northeast Pacific subtropical,,,,,,,source:b038491b0e5a3967,,NPSE,,,osw_state,
index.html?state=NPSW,,state:NPSW,atlas_region,,,Northwest Pacific subtropical,,,,,,,source:b038491b0e5a3967,,NPSW,,,osw_state,
index.html?state=NPTG,,state:NPTG,atlas_region,,,North Pacific tropical gyre,,,,,,,source:b038491b0e5a3967,,NPTG,,,osw_state,
index.html?state=NWCS,,state:NWCS,atlas_region,,,Northwest Atlantic shelves,,,,,,,source:b038491b0e5a3967,,NWCS,,,osw_state,
index.html?state=OCAL,,state:OCAL,atlas_region,,,Oceanic California Current,,,,,,,source:b038491b0e5a3967,,OCAL,,,osw_state,
index.html?state=PEQD,,state:PEQD,atlas_region,,,Pacific equatorial divergence,,,,,,,source:b038491b0e5a3967,,PEQD,,,osw_state,
index.html?state=PNEC,,state:PNEC,atlas_region,,,North Pacific equatorial countercurrent,,,,,,,source:b038491b0e5a3967,,PNEC,,,osw_state,
index.html?state=PSAE,,state:PSAE,atlas_region,,,Eastern Pacific subarctic gyres,,,,,,,source:b038491b0e5a3967,,PSAE,,,osw_state,
index.html?state=PSAW,,state:PSAW,atlas_region,,,Western Pacific subarctic gyres,,,,,,,source:b038491b0e5a3967,,PSAW,,,osw_state,
index.html?state=REDS,,state:REDS,atlas_region,,,Red Sea and Persian Gulf,,,,,,,source:b038491b0e5a3967,,REDS,,,osw_state,
index.html?state=SANT,,state:SANT,atlas_region,,,Subantarctic water ring,,,,,,,source:b038491b0e5a3967,,SANT,,,osw_state,
index.html?state=SARC,,state:SARC,atlas_region,,,Atlantic sub-Arctic,,,,,,,source:b038491b0e5a3967,,SARC,,,osw_state,
index.html?state=SATL,,state:SATL,atlas_region,,,South Atlantic gyre,,,,,,,source:b038491b0e5a3967,,SATL,,,osw_state,
index.html?state=SPSG,,state:SPSG,atlas_region,,,South Pacific gyre,,,,,,,source:b038491b0e5a3967,,SPSG,,,osw_state,
index.html?state=SSTC,,state:SSTC,atlas_region,,,South subtropical convergence,,,,,,,source:b038491b0e5a3967,,SSTC,,,osw_state,
index.html?state=SUND,,state:SUND,atlas_region,,,Sunda–Arafura shelves,,,,,,,source:b038491b0e5a3967,,SUND,,,osw_state,
index.html?state=TASM,,state:TASM,atlas_region,,,Tasman Sea,,,,,,,source:b038491b0e5a3967,,TASM,,,osw_state,
index.html?state=WARM,,state:WARM,atlas_region,,,Western Pacific warm pool,,,,,,,source:b038491b0e5a3967,,WARM,,,osw_state,
index.html?state=WTRA,,state:WTRA,atlas_region,,,Western tropical Atlantic,,,,,,,source:b038491b0e5a3967,,WTRA,,,osw_state,
,North Atlantic,navo-freddies:2026-09-25:C26001,dated_detection,Provider W/C codes are dated operational designations; this receipt does not identify any historical named eddy or prove persistence between releases.,,NAVO C26001 — 2026-09-25,,2026-09-25,C26001,Cyclonic,Cold,regional,source:179111cb1095bbc9,,C26001,source:b1016cce3ed2285c,unresolved,operational_eddy_detection,unresolved
,North Atlantic,navo-freddies:2026-09-25:C26002,dated_detection,Provider W/C codes are dated operational designations; this receipt does not identify any historical named eddy or prove persistence between releases.,,NAVO C26002 — 2026-09-25,,2026-09-25,C26002,Cyclonic,Cold,regional,source:179111cb1095bbc9,,C26002,source:b1016cce3ed2285c,unresolved,operational_eddy_detection,unresolved
,North Atlantic,navo-freddies:2026-09-25:W26001,dated_detection,Provider W/C codes are dated operational designations; this receipt does not identify any historical named eddy or prove persistence between releases.,,NAVO W26001 — 2026-09-25,,2026-09-25,W26001,Anticyclonic,Warm,regional,source:179111cb1095bbc9,,W26001,source:b1016cce3ed2285c,unresolved,operational_eddy_detection,unresolved
,North Atlantic,navo-freddies:2026-09-25:W26002,dated_detection,Provider W/C codes are dated operational designations; this receipt does not identify any historical named eddy or prove persistence between releases.,,NAVO W26002 — 2026-09-25,,2026-09-25,W26002,Anticyclonic,Warm,regional,source:179111cb1095bbc9,,W26002,source:b1016cce3ed2285c,unresolved,operational_eddy_detection,unresolved
