entity_id,evidence_status,gate_distance_method_source_id,gate_distance_sensitivity,id,illustrated_span_km,illustrated_span_rank,illustration_ledger_source_id,illustration_limit,illustration_source_id,length_source_id,length_source_locator,lower_bound_km,proposed_system_length_km,published_length_km,published_rank,rank_eligible,scope,source_id
current:acc,published_estimate,,,length_assessment:acc,8475,1,source:3e0c99ee52e26d36,"Drawn map-arrow span, not a physical current length or lower bound",source:1dea75135bdc7c41,source:541670cca7b3e8d3,"Section 1 Introduction, opening sentence (approximately 25,000 km)",,,25000,1,True,Approximate circumpolar path; source calls it the longest wind-driven current.,source:803229fe82eb2360
current:antarctic-coastal,no_numeric_length,,,length_assessment:antarctic-coastal,5902,4,source:3e0c99ee52e26d36,"Drawn map-arrow span, not a physical current length or lower bound",source:1dea75135bdc7c41,,,,,,,False,The East Wind Drift is westward near the Antarctic coast. Its continuity and start/end limits vary by sector; the four published map arrows do not supply a measured centerline or comparable whole-current length.,source:803229fe82eb2360
current:california,published_estimate,,,length_assessment:california,3407,8,source:3e0c99ee52e26d36,"Drawn map-arrow span, not a physical current length or lower bound",source:1dea75135bdc7c41,source:3144208e2fb35f77,"PDF page 3, background box under California Current (California Current System extends 3,000 km)",,,3000,6,True,Approximate California Current System extent from Baja California Sur to northern Vancouver Island; not a measured California Current core axis.,source:803229fe82eb2360
current:gulf-stream-system,no_numeric_length,,,length_assessment:gulf-stream-system,,,source:3e0c99ee52e26d36,"Drawn map-arrow span, not a physical current length or lower bound",,,,,,,,False,"NOAA's glossary defines a continuous system comprising the Florida Current, Gulf Stream, and North Atlantic Current. The whole system extends beyond the Grand Banks toward the British Isles, so no 3,000 km Florida-to-Grand-Banks span is treated as its complete length.",source:803229fe82eb2360
current:gulf-stream,published_estimate,,,length_assessment:gulf-stream,2368,18,source:3e0c99ee52e26d36,"Drawn map-arrow span, not a physical current length or lower bound",source:1dea75135bdc7c41,source:75c205c85db07281,"Chapter 14, The Atlantic Ocean, PDF page 11 (printed page 239), paragraph beginning Recirculation of Gulf Stream water (next 2,500 km Gulf Stream proper)",,,2500,8,True,"Tomczak and Godfrey report approximately 2,500 km for the Gulf Stream proper as an open-ocean free jet downstream of Cape Hatteras toward the Newfoundland Rise/Grand Banks near 50°W. This excludes the Florida Current and North Atlantic Current; it is a textbook path-scale description, not a measured reference streamline. NOAA's glossary uses the same strict segment definition, while NASA and NOAA Coast Pilot sometimes use Gulf Stream more broadly.",source:803229fe82eb2360
current:kuroshio,published_estimate,,,length_assessment:kuroshio,,,source:3e0c99ee52e26d36,"Drawn map-arrow span, not a physical current length or lower bound",,source:a21500fd4390acaf,"PDF page 3, Introduction opening paragraph (3,000 km journey from about 12°N to 35°N)",,,3000,6,True,"Approximate Kuroshio journey from about 12°N to 35°N in the western North Pacific; not a measured whole-current axis, and the Kuroshio Extension is separate.",source:803229fe82eb2360
current:agulhas,derived_lower_bound,source:c6fba58548d92e28,"{""geographic_span_rank_best"": 5, ""geographic_span_rank_count"": 7, ""geographic_span_rank_worst"": 5, ""interpretation"": ""Finite gate-perturbation scenarios; not a statistical confidence interval, measured current path, or whole-current length range."", ""perturbation_basis"": ""OSW editorial sensitivity choice; not source-reported positional uncertainty."", ""perturbation_degrees"": 0.5, ""rank_interpretation"": ""Possible position by geographic gate separation within these seven source-gated spans; excludes along-current length and the published-length ranking. Overlap does not establish equal current length."", ""scenario_count"": 9, ""scenario_max_km"": 1552.8, ""scenario_min_km"": 1331.0}",length_assessment:agulhas,2491,16,source:3e0c99ee52e26d36,"Drawn map-arrow span, not a physical current length or lower bound",source:1dea75135bdc7c41,source:e60490bb3f4df65b,"Section The Agulhas Current, opening paragraph (27–40°S); 1,400 km floor is OSW meridional gate geometry",1400,,,,False,"The research description spans roughly 27°S–40°S; the coastal path is longer than its north–south separation. Retroflection, leakage, and the eastward Agulhas Return Current are distinct from this boundary-current core. The derived floor is unranked. A 2021 review also describes a roughly 1,000 km coastal segment. That narrower usage conflicts with the broader 27°S–40°S derived floor, so the two numbers are displayed as source-specific scopes and neither is ranked as a common whole-current length.",source:803229fe82eb2360
current:agulhas-return,derived_lower_bound,source:c6fba58548d92e28,"{""geographic_span_rank_best"": 1, ""geographic_span_rank_count"": 7, ""geographic_span_rank_worst"": 1, ""interpretation"": ""Finite gate-perturbation scenarios; not a statistical confidence interval, measured current path, or whole-current length range."", ""perturbation_basis"": ""OSW editorial sensitivity choice; not source-reported positional uncertainty."", ""perturbation_degrees"": 0.5, ""rank_interpretation"": ""Possible position by geographic gate separation within these seven source-gated spans; excludes along-current length and the published-length ranking. Overlap does not establish equal current length."", ""scenario_count"": 81, ""scenario_max_km"": 3310.8, ""scenario_min_km"": 3101.3}",length_assessment:agulhas-return,,,source:3e0c99ee52e26d36,"Drawn map-arrow span, not a physical current length or lower bound",,source:0623dc4aeee7fc02,"PDF pages 20–22, Figure 14 and Section 6 Conclusions, Agulhas Return Current surveyed eastward from 18°E to 76°E; 3,000 km floor is OSW gate geometry",3000,,,,False,"The hydrographic survey distinguishes the Agulhas Return Current from the Agulhas Current and traces its weakening eastward flow toward the Crozet Basin. This derived distance floor is not a measured streamline, whole-current length, or the length of the westward Agulhas Current.",source:803229fe82eb2360
current:east-australian,derived_lower_bound,source:c6fba58548d92e28,"{""geographic_span_rank_best"": 4, ""geographic_span_rank_count"": 7, ""geographic_span_rank_worst"": 4, ""interpretation"": ""Finite gate-perturbation scenarios; not a statistical confidence interval, measured current path, or whole-current length range."", ""perturbation_basis"": ""OSW editorial sensitivity choice; not source-reported positional uncertainty."", ""perturbation_degrees"": 0.5, ""rank_interpretation"": ""Possible position by geographic gate separation within these seven source-gated spans; excludes along-current length and the published-length ranking. Overlap does not establish equal current length."", ""scenario_count"": 9, ""scenario_max_km"": 1993.6, ""scenario_min_km"": 1772.1}",length_assessment:east-australian,6859,2,source:3e0c99ee52e26d36,"Drawn map-arrow span, not a physical current length or lower bound",source:1dea75135bdc7c41,source:bc07ae7317e29ce9,"Section 1 Introduction, opening EAC paragraph (15–32°S); 1,800 km floor is OSW meridional gate geometry",1800,,,,False,A derived minimum north–south span for the coherent shelf-break jet only; not a measured streamline or a published whole-current length. Separation and extension shift over time.,source:803229fe82eb2360
current:tasman-front,no_numeric_length,,,length_assessment:tasman-front,,,source:3e0c99ee52e26d36,"Drawn map-arrow span, not a physical current length or lower bound",,,,,,,,False,"The East Australian Current separates eastward as the Tasman Front at a variable latitude, reported between 28°S and 37°S. The cited study does not give stable whole-front endpoints or an along-flow length; do not add this branch to the East Australian Current's coastal floor. A 2019 review found the front rarely distinct in instantaneous fields; a single stable path length would overstate that evidence.",source:803229fe82eb2360
current:peru-humboldt,published_estimate,,,length_assessment:peru-humboldt,6651,3,source:3e0c99ee52e26d36,"Drawn map-arrow span, not a physical current length or lower bound",source:1dea75135bdc7c41,source:4e2cbe3e50eb054c,"PDF page 65, embedded Purca et al. manuscript, Introduction opening paragraph (ca. 6,000 km belt); PDF page 66 distinguishes its 1,000 km Peru study area",,,6000,4,True,"Approximate 6,000 km Humboldt Current belt from southern Chile toward northern Peru and the Galápagos, reported in an embedded Purca et al. manuscript in Purca Cuicapusa's 2005 thesis. This is a broad eastern South Pacific current-system extent, not a measured core streamline or the Peru Coastal Current alone; the manuscript separately describes its 1,000 km Peru study area.",source:803229fe82eb2360
current:benguela,derived_lower_bound,source:c6fba58548d92e28,"{""geographic_span_rank_best"": 6, ""geographic_span_rank_count"": 7, ""geographic_span_rank_worst"": 7, ""interpretation"": ""Finite gate-perturbation scenarios; not a statistical confidence interval, measured current path, or whole-current length range."", ""perturbation_basis"": ""OSW editorial sensitivity choice; not source-reported positional uncertainty."", ""perturbation_degrees"": 0.5, ""rank_interpretation"": ""Possible position by geographic gate separation within these seven source-gated spans; excludes along-current length and the published-length ranking. Overlap does not establish equal current length."", ""scenario_count"": 9, ""scenario_max_km"": 1329.2, ""scenario_min_km"": 1107.7}",length_assessment:benguela,4250,6,source:3e0c99ee52e26d36,"Drawn map-arrow span, not a physical current length or lower bound",source:1dea75135bdc7c41,source:21f756d2b07063f3,"Section 3.1.3 and Figure 5, Benguela Current system at 30°S, 24°S, and 19°S; OSW WGS84 meridional gate calculation",1200,,,,False,"The study identifies the Benguela Current system at 30°, 24°, and 19°S across decadal inverse solutions, with no continuity north of 19°S. The current and Benguela ecosystem have different extents. Section observations are from different cruises and do not establish a simultaneous centerline; the derived floor is unranked.",source:803229fe82eb2360
current:canary,section_only,,,length_assessment:canary,2345,19,source:3e0c99ee52e26d36,"Drawn map-arrow span, not a physical current length or lower bound",source:1dea75135bdc7c41,,,,,,,False,A fall 2009 section at 29°N locates a westward extent across the section and separates transport by depth layer. It does not measure the current's along-flow length.,source:803229fe82eb2360
current:labrador,no_numeric_length,,,length_assessment:labrador,3108,9,source:3e0c99ee52e26d36,"Drawn map-arrow span, not a physical current length or lower bound",source:1dea75135bdc7c41,,,,,,,False,No comparable path-length estimate admitted yet.,source:803229fe82eb2360
current:greenland-middle-atlantic-shelf-hypothesis,proposed_system_length,,,length_assessment:greenland-middle-atlantic-shelf-hypothesis,,,source:3e0c99ee52e26d36,"Drawn map-arrow span, not a physical current length or lower bound",,source:bcde6ef21698b592,"Abstract, proposed 5,000 km buoyancy-driven coastal current from southern Greenland to the Middle Atlantic Bight",,5000,,,False,"A 1989 paper hypothesizes a 5,000 km buoyancy-driven coastal connection from southern Greenland to the Middle Atlantic Bight based on limited oxygen-isotope evidence. This proposed system length is unranked and is not the length of the Labrador Current alone.",source:803229fe82eb2360
current:brazil,derived_lower_bound,source:c6fba58548d92e28,"{""geographic_span_rank_best"": 6, ""geographic_span_rank_count"": 7, ""geographic_span_rank_worst"": 7, ""interpretation"": ""Finite gate-perturbation scenarios; not a statistical confidence interval, measured current path, or whole-current length range."", ""perturbation_basis"": ""OSW editorial sensitivity choice; not source-reported positional uncertainty."", ""perturbation_degrees"": 0.5, ""rank_interpretation"": ""Possible position by geographic gate separation within these seven source-gated spans; excludes along-current length and the published-length ranking. Overlap does not establish equal current length."", ""scenario_count"": 9, ""scenario_max_km"": 1329.2, ""scenario_min_km"": 1107.7}",length_assessment:brazil,4391,5,source:3e0c99ee52e26d36,"Drawn map-arrow span, not a physical current length or lower bound",source:1dea75135bdc7c41,source:21f756d2b07063f3,"Section 3.1.2 and Figure 5, Brazil Current at 19°S, 24°S, and 30°S; OSW WGS84 meridional gate calculation",1200,,,,False,"The study identifies southward Brazil Current transport at 19°, 24°, and 30°S. Confluence location and downstream identity vary. Section observations are from different cruises and do not establish a simultaneous centerline; the derived floor is unranked.",source:803229fe82eb2360
current:north-atlantic,no_numeric_length,,,length_assessment:north-atlantic,3776,7,source:3e0c99ee52e26d36,"Drawn map-arrow span, not a physical current length or lower bound",source:1dea75135bdc7c41,,,,,,,False,"NOAA's glossary defines this as a named Gulf Stream System segment from southeast of the Grand Banks near 40°N, 50°W toward the British Isles. Its downstream branches and whole-current path length are unresolved here.",source:803229fe82eb2360
current:deep-western-boundary,derived_lower_bound,source:c6fba58548d92e28,"{""geographic_span_rank_best"": 2, ""geographic_span_rank_count"": 7, ""geographic_span_rank_worst"": 2, ""interpretation"": ""Finite gate-perturbation scenarios; not a statistical confidence interval, measured current path, or whole-current length range."", ""perturbation_basis"": ""OSW editorial sensitivity choice; not source-reported positional uncertainty."", ""perturbation_degrees"": 0.5, ""rank_interpretation"": ""Possible position by geographic gate separation within these seven source-gated spans; excludes along-current length and the published-length ranking. Overlap does not establish equal current length."", ""scenario_count"": 9, ""scenario_max_km"": 2607.5, ""scenario_min_km"": 2385.6}",length_assessment:deep-western-boundary,,,source:3e0c99ee52e26d36,"Drawn map-arrow span, not a physical current length or lower bound",,source:21f756d2b07063f3,"Section 3.2.3 and Figure 8, DWBC at 47°N, 36°N, and 24.5°N; OSW WGS84 meridional gate calculation",2400,,,,False,"The study identifies southward deep western boundary flow at 47°, 36°, and 24.5°N in decadal inverse solutions. This is a North Atlantic segment only; sections from different cruises do not establish one simultaneous continuous path or a whole-Atlantic current length. The derived floor is unranked.",source:803229fe82eb2360
current:azores,section_only,,,length_assessment:azores,,,source:3e0c99ee52e26d36,"Drawn map-arrow span, not a physical current length or lower bound",,,,,,,,False,"The 110 km figure below is width across one 2009 meridional section at 24.5°W, not along-current length or a whole-current extent.",source:803229fe82eb2360
current:azores-countercurrent,section_only,,,length_assessment:azores-countercurrent,,,source:3e0c99ee52e26d36,"Drawn map-arrow span, not a physical current length or lower bound",,,,,,,,False,"The 110 km figure below is width across one 2009 meridional section at 24.5°W, not along-current length or a whole-current extent.",source:803229fe82eb2360
current:portugal,section_only,,,length_assessment:portugal,,,source:3e0c99ee52e26d36,"Drawn map-arrow span, not a physical current length or lower bound",,,,,,,,False,The 2009 study identifies one zonal crossing at 37°N; its 13.5–14.8°W longitude band and transport do not establish a whole-current length. Keep the offshore Portugal Current distinct from coastal counterflows.,source:803229fe82eb2360
current:mediterranean-undercurrent,no_numeric_length,,,length_assessment:mediterranean-undercurrent,,,source:3e0c99ee52e26d36,"Drawn map-arrow span, not a physical current length or lower bound",,,,,,,,False,"RAFOS floats and hydrography track the undercurrent from the Gulf of Cádiz around southwestern Portugal, where a roughly 30 km wide jet weakens and broadens northward. That width is cross-stream, not its length; branching and loss from the slope prevent a single measured endpoint here.",source:803229fe82eb2360
current:east-adriatic,no_numeric_length,,,length_assessment:east-adriatic,,,source:3e0c99ee52e26d36,"Drawn map-arrow span, not a physical current length or lower bound",,,,,,,,False,"2002–2003 measurements off the eastern Adriatic coast establish a variable current that strengthened in January–February and again in May. Its Dalmatian coastal reach may overlap the older Dalmatian Current name, but that synonymy is not yet established; no full path length is admitted.",source:803229fe82eb2360
current:black-sea-rim,no_numeric_length,,,length_assessment:black-sea-rim,,,source:3e0c99ee52e26d36,"Drawn map-arrow span, not a physical current length or lower bound",,,,,,,,False,"Copernicus Marine defines this basin-scale cyclonic flow and measures intensity in northern and southern slope sectors. Those sectors are monitoring windows, not a full current centerline or length. Older Caucasus and Southern Current names may describe sectors, but equivalence is unresolved.",source:803229fe82eb2360
current:loop,no_numeric_length,,,length_assessment:loop,,,source:3e0c99ee52e26d36,"Drawn map-arrow span, not a physical current length or lower bound",,,,,,,,False,The loop expands and retracts; its path length changes.,source:803229fe82eb2360
current:florida,published_estimate,,,length_assessment:florida,,,source:3e0c99ee52e26d36,"Drawn map-arrow span, not a physical current length or lower bound",,source:75c205c85db07281,"Chapter 14, The Atlantic Ocean, PDF page 11 (printed page 239), paragraph beginning Recirculation of Gulf Stream water (1,200 km downstream to Cape Hatteras)",,,1200,11,True,"Tomczak and Godfrey report approximately 1,200 km from the Florida Straits along the coast to separation near Cape Hatteras. This is the Florida Current segment of the Gulf Stream System, not a whole-system length or a measured reference streamline. NOAA's glossary independently names the same segment; NASA and NOAA Coast Pilot sometimes use Gulf Stream more broadly for the Florida Straits flow.",source:803229fe82eb2360
current:north-brazil,no_numeric_length,,,length_assessment:north-brazil,,,source:3e0c99ee52e26d36,"Drawn map-arrow span, not a physical current length or lower bound",,,,,,,,False,Retroflection and rings need separate treatment.,source:803229fe82eb2360
current:alaska,no_numeric_length,,,length_assessment:alaska,3049,10,source:3e0c99ee52e26d36,"Drawn map-arrow span, not a physical current length or lower bound",source:1dea75135bdc7c41,,,,,,,False,No comparable path-length estimate admitted yet.,source:803229fe82eb2360
current:aleutian,no_numeric_length,,,length_assessment:aleutian,,,source:3e0c99ee52e26d36,"Drawn map-arrow span, not a physical current length or lower bound",,,,,,,,False,"The meteorological glossary identifies this as the southern eastward limb of the North Pacific subpolar gyre, also called the Subarctic Current. Its mixing with the North Pacific Current and variable frontal boundary leave no source-defined whole-current length for this ledger.",source:803229fe82eb2360
current:antilles,no_numeric_length,,,length_assessment:antilles,,,source:3e0c99ee52e26d36,"Drawn map-arrow span, not a physical current length or lower bound",,,,,,,,False,"NOAA's six sections near 28°35′N found variable northward and southward bands rather than the broad, persistent northward surface current shown on older charts. This section cannot establish a whole-current path or length and does not resolve flow farther south.",source:803229fe82eb2360
current:davidson,no_numeric_length,,,length_assessment:davidson,,,source:3e0c99ee52e26d36,"Drawn map-arrow span, not a physical current length or lower bound",,,,,,,,False,"A seasonal countercurrent, not a permanent jet.",source:803229fe82eb2360
current:east-greenland,derived_lower_bound,source:c6fba58548d92e28,"{""geographic_span_rank_best"": 3, ""geographic_span_rank_count"": 7, ""geographic_span_rank_worst"": 3, ""interpretation"": ""Finite gate-perturbation scenarios; not a statistical confidence interval, measured current path, or whole-current length range."", ""perturbation_basis"": ""OSW editorial sensitivity choice; not source-reported positional uncertainty."", ""perturbation_degrees"": 0.5, ""rank_interpretation"": ""Possible position by geographic gate separation within these seven source-gated spans; excludes along-current length and the published-length ranking. Overlap does not establish equal current length."", ""scenario_count"": 9, ""scenario_max_km"": 2286.5, ""scenario_min_km"": 2063.5}",length_assessment:east-greenland,1950,21,source:3e0c99ee52e26d36,"Drawn map-arrow span, not a physical current length or lower bound",source:1dea75135bdc7c41,source:8790d970dd742fd0,"Section 2, paragraph defining East Greenland shelf from Fram Strait 78.5°N to Cape Farewell 59°N; 2,100 km floor is OSW meridional gate geometry",2100,,,,False,"The study distinguishes the outer East Greenland Current from the coastal branch and assesses the system between the 78.5°N Fram Strait section and Cape Farewell. The coast-following route may be longer than the north–south separation; no comparable whole-current centerline length is admitted, so this regional floor is unranked.",source:803229fe82eb2360
current:east-greenland-coastal,sampled_reach_only,,,length_assessment:east-greenland-coastal,,,source:3e0c99ee52e26d36,"Drawn map-arrow span, not a physical current length or lower bound",,,,,,,,False,"A summer 2004 hydrographic and velocity survey identified this inner-shelf branch along the approximately 1,000 km southeast Greenland shelf south of Denmark Strait. That is a documented regional reach, not a measured whole-current path or a year-round length; the offshore East Greenland Current is distinct.",source:803229fe82eb2360
current:falkland,published_estimate,,,length_assessment:falkland,1802,22,source:3e0c99ee52e26d36,"Drawn map-arrow span, not a physical current length or lower bound",source:1dea75135bdc7c41,source:df04e92fab7c4ca8,"Page 1, opening sentence of EGU2009-12242 abstract (2000 km northward loop)",,,2000,9,True,"Source-reported approximate 2,000 km northward loop of the northern Antarctic Circumpolar Current branch in the Argentine Basin, from a 2009 EGU conference abstract. No reference centerline, endpoint coordinates, depth-defined length or uncertainty is supplied. Do not interpret this as a measured dated path, a shelf-break front length, or an independently specified Malvinas Return Current extent.",source:803229fe82eb2360
current:guiana,no_numeric_length,,,length_assessment:guiana,,,source:3e0c99ee52e26d36,"Drawn map-arrow span, not a physical current length or lower bound",,,,,,,,False,No comparable path-length estimate admitted yet.,source:803229fe82eb2360
current:guinea,no_numeric_length,,,length_assessment:guinea,1284,24,source:3e0c99ee52e26d36,"Drawn map-arrow span, not a physical current length or lower bound",source:1dea75135bdc7c41,,,,,,,False,No comparable path-length estimate admitted yet.,source:803229fe82eb2360
current:irminger,no_numeric_length,,,length_assessment:irminger,,,source:3e0c99ee52e26d36,"Drawn map-arrow span, not a physical current length or lower bound",,,,,,,,False,No comparable path-length estimate admitted yet.,source:803229fe82eb2360
current:kuroshio-extension,no_numeric_length,,,length_assessment:kuroshio-extension,,,source:3e0c99ee52e26d36,"Drawn map-arrow span, not a physical current length or lower bound",,,,,,,,False,A named continuation of the Kuroshio; keep separate from its core length.,source:803229fe82eb2360
current:monsoon,no_numeric_length,,,length_assessment:monsoon,,,source:3e0c99ee52e26d36,"Drawn map-arrow span, not a physical current length or lower bound",,,,,,,,False,Seasonal reversal changes the path and direction.,source:803229fe82eb2360
current:indonesian-throughflow,no_numeric_length,,,length_assessment:indonesian-throughflow,,,source:3e0c99ee52e26d36,"Drawn map-arrow span, not a physical current length or lower bound",,,,,,,,False,"NASA names the Pacific-to-Indian freshwater passage through narrow gaps of the Maritime Continent but gives no single current centerline or whole-system length. This is a multi-channel flow, so no length enters the ranking.",source:803229fe82eb2360
current:red-sea-saline-overflow,no_numeric_length,,,length_assessment:red-sea-saline-overflow,,,source:3e0c99ee52e26d36,"Drawn map-arrow span, not a physical current length or lower bound",,,,,,,,False,NASA identifies a saline overflow contribution from the Red Sea to the western Indian Ocean. The gateway at Bab el Mandeb is not a measured plume endpoint or a whole-flow centerline; the downstream pathway and seasonal strength require separate observations.,source:803229fe82eb2360
current:persian-gulf-saline-overflow,no_numeric_length,,,length_assessment:persian-gulf-saline-overflow,,,source:3e0c99ee52e26d36,"Drawn map-arrow span, not a physical current length or lower bound",,,,,,,,False,NASA identifies a saline overflow contribution from the Persian Gulf to the western Indian Ocean. The Strait of Hormuz gateway is not a measured plume endpoint or a whole-flow centerline; dilution and circulation beyond the strait require separate observations.,source:803229fe82eb2360
current:north-cape,no_numeric_length,,,length_assessment:north-cape,,,source:3e0c99ee52e26d36,"Drawn map-arrow span, not a physical current length or lower bound",,,,,,,,False,No comparable path-length estimate admitted yet.,source:803229fe82eb2360
current:north-equatorial,no_numeric_length,,,length_assessment:north-equatorial,6226,,source:3e0c99ee52e26d36,"Drawn map-arrow span, not a physical current length or lower bound",source:1dea75135bdc7c41,,,,,,,False,The same name is used in multiple basins; split into basin-specific records before measuring.,source:803229fe82eb2360
current:north-pacific,no_numeric_length,,,length_assessment:north-pacific,2808,13,source:3e0c99ee52e26d36,"Drawn map-arrow span, not a physical current length or lower bound",source:1dea75135bdc7c41,,,,,,,False,Branches and continuation limits require a declared rule.,source:803229fe82eb2360
current:norwegian,no_numeric_length,,,length_assessment:norwegian,2108,20,source:3e0c99ee52e26d36,"Drawn map-arrow span, not a physical current length or lower bound",source:1dea75135bdc7c41,,,,,,,False,"No comparable path-length estimate admitted yet. Published usage of this name overlaps with, or distinguishes it from, the Norwegian Coastal Current; identity remains unresolved here.",source:803229fe82eb2360
current:norwegian-coastal,section_only,,,length_assessment:norwegian-coastal,,,source:3e0c99ee52e26d36,"Drawn map-arrow span, not a physical current length or lower bound",,,,,,,,False,"A source identifies the current along the Norwegian coast and represents it with stations 1 and 5 nautical miles off Torungen; this is a section location, not a whole-current length. Its relation to the name Norwegian Current is convention-dependent.",source:803229fe82eb2360
current:algerian,no_numeric_length,,,length_assessment:algerian,,,source:3e0c99ee52e26d36,"Drawn map-arrow span, not a physical current length or lower bound",,,,,,,,False,"The source describes a coastal current along Algeria that sheds mesoscale eddies; the atlas point is regional and does not define a start, end, or measured centerline.",source:803229fe82eb2360
current:balearic,no_numeric_length,,,length_assessment:balearic,,,source:3e0c99ee52e26d36,"Drawn map-arrow span, not a physical current length or lower bound",,,,,,,,False,The source describes a branch of the Northern Current turning near 40.6°N and contributing to flow in front of Mallorca; no comparable whole-current length is given.,source:803229fe82eb2360
current:western-adriatic,no_numeric_length,,,length_assessment:western-adriatic,,,source:3e0c99ee52e26d36,"Drawn map-arrow span, not a physical current length or lower bound",,,,,,,,False,"Drifter evidence identifies a fast, coastally confined southeastward flow along the Italian Adriatic coast; the regional atlas point is not a measured centerline or length endpoint.",source:803229fe82eb2360
current:baffin,no_numeric_length,,,length_assessment:baffin,,,source:3e0c99ee52e26d36,"Drawn map-arrow span, not a physical current length or lower bound",,,,,,,,False,"The source identifies Baffin Island Current flow along western Baffin Bay; the atlas point is regional, with no source-defined whole-current centerline or length.",source:803229fe82eb2360
current:mauritanian,no_numeric_length,,,length_assessment:mauritanian,,,source:3e0c99ee52e26d36,"Drawn map-arrow span, not a physical current length or lower bound",,,,,,,,False,The source reports poleward surface flow during the May–July relaxation season in the Mauritanian upwelling region; winter upwelling-season coastal flow is equatorward. A single year-round direction or whole-current length would misrepresent this seasonal regime.,source:803229fe82eb2360
current:gaspe,no_numeric_length,,,length_assessment:gaspe,,,source:3e0c99ee52e26d36,"Drawn map-arrow span, not a physical current length or lower bound",,,,,,,,False,"The source places the jet along the Gaspé Peninsula and reports a typical width of about 10–20 km near its strongest reach; width is not along-current length, and no comparable whole-current estimate is admitted.",source:803229fe82eb2360
current:northern-mediterranean,no_numeric_length,,,length_assessment:northern-mediterranean,,,source:3e0c99ee52e26d36,"Drawn map-arrow span, not a physical current length or lower bound",,,,,,,,False,"The named flow is described from the Ligurian Sea along the Provençal and Catalan coasts. The cited paper reports widths and local sections, not a comparable whole-current alongstream length.",source:803229fe82eb2360
current:ligurian,no_numeric_length,,,length_assessment:ligurian,,,source:3e0c99ee52e26d36,"Drawn map-arrow span, not a physical current length or lower bound",,,,,,,,False,"The source describes a Northern Current formed in the Ligurian Sea that flows onward along the Provençal and Balearic slopes; the Ligurian name is treated here as its source-region segment, without assigning the whole system's extent to this record.",source:803229fe82eb2360
current:oyashio,no_numeric_length,,,length_assessment:oyashio,2551,15,source:3e0c99ee52e26d36,"Drawn map-arrow span, not a physical current length or lower bound",source:1dea75135bdc7c41,,,,,,,False,No comparable path-length estimate admitted yet.,source:803229fe82eb2360
current:somali,no_numeric_length,,,length_assessment:somali,,,source:3e0c99ee52e26d36,"Drawn map-arrow span, not a physical current length or lower bound",,,,,,,,False,Seasonal reversal makes a single static length misleading.,source:803229fe82eb2360
current:south-equatorial,no_numeric_length,,,length_assessment:south-equatorial,13004,,source:3e0c99ee52e26d36,"Drawn map-arrow span, not a physical current length or lower bound",source:1dea75135bdc7c41,,,,,,,False,The same name is used in multiple basins; split into basin-specific records before measuring.,source:803229fe82eb2360
current:spitsbergen-atlantic,no_numeric_length,,,length_assessment:spitsbergen-atlantic,,,source:3e0c99ee52e26d36,"Drawn map-arrow span, not a physical current length or lower bound",,,,,,,,False,No comparable path-length estimate admitted yet.,source:803229fe82eb2360
current:tsushima,no_numeric_length,,,length_assessment:tsushima,,,source:3e0c99ee52e26d36,"Drawn map-arrow span, not a physical current length or lower bound",,,,,,,,False,A segment of the Kuroshio system in NOAA's glossary.,source:803229fe82eb2360
current:west-australian,no_numeric_length,,,length_assessment:west-australian,3007,12,source:3e0c99ee52e26d36,"Drawn map-arrow span, not a physical current length or lower bound",source:1dea75135bdc7c41,,,,,,,False,No comparable path-length estimate admitted yet.,source:803229fe82eb2360
current:leeuwin,published_lower_bound,,,length_assessment:leeuwin,,,source:3e0c99ee52e26d36,"Drawn map-arrow span, not a physical current length or lower bound",,source:a0cafa9c716a91f6,"PDF page 108 (viewer page including cover); source states more than 2,000 km",2000,,,,False,"Published lower bound for southward flow along Western Australia's continental shelf, from tropical to cool-temperate coasts; distinct from the northward West Australian Current offshore. A lower bound is not a ranked whole-current estimate.",source:803229fe82eb2360
current:australian-west-south-boundary-flow,published_estimate,,,length_assessment:australian-west-south-boundary-flow,,,source:3e0c99ee52e26d36,"Drawn map-arrow span, not a physical current length or lower bound",,source:5c227482b3435824,"Abstract [1] and Section 9 Discussion and Conclusion [53] (5,500 km winter boundary-flow system)",,,5500,5,True,"Continuous austral-winter shelf-edge flow from North West Cape to southern Tasmania, comprising the Leeuwin, South Australian, and Zeehan currents; not the length of Leeuwin alone.",source:803229fe82eb2360
current:south-australian,no_numeric_length,,,length_assessment:south-australian,,,source:3e0c99ee52e26d36,"Drawn map-arrow span, not a physical current length or lower bound",,,,,,,,False,Named section from eastern Great Australian Bight to western Bass Strait in the source's winter boundary-flow convention.,source:803229fe82eb2360
current:zeehan,no_numeric_length,,,length_assessment:zeehan,,,source:3e0c99ee52e26d36,"Drawn map-arrow span, not a physical current length or lower bound",,,,,,,,False,Named section off western Tasmania in the source's winter boundary-flow convention.,source:803229fe82eb2360
current:caribbean,no_numeric_length,,,length_assessment:caribbean,1675,23,source:3e0c99ee52e26d36,"Drawn map-arrow span, not a physical current length or lower bound",source:1dea75135bdc7c41,,,,,,,False,No source-defined whole-current path length admitted yet.,source:803229fe82eb2360
current:equatorial-countercurrent,no_numeric_length,,,length_assessment:equatorial-countercurrent,4809,,source:3e0c99ee52e26d36,"Drawn map-arrow span, not a physical current length or lower bound",source:1dea75135bdc7c41,,,,,,,False,Umbrella label for multiple eastward tropical countercurrents. North and South named families and basin-specific flows require separate boundaries and length estimates.,source:803229fe82eb2360
current:north-equatorial-countercurrent,no_numeric_length,,,length_assessment:north-equatorial-countercurrent,,,source:3e0c99ee52e26d36,"Drawn map-arrow span, not a physical current length or lower bound",,,,,,,,False,Atlantic and Pacific upper-ocean currents share a name but have distinct paths and seasonality. The family has no single measured length; this is distinct from the deeper North Equatorial Undercurrent.,source:803229fe82eb2360
current:atlantic-north-equatorial-countercurrent,no_numeric_length,,,length_assessment:atlantic-north-equatorial-countercurrent,,,source:3e0c99ee52e26d36,"Drawn map-arrow span, not a physical current length or lower bound",,,,,,,,False,"Observed cores near 6.5°N and 8°N at 38°W in the 1998–2006 survey record, with marked seasonal variability. These cross-sections do not determine an along-current length.",source:803229fe82eb2360
current:pacific-north-equatorial-countercurrent,no_numeric_length,,,length_assessment:pacific-north-equatorial-countercurrent,,,source:3e0c99ee52e26d36,"Drawn map-arrow span, not a physical current length or lower bound",,,,,,,,False,Repeated Pacific velocity sections identify a near-surface eastward core around 7°N at 140°W. The section locates the current but gives no comparable along-current length.,source:803229fe82eb2360
current:south-equatorial-countercurrent,no_numeric_length,,,length_assessment:south-equatorial-countercurrent,,,source:3e0c99ee52e26d36,"Drawn map-arrow span, not a physical current length or lower bound",,,,,,,,False,"Separate Atlantic, Pacific, and Indian eastward tropical flows share this name. Their seasonal expression and geographic limits differ; no cross-basin family length can be ranked.",source:803229fe82eb2360
current:atlantic-south-equatorial-countercurrent,no_numeric_length,,,length_assessment:atlantic-south-equatorial-countercurrent,,,source:3e0c99ee52e26d36,"Drawn map-arrow span, not a physical current length or lower bound",,,,,,,,False,"Ship observations place a weak eastward flow in the 7–9°S belt near 30°W in some seasons, with westward flow in spring 1994. The western survey limit and intermittency prevent a defensible whole-current length.",source:803229fe82eb2360
current:pacific-south-equatorial-countercurrent,no_numeric_length,,,length_assessment:pacific-south-equatorial-countercurrent,,,source:3e0c99ee52e26d36,"Drawn map-arrow span, not a physical current length or lower bound",,,,,,,,False,"Argo-based analysis reports a boreal-spring band near 5–13°S from 150°E to 170°W, with seasonal changes in zonal reach and depth. That observed seasonal envelope is not a traced alongstream length and is unranked.",source:803229fe82eb2360
current:indian-south-equatorial-countercurrent,no_numeric_length,,,length_assessment:indian-south-equatorial-countercurrent,,,source:3e0c99ee52e26d36,"Drawn map-arrow span, not a physical current length or lower bound",,,,,,,,False,"Repeated XBT shipping-line sections identify this flow, including a western line near 55°E with a variable trough around 5–10°S. Section transports and latitude bands are not an along-current length.",source:803229fe82eb2360
current:equatorial-undercurrent,no_numeric_length,,,length_assessment:equatorial-undercurrent,,,source:3e0c99ee52e26d36,"Drawn map-arrow span, not a physical current length or lower bound",,,,,,,,False,A shared subsurface name across three basins. The Indian Ocean expression is weaker and seasonal; component currents require separate boundaries and length estimates.,source:803229fe82eb2360
current:pacific-equatorial-undercurrent,published_estimate,,,length_assessment:pacific-equatorial-undercurrent,,,source:3e0c99ee52e26d36,"Drawn map-arrow span, not a physical current length or lower bound",,source:14f30cbbf1cd40e4,"Section 1 Introduction, paragraph [2] (14,000 km pathway)",,,14000,3,True,"Approximate basin-wide eastward pathway from north of Papua New Guinea to the South American coast described in Grenier et al. (2011). The source's 14,000 km is a broad path estimate, not a traced instantaneous core or the length of the Atlantic or Indian Equatorial Undercurrent. A 0°N, 140°W mooring locates the current independently.",source:803229fe82eb2360
current:atlantic-equatorial-undercurrent,no_numeric_length,,,length_assessment:atlantic-equatorial-undercurrent,,,source:3e0c99ee52e26d36,"Drawn map-arrow span, not a physical current length or lower bound",,,,,,,,False,"A PIRATA ADCP observed the current at 0°N, 23°W in 2002; the station is not a whole-current length. Lomonosov is an established alternate name; Marine Regions spells it Lomonoscov.",source:803229fe82eb2360
current:indian-equatorial-undercurrent,section_only,,,length_assessment:indian-equatorial-undercurrent,,,source:3e0c99ee52e26d36,"Drawn map-arrow span, not a physical current length or lower bound",,,,,,,,False,"Observed across a 2°S–2°N section at 90°E on 1–3 March 2017; the reported ~13.5 Sv is section transport, not path length. A later review describes the Indian expression as weaker and seasonally varying; one campaign does not establish a permanent path.",source:803229fe82eb2360
current:north-equatorial-undercurrent,no_numeric_length,,,length_assessment:north-equatorial-undercurrent,,,source:3e0c99ee52e26d36,"Drawn map-arrow span, not a physical current length or lower bound",,,,,,,,False,The same name is used for separately observed Atlantic and Pacific subsurface flows with different latitude and depth settings. Do not rank a cross-basin family length.,source:803229fe82eb2360
current:atlantic-north-equatorial-undercurrent,no_numeric_length,,,length_assessment:atlantic-north-equatorial-undercurrent,,,source:3e0c99ee52e26d36,"Drawn map-arrow span, not a physical current length or lower bound",,,,,,,,False,"Direct observations near 5°N, 23°W cover a 65–270 m subsurface layer; variability is dominated by intraseasonal events, and the mooring does not determine basin-wide length.",source:803229fe82eb2360
current:pacific-north-equatorial-undercurrent,section_only,,,length_assessment:pacific-north-equatorial-undercurrent,,,source:3e0c99ee52e26d36,"Drawn map-arrow span, not a physical current length or lower bound",,,,,,,,False,"The 130°E mooring array measures eastward subsurface jets between 8.5°N and 17.5°N, with 5.1 Sv mean positive transport to 900 m under the study definition. This cross-section is not a path length.",source:803229fe82eb2360
current:south-equatorial-undercurrent,no_numeric_length,,,length_assessment:south-equatorial-undercurrent,,,source:3e0c99ee52e26d36,"Drawn map-arrow span, not a physical current length or lower bound",,,,,,,,False,"The same name appears in separate Atlantic and Indian observations, with different vertical reach and seasonality; a family has no single measured length.",source:803229fe82eb2360
current:atlantic-south-equatorial-undercurrent,section_only,,,length_assessment:atlantic-south-equatorial-undercurrent,,,source:3e0c99ee52e26d36,"Drawn map-arrow span, not a physical current length or lower bound",,,,,,,,False,"The 35°W section identifies eastward flow between 2.5°S and 4°S at 200–500 m, with 2.8 Sv mean transport under the study definition. Section transport is not whole-current length.",source:803229fe82eb2360
current:indian-south-equatorial-undercurrent,no_numeric_length,,,length_assessment:indian-south-equatorial-undercurrent,,,source:3e0c99ee52e26d36,"Drawn map-arrow span, not a physical current length or lower bound",,,,,,,,False,"A 10°S, 87°E mooring and reanalysis identify a subsurface eastward jet beneath the westward South Equatorial Current; its deep reach and seasonality differ from the Atlantic flow. No comparable whole-current length is admitted.",source:803229fe82eb2360
current:south-atlantic,no_numeric_length,,,length_assessment:south-atlantic,2431,17,source:3e0c99ee52e26d36,"Drawn map-arrow span, not a physical current length or lower bound",source:1dea75135bdc7c41,,,,,,,False,Named basin-spanning flow in the cited study; no source-defined whole-current path length admitted yet. Cartographic crossings remain separately pending review.,source:803229fe82eb2360
current:south-indian,no_numeric_length,,,length_assessment:south-indian,3013,11,source:3e0c99ee52e26d36,"Drawn map-arrow span, not a physical current length or lower bound",source:1dea75135bdc7c41,,,,,,,False,Eastward subtropical-gyre flow near 40 degrees S in the cited study; no source-defined whole-current path length admitted. Do not conflate with the Agulhas Return Current or offshore West Australian Current. Cartographic crossings remain separately pending review.,source:803229fe82eb2360
current:south-pacific,no_numeric_length,,,length_assessment:south-pacific,2784,14,source:3e0c99ee52e26d36,"Drawn map-arrow span, not a physical current length or lower bound",source:1dea75135bdc7c41,,,,,,,False,Named eastward current associated with the South Pacific subtropical front; map arrows do not measure its full length.,source:803229fe82eb2360
current:west-greenland,no_numeric_length,,,length_assessment:west-greenland,,,source:3e0c99ee52e26d36,"Drawn map-arrow span, not a physical current length or lower bound",,,,,,,,False,No comparable path-length estimate admitted yet.,source:803229fe82eb2360
current:west-spitsbergen,no_numeric_length,,,length_assessment:west-spitsbergen,,,source:3e0c99ee52e26d36,"Drawn map-arrow span, not a physical current length or lower bound",,,,,,,,False,"Marine Regions supplies one geographic point, not a centerline or endpoints; no comparable path-length estimate admitted yet.",source:803229fe82eb2360
current:jutland,no_numeric_length,,,length_assessment:jutland,,,source:3e0c99ee52e26d36,"Drawn map-arrow span, not a physical current length or lower bound",,,,,,,,False,"Marine Regions supplies one geographic point, not a current boundary or endpoints; no comparable path-length estimate admitted yet.",source:803229fe82eb2360
current:mindanao-current,no_numeric_length,,,length_assessment:mindanao-current,,,source:3e0c99ee52e26d36,"Drawn map-arrow span, not a physical current length or lower bound",,,,,,,,False,"The source describes flow southward along the Philippine Islands and supply to the Indonesian Throughflow, North Equatorial Countercurrent, and Pacific Equatorial Undercurrent. It gives no whole-current alongflow length or fixed endpoint gates.",source:803229fe82eb2360
current:new-guinea-coastal-undercurrent,no_numeric_length,,,length_assessment:new-guinea-coastal-undercurrent,,,source:3e0c99ee52e26d36,"Drawn map-arrow span, not a physical current length or lower bound",,,,,,,,False,The source describes northwestward flow along Papua New Guinea and through Vitiaz Strait into the Pacific Equatorial Undercurrent source region. It gives no comparable whole-current centerline length.,source:803229fe82eb2360
current:new-ireland-coastal-undercurrent,no_numeric_length,,,length_assessment:new-ireland-coastal-undercurrent,,,source:3e0c99ee52e26d36,"Drawn map-arrow span, not a physical current length or lower bound",,,,,,,,False,"The source describes flow along New Ireland's eastern coast, with branches joining the New Guinea Coastal Undercurrent or retroflecting toward the Pacific Equatorial Undercurrent. It gives no whole-current length.",source:803229fe82eb2360
current:solomon-island-coastal-undercurrent,no_numeric_length,,,length_assessment:solomon-island-coastal-undercurrent,,,source:3e0c99ee52e26d36,"Drawn map-arrow span, not a physical current length or lower bound",,,,,,,,False,The source schematically names this equatorward flow along the Solomon Islands and says it may feed the New Ireland Coastal Undercurrent. Its continuity and whole-current length are unresolved.,source:803229fe82eb2360
current:new-guinea-coastal-current,no_numeric_length,,,length_assessment:new-guinea-coastal-current,,,source:3e0c99ee52e26d36,"Drawn map-arrow span, not a physical current length or lower bound",,,,,,,,False,Three years of moorings distinguish this upper-100 m current from the deeper New Guinea Coastal Undercurrent: it flows southeastward in boreal winter and northwestward in boreal summer. The observations do not define a whole-current alongflow length.,source:803229fe82eb2360
current:pacific-north-subsurface-countercurrent,no_numeric_length,,,length_assessment:pacific-north-subsurface-countercurrent,,,source:3e0c99ee52e26d36,"Drawn map-arrow span, not a physical current length or lower bound",,,,,,,,False,A Pacific section at 140°W locates this eastward jet near 4°N and 200 m; the section does not determine its complete alongflow route or length.,source:803229fe82eb2360
current:pacific-south-subsurface-countercurrent,no_numeric_length,,,length_assessment:pacific-south-subsurface-countercurrent,,,source:3e0c99ee52e26d36,"Drawn map-arrow span, not a physical current length or lower bound",,,,,,,,False,The Pacific 140°W section resolves two south-side branches near 4.5°S at 200 m and 7°S at 250 m. These section positions do not supply a whole-current path length or a single branch-averaged centerline.,source:803229fe82eb2360
current:hiri-current,no_numeric_length,,,length_assessment:hiri-current,,,source:3e0c99ee52e26d36,"Drawn map-arrow span, not a physical current length or lower bound",,,,,,,,False,"The literature uses Hiri Current for the northward branch after South Equatorial Current bifurcation off northeast Australia, with variable continuation around the Gulf of Papua. No one fixed path or endpoint pair is admitted for a whole-current length.",source:803229fe82eb2360
current:alaska-coastal-gulf,published_estimate,,,length_assessment:alaska-coastal-gulf,,,source:3e0c99ee52e26d36,"Drawn map-arrow span, not a physical current length or lower bound",,source:48b84ff7f08f8e6e,"Accepted manuscript, PDF page 2, Abstract, lines 25-28 (~1700 km, Seward to Samalga Pass); PDF page 3, Introduction, lines 51-59 defines the regional continuity scope.",,,1700,10,True,"Stabeno et al. (2016) report an approximate 1,700 km coastal system between Seward and Samalga Pass. This is the northern Gulf of Alaska/eastern Aleutian scope, separate from the offshore Alaska Current and Alaskan Stream. It does not cover every coastal flow sharing the Alaska Coastal Current name, including Arctic usage. The paper integrates intermittent observations from 1984-2014; this extent is not a measured simultaneous reference streamline or dated footprint.",source:803229fe82eb2360
current:antarctic-slope,published_estimate,,,length_assessment:antarctic-slope,,,source:3e0c99ee52e26d36,"Drawn map-arrow span, not a physical current length or lower bound",,source:c81191f8e01b20c1,"Section 1.1 ASC Characteristics, first sentence; Figure 2 caption and following paragraph qualify continuity",,,21000,2,True,Review-reported upper-continental-slope system span; not a measured reference streamline or dated footprint. The Antarctic Peninsula interrupts circumpolar continuity.,source:803229fe82eb2360
