claim_id,direct_gate_distance_km,entity_id,evidence_status,gate_type,geometry_id,id,method,method_source_id,observation_date,quantity,rank_eligible,scope,source_id,source_locator,source_snapshot_id,unit,value
claim:measurement:0001,,current:acc,published_estimate,,,measurement:0001,,,,reported_length,True,Approximate circumpolar path; source calls it the longest wind-driven current.,source:541670cca7b3e8d3,"Section 1 Introduction, opening sentence (approximately 25,000 km)",,km,25000
claim:measurement:0002,,current:acc,source_specific_variant,,,measurement:0002,,,,alternate_reported_length,False,"NASA/JPL's 2019 overview says the Antarctic Circumpolar Current spans about 13,000 miles (21,000 km). It does not specify a reference streamline or contour, so this alternate whole-current approximation is retained separately from the ranked 25,000 km research estimate.",source:aea8e8e51d3f578f,"NASA/JPL article, paragraph beginning The Antarctic Circumpolar Current flows in a loop (13,000 miles / 21,000 km)",,km,21000
claim:measurement:0003,,current:california,published_estimate,,,measurement:0003,,,,reported_length,True,Approximate California Current System extent from Baja California Sur to northern Vancouver Island; not a measured California Current core axis.,source:3144208e2fb35f77,"PDF page 3, background box under California Current (California Current System extends 3,000 km)",,km,3000
claim:measurement:0004,,current:gulf-stream,published_estimate,,,measurement:0004,,,,reported_length,True,"Tomczak and Godfrey report approximately 2,500 km for the Gulf Stream proper as an open-ocean free jet downstream of Cape Hatteras toward the Newfoundland Rise/Grand Banks near 50°W. This excludes the Florida Current and North Atlantic Current; it is a textbook path-scale description, not a measured reference streamline. NOAA's glossary uses the same strict segment definition, while NASA and NOAA Coast Pilot sometimes use Gulf Stream more broadly.",source:75c205c85db07281,"Chapter 14, The Atlantic Ocean, PDF page 11 (printed page 239), paragraph beginning Recirculation of Gulf Stream water (next 2,500 km Gulf Stream proper)",,km,2500
claim:measurement:0005,,current:gulf-stream,section_or_sample_only,,,measurement:0005,,,,sampled_alongflow_reach,False,sampled_reach,source:227f937c2cf51b0d,"PDF page 3, Section 2.1 Underwater Glider Data and Methods, paragraph on 52 missions sampling a roughly 2,000 km Gulf Stream reach",,km,2000
claim:measurement:0006,,current:kuroshio,published_estimate,,,measurement:0006,,,,reported_length,True,"Approximate Kuroshio journey from about 12°N to 35°N in the western North Pacific; not a measured whole-current axis, and the Kuroshio Extension is separate.",source:a21500fd4390acaf,"PDF page 3, Introduction opening paragraph (3,000 km journey from about 12°N to 35°N)",,km,3000
claim:measurement:0007,1441.9,current:agulhas,derived_lower_bound,source_latitude_span,,measurement:0007,,source:c6fba58548d92e28,,length_lower_bound,False,"The research description spans roughly 27°S–40°S; the coastal path is longer than its north–south separation. Retroflection, leakage, and the eastward Agulhas Return Current are distinct from this boundary-current core. The derived floor is unranked. A 2021 review also describes a roughly 1,000 km coastal segment. That narrower usage conflicts with the broader 27°S–40°S derived floor, so the two numbers are displayed as source-specific scopes and neither is ranked as a common whole-current length.",source:e60490bb3f4df65b,"Section The Agulhas Current, opening paragraph (27–40°S); 1,400 km floor is OSW meridional gate geometry",,km,1400
claim:measurement:0008,,current:agulhas,source_specific_variant,,,measurement:0008,,,,alternate_reported_length,False,Coastal western boundary current along southeastern Africa; narrower than the 27°S–40°S span used for the existing broad lower bound. End gates and centerline are not specified.,source:ef2c46e173e203ae,"Section 2.1.1 Background, opening paragraph (1,000 km western boundary current)",,km,1000
claim:measurement:0009,3205.5,current:agulhas-return,derived_lower_bound,approximate_source_gate_pair,,measurement:0009,,source:c6fba58548d92e28,,length_lower_bound,False,"The hydrographic survey distinguishes the Agulhas Return Current from the Agulhas Current and traces its weakening eastward flow toward the Crozet Basin. This derived distance floor is not a measured streamline, whole-current length, or the length of the westward Agulhas Current.",source:0623dc4aeee7fc02,"PDF pages 20–22, Figure 14 and Section 6 Conclusions, Agulhas Return Current surveyed eastward from 18°E to 76°E; 3,000 km floor is OSW gate geometry",,km,3000
claim:measurement:0010,1882.9,current:east-australian,derived_lower_bound,source_latitude_span,,measurement:0010,,source:c6fba58548d92e28,,length_lower_bound,False,A derived minimum north–south span for the coherent shelf-break jet only; not a measured streamline or a published whole-current length. Separation and extension shift over time.,source:bc07ae7317e29ce9,"Section 1 Introduction, opening EAC paragraph (15–32°S); 1,800 km floor is OSW meridional gate geometry",,km,1800
claim:measurement:0011,,current:peru-humboldt,published_estimate,,,measurement:0011,,,,reported_length,True,"Approximate 6,000 km Humboldt Current belt from southern Chile toward northern Peru and the Galápagos, reported in an embedded Purca et al. manuscript in Purca Cuicapusa's 2005 thesis. This is a broad eastern South Pacific current-system extent, not a measured core streamline or the Peru Coastal Current alone; the manuscript separately describes its 1,000 km Peru study area.",source:4e2cbe3e50eb054c,"PDF page 65, embedded Purca et al. manuscript, Introduction opening paragraph (ca. 6,000 km belt); PDF page 66 distinguishes its 1,000 km Peru study area",,km,6000
claim:measurement:0012,,current:greenland-middle-atlantic-shelf-hypothesis,proposed_system_length,,,measurement:0012,,,,proposed_system_length,False,"A 1989 paper hypothesizes a 5,000 km buoyancy-driven coastal connection from southern Greenland to the Middle Atlantic Bight based on limited oxygen-isotope evidence. This proposed system length is unranked and is not the length of the Labrador Current alone.",source:bcde6ef21698b592,"Abstract, proposed 5,000 km buoyancy-driven coastal current from southern Greenland to the Middle Atlantic Bight",,km,5000
claim:measurement:0013,,current:azores,section_or_sample_only,,,measurement:0013,,,,section_cross_stream_width,False,section_observation,source:0567b05988a08497,"Abstract [1] and Section 4 Discussion and Conclusions [15], October 2009 section at 24.5°W; each current has 110 km meridional width",,km,110
claim:measurement:0014,,current:azores-countercurrent,section_or_sample_only,,,measurement:0014,,,,section_cross_stream_width,False,section_observation,source:0567b05988a08497,"Abstract [1] and Section 4 Discussion and Conclusions [15], October 2009 section at 24.5°W; each current has 110 km meridional width",,km,110
claim:measurement:0015,,current:florida,published_estimate,,,measurement:0015,,,,reported_length,True,"Tomczak and Godfrey report approximately 1,200 km from the Florida Straits along the coast to separation near Cape Hatteras. This is the Florida Current segment of the Gulf Stream System, not a whole-system length or a measured reference streamline. NOAA's glossary independently names the same segment; NASA and NOAA Coast Pilot sometimes use Gulf Stream more broadly for the Florida Straits flow.",source:75c205c85db07281,"Chapter 14, The Atlantic Ocean, PDF page 11 (printed page 239), paragraph beginning Recirculation of Gulf Stream water (1,200 km downstream to Cape Hatteras)",,km,1200
claim:measurement:0016,2175.0,current:east-greenland,derived_lower_bound,source_latitude_span,,measurement:0016,,source:c6fba58548d92e28,,length_lower_bound,False,"The study distinguishes the outer East Greenland Current from the coastal branch and assesses the system between the 78.5°N Fram Strait section and Cape Farewell. The coast-following route may be longer than the north–south separation; no comparable whole-current centerline length is admitted, so this regional floor is unranked.",source:8790d970dd742fd0,"Section 2, paragraph defining East Greenland shelf from Fram Strait 78.5°N to Cape Farewell 59°N; 2,100 km floor is OSW meridional gate geometry",,km,2100
claim:measurement:0017,,current:east-greenland-coastal,section_or_sample_only,,,measurement:0017,,,,sampled_alongflow_reach,False,sampled_reach,source:04dec95aff3639e3,"PDF page 36, Conclusions opening paragraph (current along entire 1,000 km southeast Greenland shelf)",,km,1000
claim:measurement:0018,,current:leeuwin,published_lower_bound,,,measurement:0018,,,,length_lower_bound,False,"Published lower bound for southward flow along Western Australia's continental shelf, from tropical to cool-temperate coasts; distinct from the northward West Australian Current offshore. A lower bound is not a ranked whole-current estimate.",source:a0cafa9c716a91f6,"PDF page 108 (viewer page including cover); source states more than 2,000 km",,km,2000
claim:measurement:0019,,current:australian-west-south-boundary-flow,published_estimate,,,measurement:0019,,,,reported_length,True,"Continuous austral-winter shelf-edge flow from North West Cape to southern Tasmania, comprising the Leeuwin, South Australian, and Zeehan currents; not the length of Leeuwin alone.",source:5c227482b3435824,"Abstract [1] and Section 9 Discussion and Conclusion [53] (5,500 km winter boundary-flow system)",,km,5500
claim:measurement:0020,,current:pacific-equatorial-undercurrent,published_estimate,,,measurement:0020,,,,reported_length,True,"Approximate basin-wide eastward pathway from north of Papua New Guinea to the South American coast described in Grenier et al. (2011). The source's 14,000 km is a broad path estimate, not a traced instantaneous core or the length of the Atlantic or Indian Equatorial Undercurrent. A 0°N, 140°W mooring locates the current independently.",source:14f30cbbf1cd40e4,"Section 1 Introduction, paragraph [2] (14,000 km pathway)",,km,14000
claim:measurement:0021,,current:pacific-equatorial-undercurrent,source_specific_variant,,,measurement:0021,,,,alternate_reported_length,False,"A later wave–current dynamics paper describes the Pacific EUC as traversing the equatorial Pacific over about 13,000 km. It does not define the same exact core or gates as Grenier et al.; retained as a source-specific whole-basin approximation rather than an independent rank.",source:0194e5536644376d,"Introduction, opening Equatorial Undercurrent description, entire Pacific equatorial length about 13,000 km",,km,13000
claim:measurement:0022,,eddy:geography:lilian-2006,source_reported,,,measurement:0022,,,,travel_lower_bound,False,source-specific individual eddy,source:7e657de5446043ac,"PDF page 7, paragraph before Section 4 Conclusions (3.5-year lifetime and journey of more than 5,500 km); Section 3.2 and Figure 1 identify Ring Lilian",,km,5500
claim:measurement:0023,,eddy:geography:lilian-2006,source_reported,,,measurement:0023,,,,reported_lifetime,False,source-specific individual eddy,source:7e657de5446043ac,"PDF page 7, paragraph before Section 4 Conclusions (3.5-year lifetime and journey of more than 5,500 km); Section 3.2 and Figure 1 identify Ring Lilian",,years,3.5
claim:measurement:0024,,current:gulf-stream-system,dated_diagnosed_partial_reach,,geometry:0148,measurement:0024,,,2026-09-25,dated_geostrophic_streamline_reach,False,partial_dated_geostrophic_streamline_reach_not_whole_current_length,source:80d0bf24c139328c,"NetCDF ugos/vgos[time=0], 2026-09-25 daily field; see pinned subset and integration method",source:d65455d9259bb212,km,2277.3
claim:measurement:0025,1218.4,current:benguela,derived_lower_bound,source_latitude_span,,measurement:0025,,source:c6fba58548d92e28,,length_lower_bound,False,"The study identifies the Benguela Current system at 30°, 24°, and 19°S across decadal inverse solutions, with no continuity north of 19°S. The current and Benguela ecosystem have different extents. Section observations are from different cruises and do not establish a simultaneous centerline; the derived floor is unranked.",source:21f756d2b07063f3,"Section 3.1.3 and Figure 5, Benguela Current system at 30°S, 24°S, and 19°S; OSW WGS84 meridional gate calculation",,km,1200
claim:measurement:0026,1218.4,current:brazil,derived_lower_bound,source_latitude_span,,measurement:0026,,source:c6fba58548d92e28,,length_lower_bound,False,"The study identifies southward Brazil Current transport at 19°, 24°, and 30°S. Confluence location and downstream identity vary. Section observations are from different cruises and do not establish a simultaneous centerline; the derived floor is unranked.",source:21f756d2b07063f3,"Section 3.1.2 and Figure 5, Brazil Current at 19°S, 24°S, and 30°S; OSW WGS84 meridional gate calculation",,km,1200
claim:measurement:0027,2496.6,current:deep-western-boundary,derived_lower_bound,source_latitude_span,,measurement:0027,,source:c6fba58548d92e28,,length_lower_bound,False,"The study identifies southward deep western boundary flow at 47°, 36°, and 24.5°N in decadal inverse solutions. This is a North Atlantic segment only; sections from different cruises do not establish one simultaneous continuous path or a whole-Atlantic current length. The derived floor is unranked.",source:21f756d2b07063f3,"Section 3.2.3 and Figure 8, DWBC at 47°N, 36°N, and 24.5°N; OSW WGS84 meridional gate calculation",,km,2400
claim:measurement:0028,,current:alaska-coastal-gulf,published_estimate,,,measurement:0028,,,,reported_length,True,"Stabeno et al. (2016) report an approximate 1,700 km coastal system between Seward and Samalga Pass. This is the northern Gulf of Alaska/eastern Aleutian scope, separate from the offshore Alaska Current and Alaskan Stream. It does not cover every coastal flow sharing the Alaska Coastal Current name, including Arctic usage. The paper integrates intermittent observations from 1984-2014; this extent is not a measured simultaneous reference streamline or dated footprint.",source:48b84ff7f08f8e6e,"Accepted manuscript, PDF page 2, Abstract, lines 25-28 (~1700 km, Seward to Samalga Pass); PDF page 3, Introduction, lines 51-59 defines the regional continuity scope.",,km,1700
claim:measurement:0029,,current:antarctic-slope,published_estimate,,,measurement:0029,"Source review's approximate system-span statement, retained with its Antarctic Peninsula continuity limit; no route digitization or instantaneous path measurement",,,reported_length,True,Review-reported upper-continental-slope system span; not a measured reference streamline or dated footprint. The Antarctic Peninsula interrupts circumpolar continuity.,source:c81191f8e01b20c1,"Section 1.1 ASC Characteristics, first sentence; Figure 2 caption and following paragraph qualify continuity",,km,21000
claim:measurement:0030,,current:falkland,published_estimate,,,measurement:0030,"Source-reported conference-abstract loop extent; no centerline digitization, endpoint coordinates, depth-defined length or error interval is supplied",,,reported_length,True,"Source-reported approximate 2,000 km northward loop of the northern Antarctic Circumpolar Current branch in the Argentine Basin, from a 2009 EGU conference abstract. No reference centerline, endpoint coordinates, depth-defined length or uncertainty is supplied. Do not interpret this as a measured dated path, a shelf-break front length, or an independently specified Malvinas Return Current extent.",source:df04e92fab7c4ca8,"Page 1, opening sentence of EGU2009-12242 abstract (2000 km northward loop)",,km,2000
