entity_id,id,relation,source_id,tile_id,url
current:acc,media:0001,geographic_crop_navigation_only,source:4f7441b953be4651,level2_D_6,https://svs.gsfc.nasa.gov/vis/a000000/a005500/a005505/perpetual_ocean2_EQUIREC_071_final_beauty_level2_D_6.mp4
current:antarctic-coastal,media:0002,geographic_crop_navigation_only,source:4f7441b953be4651,level2_B_7,https://svs.gsfc.nasa.gov/vis/a000000/a005500/a005505/perpetual_ocean2_EQUIREC_071_final_beauty_level2_B_7.mp4
current:california,media:0003,geographic_crop_navigation_only,source:4f7441b953be4651,level2_A_2,https://svs.gsfc.nasa.gov/vis/a000000/a005500/a005505/perpetual_ocean2_EQUIREC_071_final_beauty_level2_A_2.mp4
current:gulf-stream-system,media:0004,geographic_crop_navigation_only,source:4f7441b953be4651,level2_B_3,https://svs.gsfc.nasa.gov/vis/a000000/a005500/a005505/perpetual_ocean2_EQUIREC_071_final_beauty_level2_B_3.mp4
current:gulf-stream,media:0005,geographic_crop_navigation_only,source:4f7441b953be4651,level2_B_2,https://svs.gsfc.nasa.gov/vis/a000000/a005500/a005505/perpetual_ocean2_EQUIREC_071_final_beauty_level2_B_2.mp4
current:kuroshio,media:0006,geographic_crop_navigation_only,source:4f7441b953be4651,level2_G_3,https://svs.gsfc.nasa.gov/vis/a000000/a005500/a005505/perpetual_ocean2_EQUIREC_071_final_beauty_level2_G_3.mp4
current:agulhas,media:0007,geographic_crop_navigation_only,source:4f7441b953be4651,level2_D_5,https://svs.gsfc.nasa.gov/vis/a000000/a005500/a005505/perpetual_ocean2_EQUIREC_071_final_beauty_level2_D_5.mp4
current:agulhas-return,media:0008,geographic_crop_navigation_only,source:4f7441b953be4651,level2_D_6,https://svs.gsfc.nasa.gov/vis/a000000/a005500/a005505/perpetual_ocean2_EQUIREC_071_final_beauty_level2_D_6.mp4
current:east-australian,media:0009,geographic_crop_navigation_only,source:4f7441b953be4651,level2_G_5,https://svs.gsfc.nasa.gov/vis/a000000/a005500/a005505/perpetual_ocean2_EQUIREC_071_final_beauty_level2_G_5.mp4
current:tasman-front,media:0010,geographic_crop_navigation_only,source:4f7441b953be4651,level2_G_5,https://svs.gsfc.nasa.gov/vis/a000000/a005500/a005505/perpetual_ocean2_EQUIREC_071_final_beauty_level2_G_5.mp4
current:peru-humboldt,media:0011,geographic_crop_navigation_only,source:4f7441b953be4651,level2_B_5,https://svs.gsfc.nasa.gov/vis/a000000/a005500/a005505/perpetual_ocean2_EQUIREC_071_final_beauty_level2_B_5.mp4
current:benguela,media:0012,geographic_crop_navigation_only,source:4f7441b953be4651,level2_D_5,https://svs.gsfc.nasa.gov/vis/a000000/a005500/a005505/perpetual_ocean2_EQUIREC_071_final_beauty_level2_D_5.mp4
current:canary,media:0013,geographic_crop_navigation_only,source:4f7441b953be4651,level2_C_3,https://svs.gsfc.nasa.gov/vis/a000000/a005500/a005505/perpetual_ocean2_EQUIREC_071_final_beauty_level2_C_3.mp4
current:labrador,media:0014,geographic_crop_navigation_only,source:4f7441b953be4651,level2_B_2,https://svs.gsfc.nasa.gov/vis/a000000/a005500/a005505/perpetual_ocean2_EQUIREC_071_final_beauty_level2_B_2.mp4
current:greenland-middle-atlantic-shelf-hypothesis,media:0015,geographic_crop_navigation_only,source:4f7441b953be4651,level2_B_1,https://svs.gsfc.nasa.gov/vis/a000000/a005500/a005505/perpetual_ocean2_EQUIREC_071_final_beauty_level2_B_1.mp4
current:brazil,media:0016,geographic_crop_navigation_only,source:4f7441b953be4651,level2_C_5,https://svs.gsfc.nasa.gov/vis/a000000/a005500/a005505/perpetual_ocean2_EQUIREC_071_final_beauty_level2_C_5.mp4
current:north-atlantic,media:0017,geographic_crop_navigation_only,source:4f7441b953be4651,level2_C_2,https://svs.gsfc.nasa.gov/vis/a000000/a005500/a005505/perpetual_ocean2_EQUIREC_071_final_beauty_level2_C_2.mp4
current:deep-western-boundary,media:0018,geographic_crop_navigation_only,source:4f7441b953be4651,level2_B_3,https://svs.gsfc.nasa.gov/vis/a000000/a005500/a005505/perpetual_ocean2_EQUIREC_071_final_beauty_level2_B_3.mp4
current:azores,media:0019,geographic_crop_navigation_only,source:4f7441b953be4651,level2_C_2,https://svs.gsfc.nasa.gov/vis/a000000/a005500/a005505/perpetual_ocean2_EQUIREC_071_final_beauty_level2_C_2.mp4
current:azores-countercurrent,media:0020,geographic_crop_navigation_only,source:4f7441b953be4651,level2_C_2,https://svs.gsfc.nasa.gov/vis/a000000/a005500/a005505/perpetual_ocean2_EQUIREC_071_final_beauty_level2_C_2.mp4
current:portugal,media:0021,geographic_crop_navigation_only,source:4f7441b953be4651,level2_C_2,https://svs.gsfc.nasa.gov/vis/a000000/a005500/a005505/perpetual_ocean2_EQUIREC_071_final_beauty_level2_C_2.mp4
current:mediterranean-undercurrent,media:0022,geographic_crop_navigation_only,source:4f7441b953be4651,level2_C_2,https://svs.gsfc.nasa.gov/vis/a000000/a005500/a005505/perpetual_ocean2_EQUIREC_071_final_beauty_level2_C_2.mp4
current:east-adriatic,media:0023,geographic_crop_navigation_only,source:4f7441b953be4651,level2_D_2,https://svs.gsfc.nasa.gov/vis/a000000/a005500/a005505/perpetual_ocean2_EQUIREC_071_final_beauty_level2_D_2.mp4
current:black-sea-rim,media:0024,geographic_crop_navigation_only,source:4f7441b953be4651,level2_D_2,https://svs.gsfc.nasa.gov/vis/a000000/a005500/a005505/perpetual_ocean2_EQUIREC_071_final_beauty_level2_D_2.mp4
current:loop,media:0025,geographic_crop_navigation_only,source:4f7441b953be4651,level2_B_3,https://svs.gsfc.nasa.gov/vis/a000000/a005500/a005505/perpetual_ocean2_EQUIREC_071_final_beauty_level2_B_3.mp4
current:florida,media:0026,geographic_crop_navigation_only,source:4f7441b953be4651,level2_B_3,https://svs.gsfc.nasa.gov/vis/a000000/a005500/a005505/perpetual_ocean2_EQUIREC_071_final_beauty_level2_B_3.mp4
current:north-brazil,media:0027,geographic_crop_navigation_only,source:4f7441b953be4651,level2_B_4,https://svs.gsfc.nasa.gov/vis/a000000/a005500/a005505/perpetual_ocean2_EQUIREC_071_final_beauty_level2_B_4.mp4
current:alaska,media:0028,geographic_crop_navigation_only,source:4f7441b953be4651,level2_H_1,https://svs.gsfc.nasa.gov/vis/a000000/a005500/a005505/perpetual_ocean2_EQUIREC_071_final_beauty_level2_H_1.mp4
current:aleutian,media:0029,geographic_crop_navigation_only,source:4f7441b953be4651,level2_H_2,https://svs.gsfc.nasa.gov/vis/a000000/a005500/a005505/perpetual_ocean2_EQUIREC_071_final_beauty_level2_H_2.mp4
current:antilles,media:0030,geographic_crop_navigation_only,source:4f7441b953be4651,level2_B_3,https://svs.gsfc.nasa.gov/vis/a000000/a005500/a005505/perpetual_ocean2_EQUIREC_071_final_beauty_level2_B_3.mp4
current:davidson,media:0031,geographic_crop_navigation_only,source:4f7441b953be4651,level2_A_2,https://svs.gsfc.nasa.gov/vis/a000000/a005500/a005505/perpetual_ocean2_EQUIREC_071_final_beauty_level2_A_2.mp4
current:east-greenland,media:0032,geographic_crop_navigation_only,source:4f7441b953be4651,level2_C_1,https://svs.gsfc.nasa.gov/vis/a000000/a005500/a005505/perpetual_ocean2_EQUIREC_071_final_beauty_level2_C_1.mp4
current:east-greenland-coastal,media:0033,geographic_crop_navigation_only,source:4f7441b953be4651,level2_C_1,https://svs.gsfc.nasa.gov/vis/a000000/a005500/a005505/perpetual_ocean2_EQUIREC_071_final_beauty_level2_C_1.mp4
current:falkland,media:0034,geographic_crop_navigation_only,source:4f7441b953be4651,level2_B_6,https://svs.gsfc.nasa.gov/vis/a000000/a005500/a005505/perpetual_ocean2_EQUIREC_071_final_beauty_level2_B_6.mp4
current:guiana,media:0035,geographic_crop_navigation_only,source:4f7441b953be4651,level2_B_4,https://svs.gsfc.nasa.gov/vis/a000000/a005500/a005505/perpetual_ocean2_EQUIREC_071_final_beauty_level2_B_4.mp4
current:guinea,media:0036,geographic_crop_navigation_only,source:4f7441b953be4651,level2_D_4,https://svs.gsfc.nasa.gov/vis/a000000/a005500/a005505/perpetual_ocean2_EQUIREC_071_final_beauty_level2_D_4.mp4
current:irminger,media:0037,geographic_crop_navigation_only,source:4f7441b953be4651,level2_C_1,https://svs.gsfc.nasa.gov/vis/a000000/a005500/a005505/perpetual_ocean2_EQUIREC_071_final_beauty_level2_C_1.mp4
current:kuroshio-extension,media:0038,geographic_crop_navigation_only,source:4f7441b953be4651,level2_G_2,https://svs.gsfc.nasa.gov/vis/a000000/a005500/a005505/perpetual_ocean2_EQUIREC_071_final_beauty_level2_G_2.mp4
current:monsoon,media:0039,geographic_crop_navigation_only,source:4f7441b953be4651,level2_E_4,https://svs.gsfc.nasa.gov/vis/a000000/a005500/a005505/perpetual_ocean2_EQUIREC_071_final_beauty_level2_E_4.mp4
current:indonesian-throughflow,media:0040,geographic_crop_navigation_only,source:4f7441b953be4651,level2_F_4,https://svs.gsfc.nasa.gov/vis/a000000/a005500/a005505/perpetual_ocean2_EQUIREC_071_final_beauty_level2_F_4.mp4
current:red-sea-saline-overflow,media:0041,geographic_crop_navigation_only,source:4f7441b953be4651,level2_E_3,https://svs.gsfc.nasa.gov/vis/a000000/a005500/a005505/perpetual_ocean2_EQUIREC_071_final_beauty_level2_E_3.mp4
current:persian-gulf-saline-overflow,media:0042,geographic_crop_navigation_only,source:4f7441b953be4651,level2_E_3,https://svs.gsfc.nasa.gov/vis/a000000/a005500/a005505/perpetual_ocean2_EQUIREC_071_final_beauty_level2_E_3.mp4
current:north-cape,media:0043,geographic_crop_navigation_only,source:4f7441b953be4651,level2_D_1,https://svs.gsfc.nasa.gov/vis/a000000/a005500/a005505/perpetual_ocean2_EQUIREC_071_final_beauty_level2_D_1.mp4
current:north-equatorial,media:0044,geographic_crop_navigation_only,source:4f7441b953be4651,level2_H_4,https://svs.gsfc.nasa.gov/vis/a000000/a005500/a005505/perpetual_ocean2_EQUIREC_071_final_beauty_level2_H_4.mp4
current:north-pacific,media:0045,geographic_crop_navigation_only,source:4f7441b953be4651,level2_H_2,https://svs.gsfc.nasa.gov/vis/a000000/a005500/a005505/perpetual_ocean2_EQUIREC_071_final_beauty_level2_H_2.mp4
current:norwegian,media:0046,geographic_crop_navigation_only,source:4f7441b953be4651,level2_D_1,https://svs.gsfc.nasa.gov/vis/a000000/a005500/a005505/perpetual_ocean2_EQUIREC_071_final_beauty_level2_D_1.mp4
current:norwegian-coastal,media:0047,geographic_crop_navigation_only,source:4f7441b953be4651,level2_D_1,https://svs.gsfc.nasa.gov/vis/a000000/a005500/a005505/perpetual_ocean2_EQUIREC_071_final_beauty_level2_D_1.mp4
current:algerian,media:0048,geographic_crop_navigation_only,source:4f7441b953be4651,level2_D_2,https://svs.gsfc.nasa.gov/vis/a000000/a005500/a005505/perpetual_ocean2_EQUIREC_071_final_beauty_level2_D_2.mp4
current:balearic,media:0049,geographic_crop_navigation_only,source:4f7441b953be4651,level2_D_2,https://svs.gsfc.nasa.gov/vis/a000000/a005500/a005505/perpetual_ocean2_EQUIREC_071_final_beauty_level2_D_2.mp4
current:western-adriatic,media:0050,geographic_crop_navigation_only,source:4f7441b953be4651,level2_D_2,https://svs.gsfc.nasa.gov/vis/a000000/a005500/a005505/perpetual_ocean2_EQUIREC_071_final_beauty_level2_D_2.mp4
current:baffin,media:0051,geographic_crop_navigation_only,source:4f7441b953be4651,level2_B_1,https://svs.gsfc.nasa.gov/vis/a000000/a005500/a005505/perpetual_ocean2_EQUIREC_071_final_beauty_level2_B_1.mp4
current:mauritanian,media:0052,geographic_crop_navigation_only,source:4f7441b953be4651,level2_C_3,https://svs.gsfc.nasa.gov/vis/a000000/a005500/a005505/perpetual_ocean2_EQUIREC_071_final_beauty_level2_C_3.mp4
current:gaspe,media:0053,geographic_crop_navigation_only,source:4f7441b953be4651,level2_B_2,https://svs.gsfc.nasa.gov/vis/a000000/a005500/a005505/perpetual_ocean2_EQUIREC_071_final_beauty_level2_B_2.mp4
current:northern-mediterranean,media:0054,geographic_crop_navigation_only,source:4f7441b953be4651,level2_D_2,https://svs.gsfc.nasa.gov/vis/a000000/a005500/a005505/perpetual_ocean2_EQUIREC_071_final_beauty_level2_D_2.mp4
current:ligurian,media:0055,geographic_crop_navigation_only,source:4f7441b953be4651,level2_D_2,https://svs.gsfc.nasa.gov/vis/a000000/a005500/a005505/perpetual_ocean2_EQUIREC_071_final_beauty_level2_D_2.mp4
current:oyashio,media:0056,geographic_crop_navigation_only,source:4f7441b953be4651,level2_G_2,https://svs.gsfc.nasa.gov/vis/a000000/a005500/a005505/perpetual_ocean2_EQUIREC_071_final_beauty_level2_G_2.mp4
current:somali,media:0057,geographic_crop_navigation_only,source:4f7441b953be4651,level2_E_4,https://svs.gsfc.nasa.gov/vis/a000000/a005500/a005505/perpetual_ocean2_EQUIREC_071_final_beauty_level2_E_4.mp4
current:south-equatorial,media:0058,geographic_crop_navigation_only,source:4f7441b953be4651,level2_H_4,https://svs.gsfc.nasa.gov/vis/a000000/a005500/a005505/perpetual_ocean2_EQUIREC_071_final_beauty_level2_H_4.mp4
current:spitsbergen-atlantic,media:0059,geographic_crop_navigation_only,source:4f7441b953be4651,level2_D_1,https://svs.gsfc.nasa.gov/vis/a000000/a005500/a005505/perpetual_ocean2_EQUIREC_071_final_beauty_level2_D_1.mp4
current:tsushima,media:0060,geographic_crop_navigation_only,source:4f7441b953be4651,level2_F_2,https://svs.gsfc.nasa.gov/vis/a000000/a005500/a005505/perpetual_ocean2_EQUIREC_071_final_beauty_level2_F_2.mp4
current:west-australian,media:0061,geographic_crop_navigation_only,source:4f7441b953be4651,level2_F_5,https://svs.gsfc.nasa.gov/vis/a000000/a005500/a005505/perpetual_ocean2_EQUIREC_071_final_beauty_level2_F_5.mp4
current:leeuwin,media:0062,geographic_crop_navigation_only,source:4f7441b953be4651,level2_F_5,https://svs.gsfc.nasa.gov/vis/a000000/a005500/a005505/perpetual_ocean2_EQUIREC_071_final_beauty_level2_F_5.mp4
current:australian-west-south-boundary-flow,media:0063,geographic_crop_navigation_only,source:4f7441b953be4651,level2_F_5,https://svs.gsfc.nasa.gov/vis/a000000/a005500/a005505/perpetual_ocean2_EQUIREC_071_final_beauty_level2_F_5.mp4
current:south-australian,media:0064,geographic_crop_navigation_only,source:4f7441b953be4651,level2_G_6,https://svs.gsfc.nasa.gov/vis/a000000/a005500/a005505/perpetual_ocean2_EQUIREC_071_final_beauty_level2_G_6.mp4
current:zeehan,media:0065,geographic_crop_navigation_only,source:4f7441b953be4651,level2_G_6,https://svs.gsfc.nasa.gov/vis/a000000/a005500/a005505/perpetual_ocean2_EQUIREC_071_final_beauty_level2_G_6.mp4
current:caribbean,media:0066,geographic_crop_navigation_only,source:4f7441b953be4651,level2_B_3,https://svs.gsfc.nasa.gov/vis/a000000/a005500/a005505/perpetual_ocean2_EQUIREC_071_final_beauty_level2_B_3.mp4
current:equatorial-countercurrent,media:0067,geographic_crop_navigation_only,source:4f7441b953be4651,level2_A_4,https://svs.gsfc.nasa.gov/vis/a000000/a005500/a005505/perpetual_ocean2_EQUIREC_071_final_beauty_level2_A_4.mp4
current:north-equatorial-countercurrent,media:0068,geographic_crop_navigation_only,source:4f7441b953be4651,level2_C_4,https://svs.gsfc.nasa.gov/vis/a000000/a005500/a005505/perpetual_ocean2_EQUIREC_071_final_beauty_level2_C_4.mp4
current:atlantic-north-equatorial-countercurrent,media:0069,geographic_crop_navigation_only,source:4f7441b953be4651,level2_C_4,https://svs.gsfc.nasa.gov/vis/a000000/a005500/a005505/perpetual_ocean2_EQUIREC_071_final_beauty_level2_C_4.mp4
current:pacific-north-equatorial-countercurrent,media:0070,geographic_crop_navigation_only,source:4f7441b953be4651,level2_H_4,https://svs.gsfc.nasa.gov/vis/a000000/a005500/a005505/perpetual_ocean2_EQUIREC_071_final_beauty_level2_H_4.mp4
current:south-equatorial-countercurrent,media:0071,geographic_crop_navigation_only,source:4f7441b953be4651,level2_C_4,https://svs.gsfc.nasa.gov/vis/a000000/a005500/a005505/perpetual_ocean2_EQUIREC_071_final_beauty_level2_C_4.mp4
current:atlantic-south-equatorial-countercurrent,media:0072,geographic_crop_navigation_only,source:4f7441b953be4651,level2_C_4,https://svs.gsfc.nasa.gov/vis/a000000/a005500/a005505/perpetual_ocean2_EQUIREC_071_final_beauty_level2_C_4.mp4
current:pacific-south-equatorial-countercurrent,media:0073,geographic_crop_navigation_only,source:4f7441b953be4651,level2_G_4,https://svs.gsfc.nasa.gov/vis/a000000/a005500/a005505/perpetual_ocean2_EQUIREC_071_final_beauty_level2_G_4.mp4
current:indian-south-equatorial-countercurrent,media:0074,geographic_crop_navigation_only,source:4f7441b953be4651,level2_E_4,https://svs.gsfc.nasa.gov/vis/a000000/a005500/a005505/perpetual_ocean2_EQUIREC_071_final_beauty_level2_E_4.mp4
current:equatorial-undercurrent,media:0075,geographic_crop_navigation_only,source:4f7441b953be4651,level2_H_4,https://svs.gsfc.nasa.gov/vis/a000000/a005500/a005505/perpetual_ocean2_EQUIREC_071_final_beauty_level2_H_4.mp4
current:pacific-equatorial-undercurrent,media:0076,geographic_crop_navigation_only,source:4f7441b953be4651,level2_H_4,https://svs.gsfc.nasa.gov/vis/a000000/a005500/a005505/perpetual_ocean2_EQUIREC_071_final_beauty_level2_H_4.mp4
current:atlantic-equatorial-undercurrent,media:0077,geographic_crop_navigation_only,source:4f7441b953be4651,level2_C_4,https://svs.gsfc.nasa.gov/vis/a000000/a005500/a005505/perpetual_ocean2_EQUIREC_071_final_beauty_level2_C_4.mp4
current:indian-equatorial-undercurrent,media:0078,geographic_crop_navigation_only,source:4f7441b953be4651,level2_F_4,https://svs.gsfc.nasa.gov/vis/a000000/a005500/a005505/perpetual_ocean2_EQUIREC_071_final_beauty_level2_F_4.mp4
current:north-equatorial-undercurrent,media:0079,geographic_crop_navigation_only,source:4f7441b953be4651,level2_C_4,https://svs.gsfc.nasa.gov/vis/a000000/a005500/a005505/perpetual_ocean2_EQUIREC_071_final_beauty_level2_C_4.mp4
current:atlantic-north-equatorial-undercurrent,media:0080,geographic_crop_navigation_only,source:4f7441b953be4651,level2_C_4,https://svs.gsfc.nasa.gov/vis/a000000/a005500/a005505/perpetual_ocean2_EQUIREC_071_final_beauty_level2_C_4.mp4
current:pacific-north-equatorial-undercurrent,media:0081,geographic_crop_navigation_only,source:4f7441b953be4651,level2_F_3,https://svs.gsfc.nasa.gov/vis/a000000/a005500/a005505/perpetual_ocean2_EQUIREC_071_final_beauty_level2_F_3.mp4
current:south-equatorial-undercurrent,media:0082,geographic_crop_navigation_only,source:4f7441b953be4651,level2_C_4,https://svs.gsfc.nasa.gov/vis/a000000/a005500/a005505/perpetual_ocean2_EQUIREC_071_final_beauty_level2_C_4.mp4
current:atlantic-south-equatorial-undercurrent,media:0083,geographic_crop_navigation_only,source:4f7441b953be4651,level2_C_4,https://svs.gsfc.nasa.gov/vis/a000000/a005500/a005505/perpetual_ocean2_EQUIREC_071_final_beauty_level2_C_4.mp4
current:indian-south-equatorial-undercurrent,media:0084,geographic_crop_navigation_only,source:4f7441b953be4651,level2_E_4,https://svs.gsfc.nasa.gov/vis/a000000/a005500/a005505/perpetual_ocean2_EQUIREC_071_final_beauty_level2_E_4.mp4
current:south-atlantic,media:0085,geographic_crop_navigation_only,source:4f7441b953be4651,level2_C_6,https://svs.gsfc.nasa.gov/vis/a000000/a005500/a005505/perpetual_ocean2_EQUIREC_071_final_beauty_level2_C_6.mp4
current:south-indian,media:0086,geographic_crop_navigation_only,source:4f7441b953be4651,level2_E_6,https://svs.gsfc.nasa.gov/vis/a000000/a005500/a005505/perpetual_ocean2_EQUIREC_071_final_beauty_level2_E_6.mp4
current:south-pacific,media:0087,geographic_crop_navigation_only,source:4f7441b953be4651,level2_A_6,https://svs.gsfc.nasa.gov/vis/a000000/a005500/a005505/perpetual_ocean2_EQUIREC_071_final_beauty_level2_A_6.mp4
current:west-greenland,media:0088,geographic_crop_navigation_only,source:4f7441b953be4651,level2_B_1,https://svs.gsfc.nasa.gov/vis/a000000/a005500/a005505/perpetual_ocean2_EQUIREC_071_final_beauty_level2_B_1.mp4
current:west-spitsbergen,media:0089,geographic_crop_navigation_only,source:4f7441b953be4651,level2_D_1,https://svs.gsfc.nasa.gov/vis/a000000/a005500/a005505/perpetual_ocean2_EQUIREC_071_final_beauty_level2_D_1.mp4
current:jutland,media:0090,geographic_crop_navigation_only,source:4f7441b953be4651,level2_D_1,https://svs.gsfc.nasa.gov/vis/a000000/a005500/a005505/perpetual_ocean2_EQUIREC_071_final_beauty_level2_D_1.mp4
current:mindanao-current,media:0091,geographic_crop_navigation_only,source:4f7441b953be4651,level2_F_4,https://svs.gsfc.nasa.gov/vis/a000000/a005500/a005505/perpetual_ocean2_EQUIREC_071_final_beauty_level2_F_4.mp4
current:new-guinea-coastal-undercurrent,media:0092,geographic_crop_navigation_only,source:4f7441b953be4651,level2_G_4,https://svs.gsfc.nasa.gov/vis/a000000/a005500/a005505/perpetual_ocean2_EQUIREC_071_final_beauty_level2_G_4.mp4
current:new-ireland-coastal-undercurrent,media:0093,geographic_crop_navigation_only,source:4f7441b953be4651,level2_G_4,https://svs.gsfc.nasa.gov/vis/a000000/a005500/a005505/perpetual_ocean2_EQUIREC_071_final_beauty_level2_G_4.mp4
current:solomon-island-coastal-undercurrent,media:0094,geographic_crop_navigation_only,source:4f7441b953be4651,level2_G_4,https://svs.gsfc.nasa.gov/vis/a000000/a005500/a005505/perpetual_ocean2_EQUIREC_071_final_beauty_level2_G_4.mp4
current:new-guinea-coastal-current,media:0095,geographic_crop_navigation_only,source:4f7441b953be4651,level2_G_4,https://svs.gsfc.nasa.gov/vis/a000000/a005500/a005505/perpetual_ocean2_EQUIREC_071_final_beauty_level2_G_4.mp4
current:pacific-north-subsurface-countercurrent,media:0096,geographic_crop_navigation_only,source:4f7441b953be4651,level2_H_4,https://svs.gsfc.nasa.gov/vis/a000000/a005500/a005505/perpetual_ocean2_EQUIREC_071_final_beauty_level2_H_4.mp4
current:pacific-south-subsurface-countercurrent,media:0097,geographic_crop_navigation_only,source:4f7441b953be4651,level2_H_4,https://svs.gsfc.nasa.gov/vis/a000000/a005500/a005505/perpetual_ocean2_EQUIREC_071_final_beauty_level2_H_4.mp4
current:hiri-current,media:0098,geographic_crop_navigation_only,source:4f7441b953be4651,level2_G_5,https://svs.gsfc.nasa.gov/vis/a000000/a005500/a005505/perpetual_ocean2_EQUIREC_071_final_beauty_level2_G_5.mp4
current:alaska-coastal-gulf,media:0099,geographic_crop_navigation_only,source:4f7441b953be4651,level2_H_1,https://svs.gsfc.nasa.gov/vis/a000000/a005500/a005505/perpetual_ocean2_EQUIREC_071_final_beauty_level2_H_1.mp4
eddy:horizon:loop-81-primary,media:0100,regional_context_only,source:7487b9a234864d2d,,https://svs.gsfc.nasa.gov/vis/a000000/a005500/a005505/perpetual_ocean2_EQUIREC_071_final_beauty_level2_A_3.mp4
eddy:horizon:loop-80-primary,media:0101,regional_context_only,source:7487b9a234864d2d,,https://svs.gsfc.nasa.gov/vis/a000000/a005500/a005505/perpetual_ocean2_EQUIREC_071_final_beauty_level2_A_3.mp4
eddy:horizon:loop-79-primary,media:0102,regional_context_only,source:7487b9a234864d2d,,https://svs.gsfc.nasa.gov/vis/a000000/a005500/a005505/perpetual_ocean2_EQUIREC_071_final_beauty_level2_A_3.mp4
eddy:horizon:loop-78-primary,media:0103,regional_context_only,source:7487b9a234864d2d,,https://svs.gsfc.nasa.gov/vis/a000000/a005500/a005505/perpetual_ocean2_EQUIREC_071_final_beauty_level2_A_3.mp4
eddy:horizon:loop-77-primary,media:0104,regional_context_only,source:7487b9a234864d2d,,https://svs.gsfc.nasa.gov/vis/a000000/a005500/a005505/perpetual_ocean2_EQUIREC_071_final_beauty_level2_A_3.mp4
eddy:horizon:loop-77-secondary,media:0105,regional_context_only,source:7487b9a234864d2d,,https://svs.gsfc.nasa.gov/vis/a000000/a005500/a005505/perpetual_ocean2_EQUIREC_071_final_beauty_level2_A_3.mp4
eddy:horizon:loop-76-primary,media:0106,regional_context_only,source:7487b9a234864d2d,,https://svs.gsfc.nasa.gov/vis/a000000/a005500/a005505/perpetual_ocean2_EQUIREC_071_final_beauty_level2_A_3.mp4
eddy:horizon:loop-75-primary,media:0107,regional_context_only,source:7487b9a234864d2d,,https://svs.gsfc.nasa.gov/vis/a000000/a005500/a005505/perpetual_ocean2_EQUIREC_071_final_beauty_level2_A_3.mp4
eddy:horizon:loop-74-primary,media:0108,regional_context_only,source:7487b9a234864d2d,,https://svs.gsfc.nasa.gov/vis/a000000/a005500/a005505/perpetual_ocean2_EQUIREC_071_final_beauty_level2_A_3.mp4
eddy:horizon:loop-74-secondary,media:0109,regional_context_only,source:7487b9a234864d2d,,https://svs.gsfc.nasa.gov/vis/a000000/a005500/a005505/perpetual_ocean2_EQUIREC_071_final_beauty_level2_A_3.mp4
eddy:horizon:loop-73-primary,media:0110,regional_context_only,source:7487b9a234864d2d,,https://svs.gsfc.nasa.gov/vis/a000000/a005500/a005505/perpetual_ocean2_EQUIREC_071_final_beauty_level2_A_3.mp4
eddy:horizon:loop-73-secondary,media:0111,regional_context_only,source:7487b9a234864d2d,,https://svs.gsfc.nasa.gov/vis/a000000/a005500/a005505/perpetual_ocean2_EQUIREC_071_final_beauty_level2_A_3.mp4
eddy:horizon:loop-72-primary,media:0112,regional_context_only,source:7487b9a234864d2d,,https://svs.gsfc.nasa.gov/vis/a000000/a005500/a005505/perpetual_ocean2_EQUIREC_071_final_beauty_level2_A_3.mp4
eddy:horizon:loop-72-secondary,media:0113,regional_context_only,source:7487b9a234864d2d,,https://svs.gsfc.nasa.gov/vis/a000000/a005500/a005505/perpetual_ocean2_EQUIREC_071_final_beauty_level2_A_3.mp4
eddy:horizon:loop-71-primary,media:0114,regional_context_only,source:7487b9a234864d2d,,https://svs.gsfc.nasa.gov/vis/a000000/a005500/a005505/perpetual_ocean2_EQUIREC_071_final_beauty_level2_A_3.mp4
eddy:horizon:loop-70-primary,media:0115,regional_context_only,source:7487b9a234864d2d,,https://svs.gsfc.nasa.gov/vis/a000000/a005500/a005505/perpetual_ocean2_EQUIREC_071_final_beauty_level2_A_3.mp4
eddy:horizon:loop-69-primary,media:0116,regional_context_only,source:7487b9a234864d2d,,https://svs.gsfc.nasa.gov/vis/a000000/a005500/a005505/perpetual_ocean2_EQUIREC_071_final_beauty_level2_A_3.mp4
eddy:horizon:loop-68-primary,media:0117,regional_context_only,source:7487b9a234864d2d,,https://svs.gsfc.nasa.gov/vis/a000000/a005500/a005505/perpetual_ocean2_EQUIREC_071_final_beauty_level2_A_3.mp4
eddy:horizon:loop-68-secondary,media:0118,regional_context_only,source:7487b9a234864d2d,,https://svs.gsfc.nasa.gov/vis/a000000/a005500/a005505/perpetual_ocean2_EQUIREC_071_final_beauty_level2_A_3.mp4
eddy:horizon:loop-67-primary,media:0119,regional_context_only,source:7487b9a234864d2d,,https://svs.gsfc.nasa.gov/vis/a000000/a005500/a005505/perpetual_ocean2_EQUIREC_071_final_beauty_level2_A_3.mp4
eddy:horizon:loop-66-primary,media:0120,regional_context_only,source:7487b9a234864d2d,,https://svs.gsfc.nasa.gov/vis/a000000/a005500/a005505/perpetual_ocean2_EQUIREC_071_final_beauty_level2_A_3.mp4
eddy:horizon:loop-66-secondary,media:0121,regional_context_only,source:7487b9a234864d2d,,https://svs.gsfc.nasa.gov/vis/a000000/a005500/a005505/perpetual_ocean2_EQUIREC_071_final_beauty_level2_A_3.mp4
eddy:horizon:loop-65-primary,media:0122,regional_context_only,source:7487b9a234864d2d,,https://svs.gsfc.nasa.gov/vis/a000000/a005500/a005505/perpetual_ocean2_EQUIREC_071_final_beauty_level2_A_3.mp4
eddy:horizon:loop-64-primary,media:0123,regional_context_only,source:7487b9a234864d2d,,https://svs.gsfc.nasa.gov/vis/a000000/a005500/a005505/perpetual_ocean2_EQUIREC_071_final_beauty_level2_A_3.mp4
eddy:horizon:loop-64-secondary,media:0124,regional_context_only,source:7487b9a234864d2d,,https://svs.gsfc.nasa.gov/vis/a000000/a005500/a005505/perpetual_ocean2_EQUIREC_071_final_beauty_level2_A_3.mp4
eddy:horizon:loop-63-primary,media:0125,regional_context_only,source:7487b9a234864d2d,,https://svs.gsfc.nasa.gov/vis/a000000/a005500/a005505/perpetual_ocean2_EQUIREC_071_final_beauty_level2_A_3.mp4
eddy:horizon:loop-63-secondary,media:0126,regional_context_only,source:7487b9a234864d2d,,https://svs.gsfc.nasa.gov/vis/a000000/a005500/a005505/perpetual_ocean2_EQUIREC_071_final_beauty_level2_A_3.mp4
eddy:horizon:loop-62-primary,media:0127,regional_context_only,source:7487b9a234864d2d,,https://svs.gsfc.nasa.gov/vis/a000000/a005500/a005505/perpetual_ocean2_EQUIREC_071_final_beauty_level2_A_3.mp4
eddy:horizon:loop-61-primary,media:0128,regional_context_only,source:7487b9a234864d2d,,https://svs.gsfc.nasa.gov/vis/a000000/a005500/a005505/perpetual_ocean2_EQUIREC_071_final_beauty_level2_A_3.mp4
eddy:horizon:loop-60-primary,media:0129,regional_context_only,source:7487b9a234864d2d,,https://svs.gsfc.nasa.gov/vis/a000000/a005500/a005505/perpetual_ocean2_EQUIREC_071_final_beauty_level2_A_3.mp4
eddy:horizon:loop-59-primary,media:0130,regional_context_only,source:7487b9a234864d2d,,https://svs.gsfc.nasa.gov/vis/a000000/a005500/a005505/perpetual_ocean2_EQUIREC_071_final_beauty_level2_A_3.mp4
eddy:horizon:loop-59-secondary,media:0131,regional_context_only,source:7487b9a234864d2d,,https://svs.gsfc.nasa.gov/vis/a000000/a005500/a005505/perpetual_ocean2_EQUIREC_071_final_beauty_level2_A_3.mp4
eddy:horizon:loop-58-primary,media:0132,regional_context_only,source:7487b9a234864d2d,,https://svs.gsfc.nasa.gov/vis/a000000/a005500/a005505/perpetual_ocean2_EQUIREC_071_final_beauty_level2_A_3.mp4
eddy:horizon:loop-57-primary,media:0133,regional_context_only,source:7487b9a234864d2d,,https://svs.gsfc.nasa.gov/vis/a000000/a005500/a005505/perpetual_ocean2_EQUIREC_071_final_beauty_level2_A_3.mp4
eddy:horizon:loop-57-secondary,media:0134,regional_context_only,source:7487b9a234864d2d,,https://svs.gsfc.nasa.gov/vis/a000000/a005500/a005505/perpetual_ocean2_EQUIREC_071_final_beauty_level2_A_3.mp4
eddy:horizon:loop-56-primary,media:0135,regional_context_only,source:7487b9a234864d2d,,https://svs.gsfc.nasa.gov/vis/a000000/a005500/a005505/perpetual_ocean2_EQUIREC_071_final_beauty_level2_A_3.mp4
eddy:horizon:loop-55-primary,media:0136,regional_context_only,source:7487b9a234864d2d,,https://svs.gsfc.nasa.gov/vis/a000000/a005500/a005505/perpetual_ocean2_EQUIREC_071_final_beauty_level2_A_3.mp4
eddy:horizon:loop-54-primary,media:0137,regional_context_only,source:7487b9a234864d2d,,https://svs.gsfc.nasa.gov/vis/a000000/a005500/a005505/perpetual_ocean2_EQUIREC_071_final_beauty_level2_A_3.mp4
eddy:horizon:loop-53-primary,media:0138,regional_context_only,source:7487b9a234864d2d,,https://svs.gsfc.nasa.gov/vis/a000000/a005500/a005505/perpetual_ocean2_EQUIREC_071_final_beauty_level2_A_3.mp4
eddy:horizon:loop-52-primary,media:0139,regional_context_only,source:7487b9a234864d2d,,https://svs.gsfc.nasa.gov/vis/a000000/a005500/a005505/perpetual_ocean2_EQUIREC_071_final_beauty_level2_A_3.mp4
eddy:horizon:loop-51-primary,media:0140,regional_context_only,source:7487b9a234864d2d,,https://svs.gsfc.nasa.gov/vis/a000000/a005500/a005505/perpetual_ocean2_EQUIREC_071_final_beauty_level2_A_3.mp4
eddy:horizon:loop-50-primary,media:0141,regional_context_only,source:7487b9a234864d2d,,https://svs.gsfc.nasa.gov/vis/a000000/a005500/a005505/perpetual_ocean2_EQUIREC_071_final_beauty_level2_A_3.mp4
eddy:horizon:loop-50-secondary,media:0142,regional_context_only,source:7487b9a234864d2d,,https://svs.gsfc.nasa.gov/vis/a000000/a005500/a005505/perpetual_ocean2_EQUIREC_071_final_beauty_level2_A_3.mp4
eddy:horizon:loop-49-primary,media:0143,regional_context_only,source:7487b9a234864d2d,,https://svs.gsfc.nasa.gov/vis/a000000/a005500/a005505/perpetual_ocean2_EQUIREC_071_final_beauty_level2_A_3.mp4
eddy:horizon:loop-48-primary,media:0144,regional_context_only,source:7487b9a234864d2d,,https://svs.gsfc.nasa.gov/vis/a000000/a005500/a005505/perpetual_ocean2_EQUIREC_071_final_beauty_level2_A_3.mp4
eddy:horizon:loop-47-primary,media:0145,regional_context_only,source:7487b9a234864d2d,,https://svs.gsfc.nasa.gov/vis/a000000/a005500/a005505/perpetual_ocean2_EQUIREC_071_final_beauty_level2_A_3.mp4
eddy:horizon:loop-46-primary,media:0146,regional_context_only,source:7487b9a234864d2d,,https://svs.gsfc.nasa.gov/vis/a000000/a005500/a005505/perpetual_ocean2_EQUIREC_071_final_beauty_level2_A_3.mp4
eddy:horizon:loop-45-primary,media:0147,regional_context_only,source:7487b9a234864d2d,,https://svs.gsfc.nasa.gov/vis/a000000/a005500/a005505/perpetual_ocean2_EQUIREC_071_final_beauty_level2_A_3.mp4
eddy:horizon:loop-44-primary,media:0148,regional_context_only,source:7487b9a234864d2d,,https://svs.gsfc.nasa.gov/vis/a000000/a005500/a005505/perpetual_ocean2_EQUIREC_071_final_beauty_level2_A_3.mp4
eddy:horizon:loop-44-secondary,media:0149,regional_context_only,source:7487b9a234864d2d,,https://svs.gsfc.nasa.gov/vis/a000000/a005500/a005505/perpetual_ocean2_EQUIREC_071_final_beauty_level2_A_3.mp4
eddy:horizon:loop-43-primary,media:0150,regional_context_only,source:7487b9a234864d2d,,https://svs.gsfc.nasa.gov/vis/a000000/a005500/a005505/perpetual_ocean2_EQUIREC_071_final_beauty_level2_A_3.mp4
eddy:horizon:loop-42-primary,media:0151,regional_context_only,source:7487b9a234864d2d,,https://svs.gsfc.nasa.gov/vis/a000000/a005500/a005505/perpetual_ocean2_EQUIREC_071_final_beauty_level2_A_3.mp4
eddy:horizon:loop-41-primary,media:0152,regional_context_only,source:7487b9a234864d2d,,https://svs.gsfc.nasa.gov/vis/a000000/a005500/a005505/perpetual_ocean2_EQUIREC_071_final_beauty_level2_A_3.mp4
eddy:horizon:loop-40-primary,media:0153,regional_context_only,source:7487b9a234864d2d,,https://svs.gsfc.nasa.gov/vis/a000000/a005500/a005505/perpetual_ocean2_EQUIREC_071_final_beauty_level2_A_3.mp4
eddy:horizon:loop-40-secondary,media:0154,regional_context_only,source:7487b9a234864d2d,,https://svs.gsfc.nasa.gov/vis/a000000/a005500/a005505/perpetual_ocean2_EQUIREC_071_final_beauty_level2_A_3.mp4
eddy:horizon:loop-39-primary,media:0155,regional_context_only,source:7487b9a234864d2d,,https://svs.gsfc.nasa.gov/vis/a000000/a005500/a005505/perpetual_ocean2_EQUIREC_071_final_beauty_level2_A_3.mp4
eddy:horizon:loop-38-primary,media:0156,regional_context_only,source:7487b9a234864d2d,,https://svs.gsfc.nasa.gov/vis/a000000/a005500/a005505/perpetual_ocean2_EQUIREC_071_final_beauty_level2_A_3.mp4
eddy:horizon:loop-37-primary,media:0157,regional_context_only,source:7487b9a234864d2d,,https://svs.gsfc.nasa.gov/vis/a000000/a005500/a005505/perpetual_ocean2_EQUIREC_071_final_beauty_level2_A_3.mp4
eddy:horizon:loop-36-primary,media:0158,regional_context_only,source:7487b9a234864d2d,,https://svs.gsfc.nasa.gov/vis/a000000/a005500/a005505/perpetual_ocean2_EQUIREC_071_final_beauty_level2_A_3.mp4
eddy:horizon:loop-35-primary,media:0159,regional_context_only,source:7487b9a234864d2d,,https://svs.gsfc.nasa.gov/vis/a000000/a005500/a005505/perpetual_ocean2_EQUIREC_071_final_beauty_level2_A_3.mp4
eddy:horizon:loop-34-primary,media:0160,regional_context_only,source:7487b9a234864d2d,,https://svs.gsfc.nasa.gov/vis/a000000/a005500/a005505/perpetual_ocean2_EQUIREC_071_final_beauty_level2_A_3.mp4
eddy:horizon:loop-33-primary,media:0161,regional_context_only,source:7487b9a234864d2d,,https://svs.gsfc.nasa.gov/vis/a000000/a005500/a005505/perpetual_ocean2_EQUIREC_071_final_beauty_level2_A_3.mp4
eddy:horizon:loop-32-primary,media:0162,regional_context_only,source:7487b9a234864d2d,,https://svs.gsfc.nasa.gov/vis/a000000/a005500/a005505/perpetual_ocean2_EQUIREC_071_final_beauty_level2_A_3.mp4
eddy:horizon:loop-31-primary,media:0163,regional_context_only,source:7487b9a234864d2d,,https://svs.gsfc.nasa.gov/vis/a000000/a005500/a005505/perpetual_ocean2_EQUIREC_071_final_beauty_level2_A_3.mp4
eddy:horizon:loop-30-primary,media:0164,regional_context_only,source:7487b9a234864d2d,,https://svs.gsfc.nasa.gov/vis/a000000/a005500/a005505/perpetual_ocean2_EQUIREC_071_final_beauty_level2_A_3.mp4
eddy:horizon:loop-29-primary,media:0165,regional_context_only,source:7487b9a234864d2d,,https://svs.gsfc.nasa.gov/vis/a000000/a005500/a005505/perpetual_ocean2_EQUIREC_071_final_beauty_level2_A_3.mp4
eddy:horizon:loop-28-primary,media:0166,regional_context_only,source:7487b9a234864d2d,,https://svs.gsfc.nasa.gov/vis/a000000/a005500/a005505/perpetual_ocean2_EQUIREC_071_final_beauty_level2_A_3.mp4
eddy:horizon:loop-27-primary,media:0167,regional_context_only,source:7487b9a234864d2d,,https://svs.gsfc.nasa.gov/vis/a000000/a005500/a005505/perpetual_ocean2_EQUIREC_071_final_beauty_level2_A_3.mp4
eddy:horizon:loop-26-primary,media:0168,regional_context_only,source:7487b9a234864d2d,,https://svs.gsfc.nasa.gov/vis/a000000/a005500/a005505/perpetual_ocean2_EQUIREC_071_final_beauty_level2_A_3.mp4
eddy:horizon:loop-25-primary,media:0169,regional_context_only,source:7487b9a234864d2d,,https://svs.gsfc.nasa.gov/vis/a000000/a005500/a005505/perpetual_ocean2_EQUIREC_071_final_beauty_level2_A_3.mp4
eddy:horizon:loop-24-primary,media:0170,regional_context_only,source:7487b9a234864d2d,,https://svs.gsfc.nasa.gov/vis/a000000/a005500/a005505/perpetual_ocean2_EQUIREC_071_final_beauty_level2_A_3.mp4
eddy:horizon:loop-24-secondary,media:0171,regional_context_only,source:7487b9a234864d2d,,https://svs.gsfc.nasa.gov/vis/a000000/a005500/a005505/perpetual_ocean2_EQUIREC_071_final_beauty_level2_A_3.mp4
eddy:horizon:loop-23-primary,media:0172,regional_context_only,source:7487b9a234864d2d,,https://svs.gsfc.nasa.gov/vis/a000000/a005500/a005505/perpetual_ocean2_EQUIREC_071_final_beauty_level2_A_3.mp4
eddy:horizon:loop-22-primary,media:0173,regional_context_only,source:7487b9a234864d2d,,https://svs.gsfc.nasa.gov/vis/a000000/a005500/a005505/perpetual_ocean2_EQUIREC_071_final_beauty_level2_A_3.mp4
eddy:horizon:loop-21-primary,media:0174,regional_context_only,source:7487b9a234864d2d,,https://svs.gsfc.nasa.gov/vis/a000000/a005500/a005505/perpetual_ocean2_EQUIREC_071_final_beauty_level2_A_3.mp4
eddy:horizon:loop-21-secondary,media:0175,regional_context_only,source:7487b9a234864d2d,,https://svs.gsfc.nasa.gov/vis/a000000/a005500/a005505/perpetual_ocean2_EQUIREC_071_final_beauty_level2_A_3.mp4
eddy:horizon:loop-20-primary,media:0176,regional_context_only,source:7487b9a234864d2d,,https://svs.gsfc.nasa.gov/vis/a000000/a005500/a005505/perpetual_ocean2_EQUIREC_071_final_beauty_level2_A_3.mp4
eddy:horizon:loop-19-primary,media:0177,regional_context_only,source:7487b9a234864d2d,,https://svs.gsfc.nasa.gov/vis/a000000/a005500/a005505/perpetual_ocean2_EQUIREC_071_final_beauty_level2_A_3.mp4
eddy:horizon:loop-18-primary,media:0178,regional_context_only,source:7487b9a234864d2d,,https://svs.gsfc.nasa.gov/vis/a000000/a005500/a005505/perpetual_ocean2_EQUIREC_071_final_beauty_level2_A_3.mp4
eddy:horizon:loop-17-primary,media:0179,regional_context_only,source:7487b9a234864d2d,,https://svs.gsfc.nasa.gov/vis/a000000/a005500/a005505/perpetual_ocean2_EQUIREC_071_final_beauty_level2_A_3.mp4
eddy:horizon:loop-16-primary,media:0180,regional_context_only,source:7487b9a234864d2d,,https://svs.gsfc.nasa.gov/vis/a000000/a005500/a005505/perpetual_ocean2_EQUIREC_071_final_beauty_level2_A_3.mp4
eddy:horizon:loop-15-primary,media:0181,regional_context_only,source:7487b9a234864d2d,,https://svs.gsfc.nasa.gov/vis/a000000/a005500/a005505/perpetual_ocean2_EQUIREC_071_final_beauty_level2_A_3.mp4
eddy:horizon:loop-14-primary,media:0182,regional_context_only,source:7487b9a234864d2d,,https://svs.gsfc.nasa.gov/vis/a000000/a005500/a005505/perpetual_ocean2_EQUIREC_071_final_beauty_level2_A_3.mp4
eddy:horizon:loop-13-primary,media:0183,regional_context_only,source:7487b9a234864d2d,,https://svs.gsfc.nasa.gov/vis/a000000/a005500/a005505/perpetual_ocean2_EQUIREC_071_final_beauty_level2_A_3.mp4
eddy:horizon:loop-12-primary,media:0184,regional_context_only,source:7487b9a234864d2d,,https://svs.gsfc.nasa.gov/vis/a000000/a005500/a005505/perpetual_ocean2_EQUIREC_071_final_beauty_level2_A_3.mp4
eddy:horizon:loop-11-primary,media:0185,regional_context_only,source:7487b9a234864d2d,,https://svs.gsfc.nasa.gov/vis/a000000/a005500/a005505/perpetual_ocean2_EQUIREC_071_final_beauty_level2_A_3.mp4
eddy:horizon:loop-10-primary,media:0186,regional_context_only,source:7487b9a234864d2d,,https://svs.gsfc.nasa.gov/vis/a000000/a005500/a005505/perpetual_ocean2_EQUIREC_071_final_beauty_level2_A_3.mp4
eddy:horizon:loop-09-primary,media:0187,regional_context_only,source:7487b9a234864d2d,,https://svs.gsfc.nasa.gov/vis/a000000/a005500/a005505/perpetual_ocean2_EQUIREC_071_final_beauty_level2_A_3.mp4
eddy:horizon:loop-08-primary,media:0188,regional_context_only,source:7487b9a234864d2d,,https://svs.gsfc.nasa.gov/vis/a000000/a005500/a005505/perpetual_ocean2_EQUIREC_071_final_beauty_level2_A_3.mp4
eddy:horizon:loop-07-primary,media:0189,regional_context_only,source:7487b9a234864d2d,,https://svs.gsfc.nasa.gov/vis/a000000/a005500/a005505/perpetual_ocean2_EQUIREC_071_final_beauty_level2_A_3.mp4
eddy:horizon:loop-06-primary,media:0190,regional_context_only,source:7487b9a234864d2d,,https://svs.gsfc.nasa.gov/vis/a000000/a005500/a005505/perpetual_ocean2_EQUIREC_071_final_beauty_level2_A_3.mp4
eddy:horizon:loop-05-primary,media:0191,regional_context_only,source:7487b9a234864d2d,,https://svs.gsfc.nasa.gov/vis/a000000/a005500/a005505/perpetual_ocean2_EQUIREC_071_final_beauty_level2_A_3.mp4
eddy:horizon:loop-04-primary,media:0192,regional_context_only,source:7487b9a234864d2d,,https://svs.gsfc.nasa.gov/vis/a000000/a005500/a005505/perpetual_ocean2_EQUIREC_071_final_beauty_level2_A_3.mp4
eddy:horizon:loop-03-primary,media:0193,regional_context_only,source:7487b9a234864d2d,,https://svs.gsfc.nasa.gov/vis/a000000/a005500/a005505/perpetual_ocean2_EQUIREC_071_final_beauty_level2_A_3.mp4
eddy:horizon:loop-02-primary,media:0194,regional_context_only,source:7487b9a234864d2d,,https://svs.gsfc.nasa.gov/vis/a000000/a005500/a005505/perpetual_ocean2_EQUIREC_071_final_beauty_level2_A_3.mp4
eddy:horizon:loop-01-primary,media:0195,regional_context_only,source:7487b9a234864d2d,,https://svs.gsfc.nasa.gov/vis/a000000/a005500/a005505/perpetual_ocean2_EQUIREC_071_final_beauty_level2_A_3.mp4
eddy:geography:batumi-eddy-region,media:0196,regional_context_only,source:7487b9a234864d2d,,https://svs.gsfc.nasa.gov/vis/a000000/a005500/a005505/perpetual_ocean2_EQUIREC_071_final_beauty_level2_D_2.mp4
eddy:geography:bosphorus-eddy-region,media:0197,regional_context_only,source:7487b9a234864d2d,,https://svs.gsfc.nasa.gov/vis/a000000/a005500/a005505/perpetual_ocean2_EQUIREC_071_final_beauty_level2_D_2.mp4
eddy:geography:sukhumi-eddy-region,media:0198,regional_context_only,source:7487b9a234864d2d,,https://svs.gsfc.nasa.gov/vis/a000000/a005500/a005505/perpetual_ocean2_EQUIREC_071_final_beauty_level2_D_2.mp4
eddy:geography:caucasus-eddy-region,media:0199,regional_context_only,source:7487b9a234864d2d,,https://svs.gsfc.nasa.gov/vis/a000000/a005500/a005505/perpetual_ocean2_EQUIREC_071_final_beauty_level2_D_2.mp4
eddy:geography:kerch-eddy-region,media:0200,regional_context_only,source:7487b9a234864d2d,,https://svs.gsfc.nasa.gov/vis/a000000/a005500/a005505/perpetual_ocean2_EQUIREC_071_final_beauty_level2_D_2.mp4
eddy:geography:crimea-eddy-region,media:0201,regional_context_only,source:7487b9a234864d2d,,https://svs.gsfc.nasa.gov/vis/a000000/a005500/a005505/perpetual_ocean2_EQUIREC_071_final_beauty_level2_D_2.mp4
eddy:geography:sevastopol-eddy-region,media:0202,regional_context_only,source:7487b9a234864d2d,,https://svs.gsfc.nasa.gov/vis/a000000/a005500/a005505/perpetual_ocean2_EQUIREC_071_final_beauty_level2_D_2.mp4
eddy:geography:danube-eddy-region,media:0203,regional_context_only,source:7487b9a234864d2d,,https://svs.gsfc.nasa.gov/vis/a000000/a005500/a005505/perpetual_ocean2_EQUIREC_071_final_beauty_level2_D_2.mp4
eddy:geography:constantsa-eddy-region,media:0204,regional_context_only,source:7487b9a234864d2d,,https://svs.gsfc.nasa.gov/vis/a000000/a005500/a005505/perpetual_ocean2_EQUIREC_071_final_beauty_level2_D_2.mp4
eddy:geography:kaliakra-eddy-region,media:0205,regional_context_only,source:7487b9a234864d2d,,https://svs.gsfc.nasa.gov/vis/a000000/a005500/a005505/perpetual_ocean2_EQUIREC_071_final_beauty_level2_D_2.mp4
eddy:geography:haida-eddy-region,media:0206,regional_context_only,source:7487b9a234864d2d,,https://svs.gsfc.nasa.gov/vis/a000000/a005500/a005505/perpetual_ocean2_EQUIREC_071_final_beauty_level2_A_2.mp4
eddy:geography:sitka-eddy-region,media:0207,regional_context_only,source:7487b9a234864d2d,,https://svs.gsfc.nasa.gov/vis/a000000/a005500/a005505/perpetual_ocean2_EQUIREC_071_final_beauty_level2_A_1.mp4
eddy:geography:yakutat-eddy-region,media:0208,regional_context_only,source:7487b9a234864d2d,,https://svs.gsfc.nasa.gov/vis/a000000/a005500/a005505/perpetual_ocean2_EQUIREC_071_final_beauty_level2_H_1.mp4
eddy:geography:kenai-eddy-region,media:0209,regional_context_only,source:7487b9a234864d2d,,https://svs.gsfc.nasa.gov/vis/a000000/a005500/a005505/perpetual_ocean2_EQUIREC_071_final_beauty_level2_H_1.mp4
eddy:geography:agulhas-rings-family,media:0210,regional_context_only,source:7487b9a234864d2d,,https://svs.gsfc.nasa.gov/vis/a000000/a005500/a005505/perpetual_ocean2_EQUIREC_071_final_beauty_level2_D_6.mp4
eddy:geography:astrid-2000,media:0211,regional_context_only,source:7487b9a234864d2d,,https://svs.gsfc.nasa.gov/vis/a000000/a005500/a005505/perpetual_ocean2_EQUIREC_071_final_beauty_level2_D_6.mp4
eddy:geography:laura-1999,media:0212,regional_context_only,source:7487b9a234864d2d,,https://svs.gsfc.nasa.gov/vis/a000000/a005500/a005505/perpetual_ocean2_EQUIREC_071_final_beauty_level2_D_6.mp4
eddy:geography:ana-2004,media:0213,regional_context_only,source:7487b9a234864d2d,,https://svs.gsfc.nasa.gov/vis/a000000/a005500/a005505/perpetual_ocean2_EQUIREC_071_final_beauty_level2_D_6.mp4
eddy:geography:eliza-2007,media:0214,regional_context_only,source:7487b9a234864d2d,,https://svs.gsfc.nasa.gov/vis/a000000/a005500/a005505/perpetual_ocean2_EQUIREC_071_final_beauty_level2_D_6.mp4
eddy:geography:jeannette-2012,media:0215,regional_context_only,source:7487b9a234864d2d,,https://svs.gsfc.nasa.gov/vis/a000000/a005500/a005505/perpetual_ocean2_EQUIREC_071_final_beauty_level2_D_6.mp4
eddy:geography:lilian-2006,media:0216,regional_context_only,source:7487b9a234864d2d,,https://svs.gsfc.nasa.gov/vis/a000000/a005500/a005505/perpetual_ocean2_EQUIREC_071_final_beauty_level2_C_5.mp4
eddy:geography:agulhas-eddy-w-2000,media:0217,regional_context_only,source:7487b9a234864d2d,,https://svs.gsfc.nasa.gov/vis/a000000/a005500/a005505/perpetual_ocean2_EQUIREC_071_final_beauty_level2_D_5.mp4
eddy:geography:persian-gulf-peddies-family,media:0218,regional_context_only,source:7487b9a234864d2d,,https://svs.gsfc.nasa.gov/vis/a000000/a005500/a005505/perpetual_ocean2_EQUIREC_071_final_beauty_level2_E_3.mp4
eddy:geography:cuba-anticyclones-family,media:0219,regional_context_only,source:7487b9a234864d2d,,https://svs.gsfc.nasa.gov/vis/a000000/a005500/a005505/perpetual_ocean2_EQUIREC_071_final_beauty_level2_B_3.mp4
eddy:geography:haida-1998,media:0220,regional_context_only,source:7487b9a234864d2d,,https://svs.gsfc.nasa.gov/vis/a000000/a005500/a005505/perpetual_ocean2_EQUIREC_071_final_beauty_level2_A_2.mp4
eddy:geography:sitka-2007,media:0221,regional_context_only,source:7487b9a234864d2d,,https://svs.gsfc.nasa.gov/vis/a000000/a005500/a005505/perpetual_ocean2_EQUIREC_071_final_beauty_level2_H_1.mp4
eddy:geography:kenai-2007,media:0222,regional_context_only,source:7487b9a234864d2d,,https://svs.gsfc.nasa.gov/vis/a000000/a005500/a005505/perpetual_ocean2_EQUIREC_071_final_beauty_level2_H_2.mp4
eddy:geography:meddies-family,media:0223,regional_context_only,source:7487b9a234864d2d,,https://svs.gsfc.nasa.gov/vis/a000000/a005500/a005505/perpetual_ocean2_EQUIREC_071_final_beauty_level2_C_2.mp4
eddy:geography:meddy-ulla-1997,media:0224,regional_context_only,source:7487b9a234864d2d,,https://svs.gsfc.nasa.gov/vis/a000000/a005500/a005505/perpetual_ocean2_EQUIREC_071_final_beauty_level2_C_2.mp4
eddy:geography:cyprus-eddy-region,media:0225,regional_context_only,source:7487b9a234864d2d,,https://svs.gsfc.nasa.gov/vis/a000000/a005500/a005505/perpetual_ocean2_EQUIREC_071_final_beauty_level2_D_3.mp4
eddy:geography:shikmona-eddy-region,media:0226,regional_context_only,source:7487b9a234864d2d,,https://svs.gsfc.nasa.gov/vis/a000000/a005500/a005505/perpetual_ocean2_EQUIREC_071_final_beauty_level2_D_3.mp4
eddy:geography:latakia-eddy-region,media:0227,regional_context_only,source:7487b9a234864d2d,,https://svs.gsfc.nasa.gov/vis/a000000/a005500/a005505/perpetual_ocean2_EQUIREC_071_final_beauty_level2_D_2.mp4
eddy:geography:mindanao-eddy-region,media:0228,regional_context_only,source:7487b9a234864d2d,,https://svs.gsfc.nasa.gov/vis/a000000/a005500/a005505/perpetual_ocean2_EQUIREC_071_final_beauty_level2_F_4.mp4
eddy:geography:halmahera-eddy-region,media:0229,regional_context_only,source:7487b9a234864d2d,,https://svs.gsfc.nasa.gov/vis/a000000/a005500/a005505/perpetual_ocean2_EQUIREC_071_final_beauty_level2_F_4.mp4
eddy:geography:new-guinea-eddy-region,media:0230,regional_context_only,source:7487b9a234864d2d,,https://svs.gsfc.nasa.gov/vis/a000000/a005500/a005505/perpetual_ocean2_EQUIREC_071_final_beauty_level2_G_4.mp4
nasa:gulf-stream,media:0231,regional_movie_context,source:49ad684169db8067,level2_B_2,https://svs.gsfc.nasa.gov/vis/a000000/a005500/a005505/perpetual_ocean2_EQUIREC_071_final_beauty_level2_B_2.mp4
nasa:kuroshio,media:0232,regional_movie_context,source:49ad684169db8067,level2_G_3,https://svs.gsfc.nasa.gov/vis/a000000/a005500/a005505/perpetual_ocean2_EQUIREC_071_final_beauty_level2_G_3.mp4
nasa:agulhas,media:0233,regional_movie_context,source:49ad684169db8067,level2_D_5,https://svs.gsfc.nasa.gov/vis/a000000/a005500/a005505/perpetual_ocean2_EQUIREC_071_final_beauty_level2_D_5.mp4
nasa:east-australian,media:0234,regional_movie_context,source:49ad684169db8067,level2_G_5,https://svs.gsfc.nasa.gov/vis/a000000/a005500/a005505/perpetual_ocean2_EQUIREC_071_final_beauty_level2_G_5.mp4
nasa:indonesian-throughflow,media:0235,regional_movie_context,source:49ad684169db8067,level2_F_4,https://svs.gsfc.nasa.gov/vis/a000000/a005500/a005505/perpetual_ocean2_EQUIREC_071_final_beauty_level2_F_4.mp4
nasa:red-sea-saline-overflow,media:0236,regional_movie_context,source:49ad684169db8067,level2_E_3,https://svs.gsfc.nasa.gov/vis/a000000/a005500/a005505/perpetual_ocean2_EQUIREC_071_final_beauty_level2_E_3.mp4
nasa:persian-gulf-saline-overflow,media:0237,regional_movie_context,source:49ad684169db8067,level2_E_3,https://svs.gsfc.nasa.gov/vis/a000000/a005500/a005505/perpetual_ocean2_EQUIREC_071_final_beauty_level2_E_3.mp4
nasa:kuroshio-meanders,media:0238,regional_movie_context,source:49ad684169db8067,level2_G_3,https://svs.gsfc.nasa.gov/vis/a000000/a005500/a005505/perpetual_ocean2_EQUIREC_071_final_beauty_level2_G_3.mp4
nasa:kuroshio-eastward-turn,media:0239,regional_movie_context,source:49ad684169db8067,level2_G_2,https://svs.gsfc.nasa.gov/vis/a000000/a005500/a005505/perpetual_ocean2_EQUIREC_071_final_beauty_level2_G_2.mp4
nasa:kuroshio-eddies,media:0240,regional_movie_context,source:49ad684169db8067,level2_G_2,https://svs.gsfc.nasa.gov/vis/a000000/a005500/a005505/perpetual_ocean2_EQUIREC_071_final_beauty_level2_G_2.mp4
nasa:agulhas-retroflection,media:0241,regional_movie_context,source:49ad684169db8067,level2_D_6,https://svs.gsfc.nasa.gov/vis/a000000/a005500/a005505/perpetual_ocean2_EQUIREC_071_final_beauty_level2_D_6.mp4
nasa:agulhas-rings,media:0242,regional_movie_context,source:49ad684169db8067,level2_D_6,https://svs.gsfc.nasa.gov/vis/a000000/a005500/a005505/perpetual_ocean2_EQUIREC_071_final_beauty_level2_D_6.mp4
nasa:gulf-stream-cold-cores,media:0243,regional_movie_context,source:49ad684169db8067,level2_B_2,https://svs.gsfc.nasa.gov/vis/a000000/a005500/a005505/perpetual_ocean2_EQUIREC_071_final_beauty_level2_B_2.mp4
nasa:gulf-stream-deep-return,media:0244,regional_movie_context,source:49ad684169db8067,level2_B_2,https://svs.gsfc.nasa.gov/vis/a000000/a005500/a005505/perpetual_ocean2_EQUIREC_071_final_beauty_level2_B_2.mp4
nasa:gulf-of-mexico-loop-eddies,media:0245,regional_movie_context,source:49ad684169db8067,level2_B_3,https://svs.gsfc.nasa.gov/vis/a000000/a005500/a005505/perpetual_ocean2_EQUIREC_071_final_beauty_level2_B_3.mp4
nasa:north-atlantic-sinking,media:0246,regional_movie_context,source:49ad684169db8067,level2_C_1,https://svs.gsfc.nasa.gov/vis/a000000/a005500/a005505/perpetual_ocean2_EQUIREC_071_final_beauty_level2_C_1.mp4
current:antarctic-slope,media:0247,geographic_crop_navigation_only,source:4f7441b953be4651,level2_D_7,https://svs.gsfc.nasa.gov/vis/a000000/a005500/a005505/perpetual_ocean2_EQUIREC_071_final_beauty_level2_D_7.mp4
