entity_id,id,label,preferred,source_id
current:acc,name:0001,Antarctic Circumpolar Current,True,source:7552dcff0cd8af01
current:antarctic-coastal,name:0002,Antarctic Coastal Current (East Wind Drift),True,source:684ab289bee1d7dd
current:california,name:0003,California Current,True,source:7552dcff0cd8af01
current:gulf-stream-system,name:0004,Gulf Stream System,True,source:4556886a82d6f61a
current:gulf-stream,name:0005,Gulf Stream,True,source:7552dcff0cd8af01
current:kuroshio,name:0006,Kuroshio Current,True,source:7552dcff0cd8af01
current:agulhas,name:0007,Agulhas Current,True,source:7552dcff0cd8af01
current:agulhas-return,name:0008,Agulhas Return Current,True,source:0623dc4aeee7fc02
current:agulhas-return,name:0009,ARC,False,source:a9cf41fd1887dc49
current:east-australian,name:0010,East Australian Current,True,source:7552dcff0cd8af01
current:tasman-front,name:0011,Tasman Front,True,source:a27aa78cffac61c5
current:peru-humboldt,name:0012,Peru (Humboldt) Current,True,source:7552dcff0cd8af01
current:benguela,name:0013,Benguela Current,True,source:7552dcff0cd8af01
current:canary,name:0014,Canary Current,True,source:7552dcff0cd8af01
current:labrador,name:0015,Labrador Current,True,source:7552dcff0cd8af01
current:greenland-middle-atlantic-shelf-hypothesis,name:0016,Greenland–Middle Atlantic shelf-current hypothesis,True,source:bcde6ef21698b592
current:brazil,name:0017,Brazil Current,True,source:7552dcff0cd8af01
current:north-atlantic,name:0018,North Atlantic Current,True,source:4556886a82d6f61a
current:deep-western-boundary,name:0019,Deep Western Boundary Current,True,source:42156fea28b90430
current:azores,name:0020,Azores Current,True,source:0567b05988a08497
current:azores-countercurrent,name:0021,Azores Countercurrent,True,source:0567b05988a08497
current:portugal,name:0022,Portugal Current,True,source:5e15162e37e784c4
current:mediterranean-undercurrent,name:0023,Mediterranean Undercurrent,True,source:6ea3cd5870f43794
current:east-adriatic,name:0024,East Adriatic Current,True,source:3e2342907046ec3a
current:black-sea-rim,name:0025,Black Sea Rim Current,True,source:3b0a93ecf03b2565
current:loop,name:0026,Loop Current,True,source:d35c9b294dd4c44b
current:florida,name:0027,Florida Current,True,source:4556886a82d6f61a
current:north-brazil,name:0028,North Brazil Current,True,source:19cbc90a75fc8672
current:alaska,name:0029,Alaska Current,True,source:4556886a82d6f61a
current:aleutian,name:0030,Aleutian Current,True,source:0375be18f8dd88c4
current:aleutian,name:0031,Pacific Subarctic Current,False,source:a9cf41fd1887dc49
current:antilles,name:0032,Antilles Current,True,source:4556886a82d6f61a
current:davidson,name:0033,Davidson Current,True,source:4556886a82d6f61a
current:east-greenland,name:0034,East Greenland Current,True,source:4556886a82d6f61a
current:east-greenland-coastal,name:0035,East Greenland Coastal Current,True,source:04dec95aff3639e3
current:east-greenland-coastal,name:0036,EGCC,False,source:a9cf41fd1887dc49
current:falkland,name:0037,Falkland (Malvinas) Current,True,source:4556886a82d6f61a
current:guiana,name:0038,Guiana Current,True,source:4556886a82d6f61a
current:guinea,name:0039,Guinea Current,True,source:4556886a82d6f61a
current:irminger,name:0040,Irminger Current,True,source:4556886a82d6f61a
current:kuroshio-extension,name:0041,Kuroshio Extension,True,source:13d1b8683576e2c9
current:monsoon,name:0042,Monsoon Current,True,source:4556886a82d6f61a
current:indonesian-throughflow,name:0043,Indonesian Throughflow,True,source:dc4ecdce7e297345
current:indonesian-throughflow,name:0044,ITF,False,source:a9cf41fd1887dc49
current:red-sea-saline-overflow,name:0045,Red Sea saline overflow,True,source:46c1495f0e36de3b
current:persian-gulf-saline-overflow,name:0046,Persian Gulf saline overflow,True,source:46c1495f0e36de3b
current:north-cape,name:0047,North Cape Current,True,source:4556886a82d6f61a
current:north-equatorial,name:0048,North Equatorial Current,True,source:4556886a82d6f61a
current:north-pacific,name:0049,North Pacific Current,True,source:4556886a82d6f61a
current:norwegian,name:0050,Norwegian Current,True,source:4556886a82d6f61a
current:norwegian-coastal,name:0051,Norwegian Coastal Current,True,source:65c9605f88219d4c
current:algerian,name:0052,Algerian Current,True,source:aa4628da93c945aa
current:balearic,name:0053,Balearic Current,True,source:c3ef18f86167e197
current:western-adriatic,name:0054,Western Adriatic Current,True,source:98d6a36e1d59ebcb
current:baffin,name:0055,Baffin Current,True,source:7d77d9146f863efd
current:baffin,name:0056,Baffin Island Current,False,source:a9cf41fd1887dc49
current:mauritanian,name:0057,Mauritanian Current,True,source:21b899aceb9bc439
current:mauritanian,name:0058,Mauritania Current,False,source:a9cf41fd1887dc49
current:gaspe,name:0059,Gaspé Current,True,source:1828c26577c1a6ab
current:gaspe,name:0060,Gaspe Current,False,source:a9cf41fd1887dc49
current:northern-mediterranean,name:0061,Northern Current,True,source:361299ca16b625b2
current:northern-mediterranean,name:0062,Liguro-Provençal-Catalan Current,False,source:361299ca16b625b2
current:ligurian,name:0063,Ligurian Current,True,source:361299ca16b625b2
current:oyashio,name:0064,Oyashio,True,source:4556886a82d6f61a
current:somali,name:0065,Somali Current,True,source:4556886a82d6f61a
current:south-equatorial,name:0066,South Equatorial Current,True,source:4556886a82d6f61a
current:spitsbergen-atlantic,name:0067,Spitsbergen Atlantic Current,True,source:4556886a82d6f61a
current:tsushima,name:0068,Tsushima Current,True,source:4556886a82d6f61a
current:west-australian,name:0069,West Australian Current,True,source:4556886a82d6f61a
current:leeuwin,name:0070,Leeuwin Current,True,source:a0cafa9c716a91f6
current:australian-west-south-boundary-flow,name:0071,Western and southern Australian boundary flow,True,source:5c227482b3435824
current:south-australian,name:0072,South Australian Current,True,source:5c227482b3435824
current:zeehan,name:0073,Zeehan Current,True,source:5c227482b3435824
current:caribbean,name:0074,Caribbean Current,True,source:a6d248678fda6cec
current:equatorial-countercurrent,name:0075,Equatorial Countercurrent,True,source:2884fc43d22fe977
current:north-equatorial-countercurrent,name:0076,North Equatorial Countercurrent,True,source:93c06b68de38d9ca
current:atlantic-north-equatorial-countercurrent,name:0077,Atlantic North Equatorial Countercurrent,True,source:46a836e41d6a800a
current:pacific-north-equatorial-countercurrent,name:0078,Pacific North Equatorial Countercurrent,True,source:df8a86f107aba236
current:south-equatorial-countercurrent,name:0079,South Equatorial Countercurrent,True,source:93c06b68de38d9ca
current:atlantic-south-equatorial-countercurrent,name:0080,Atlantic South Equatorial Countercurrent,True,source:7d41c196a8c2a2a4
current:pacific-south-equatorial-countercurrent,name:0081,Pacific South Equatorial Countercurrent,True,source:cb7e6dd38745baf6
current:indian-south-equatorial-countercurrent,name:0082,Indian Ocean South Equatorial Countercurrent,True,source:c247b938a92e3283
current:equatorial-undercurrent,name:0083,Equatorial Undercurrent,True,source:2884fc43d22fe977
current:pacific-equatorial-undercurrent,name:0084,Pacific Equatorial Undercurrent,True,source:60fc6515b05b3185
current:pacific-equatorial-undercurrent,name:0085,Cromwell Current,False,source:a9cf41fd1887dc49
current:atlantic-equatorial-undercurrent,name:0086,Atlantic Equatorial Undercurrent,True,source:1f902f771350caf2
current:atlantic-equatorial-undercurrent,name:0087,Lomonosov Current,False,source:3c8f222e0744558b
current:atlantic-equatorial-undercurrent,name:0088,Lomonoscov Current,False,source:3c8f222e0744558b
current:indian-equatorial-undercurrent,name:0089,Indian Ocean Equatorial Undercurrent,True,source:0a9db1d0e73f03d0
current:north-equatorial-undercurrent,name:0090,North Equatorial Undercurrent,True,source:93c06b68de38d9ca
current:atlantic-north-equatorial-undercurrent,name:0091,Atlantic North Equatorial Undercurrent,True,source:8b0aaf0e96f7a9cc
current:pacific-north-equatorial-undercurrent,name:0092,Pacific North Equatorial Undercurrent,True,source:050d3ca1f6217e70
current:south-equatorial-undercurrent,name:0093,South Equatorial Undercurrent,True,source:93c06b68de38d9ca
current:atlantic-south-equatorial-undercurrent,name:0094,Atlantic South Equatorial Undercurrent,True,source:ff7644e64b697c90
current:indian-south-equatorial-undercurrent,name:0095,Indian Ocean South Equatorial Undercurrent,True,source:a3441d003647d17d
current:south-atlantic,name:0096,South Atlantic Current,True,source:6f3ef1c4ba0c063b
current:south-indian,name:0097,South Indian Current,True,source:2ece23e3a7b0199f
current:south-pacific,name:0098,South Pacific Current,True,source:4485ca709b999bba
current:west-greenland,name:0099,West Greenland Current,True,source:4556886a82d6f61a
current:west-spitsbergen,name:0100,West Spitsbergen Current,True,source:93c06b68de38d9ca
current:jutland,name:0101,Jutland Current,True,source:93c06b68de38d9ca
current:mindanao-current,name:0102,Mindanao Current,True,source:14f30cbbf1cd40e4
current:new-guinea-coastal-undercurrent,name:0103,New Guinea Coastal Undercurrent,True,source:14f30cbbf1cd40e4
current:new-ireland-coastal-undercurrent,name:0104,New Ireland Coastal Undercurrent,True,source:14f30cbbf1cd40e4
current:solomon-island-coastal-undercurrent,name:0105,Solomon Island Coastal Undercurrent,True,source:14f30cbbf1cd40e4
current:new-guinea-coastal-current,name:0106,New Guinea Coastal Current,True,source:cf5083b4d12d5cf1
current:pacific-north-subsurface-countercurrent,name:0107,Pacific North Subsurface Countercurrent,True,source:df8a86f107aba236
current:pacific-south-subsurface-countercurrent,name:0108,Pacific South Subsurface Countercurrent,True,source:df8a86f107aba236
current:hiri-current,name:0109,Hiri Current,True,source:0c41d4c89faadb7f
current:alaska-coastal-gulf,name:0110,Alaska Coastal Current (Gulf of Alaska),True,source:48b84ff7f08f8e6e
current:alaska-coastal-gulf,name:0111,Alaska Coastal Current,False,source:48b84ff7f08f8e6e
eddy:horizon:loop-81-primary,name:0112,Feldman,True,source:a45eadc81e6d9330
eddy:horizon:loop-80-primary,name:0113,Edison,True,source:a45eadc81e6d9330
eddy:horizon:loop-79-primary,name:0114,Denali,True,source:a45eadc81e6d9330
eddy:horizon:loop-78-primary,name:0115,Cardone,True,source:a45eadc81e6d9330
eddy:horizon:loop-77-primary,name:0116,Berek,True,source:a45eadc81e6d9330
eddy:horizon:loop-77-secondary,name:0117,Berek II,True,source:a45eadc81e6d9330
eddy:horizon:loop-76-primary,name:0118,Atwater,True,source:a45eadc81e6d9330
eddy:horizon:loop-75-primary,name:0119,Zodiac,True,source:a45eadc81e6d9330
eddy:horizon:loop-74-primary,name:0120,Yazoo,True,source:a45eadc81e6d9330
eddy:horizon:loop-74-secondary,name:0121,Yazoo II,True,source:a45eadc81e6d9330
eddy:horizon:loop-73-primary,name:0122,Xavier,True,source:a45eadc81e6d9330
eddy:horizon:loop-73-secondary,name:0123,Xavier II,True,source:a45eadc81e6d9330
eddy:horizon:loop-72-primary,name:0124,Wilde,True,source:a45eadc81e6d9330
eddy:horizon:loop-72-secondary,name:0125,Wilde II,True,source:a45eadc81e6d9330
eddy:horizon:loop-71-primary,name:0126,Verne,True,source:a45eadc81e6d9330
eddy:horizon:loop-70-primary,name:0127,Ursa,True,source:a45eadc81e6d9330
eddy:horizon:loop-69-primary,name:0128,Thor,True,source:a45eadc81e6d9330
eddy:horizon:loop-68-primary,name:0129,Sverdrup,True,source:a45eadc81e6d9330
eddy:horizon:loop-68-secondary,name:0130,Sverdrup Jr.,True,source:a45eadc81e6d9330
eddy:horizon:loop-67-primary,name:0131,Revelle,True,source:a45eadc81e6d9330
eddy:horizon:loop-66-primary,name:0132,Quantum,True,source:a45eadc81e6d9330
eddy:horizon:loop-66-secondary,name:0133,Quantum II,True,source:a45eadc81e6d9330
eddy:horizon:loop-65-primary,name:0134,Poseidon,True,source:a45eadc81e6d9330
eddy:horizon:loop-64-primary,name:0135,Olympus,True,source:a45eadc81e6d9330
eddy:horizon:loop-64-secondary,name:0136,Olympus II,True,source:a45eadc81e6d9330
eddy:horizon:loop-63-primary,name:0137,Nautilus,True,source:a45eadc81e6d9330
eddy:horizon:loop-63-secondary,name:0138,Nautilus II,True,source:a45eadc81e6d9330
eddy:horizon:loop-62-primary,name:0139,Michael,True,source:a45eadc81e6d9330
eddy:horizon:loop-61-primary,name:0140,Lazarus,True,source:a45eadc81e6d9330
eddy:horizon:loop-60-primary,name:0141,Kraken,True,source:a45eadc81e6d9330
eddy:horizon:loop-59-primary,name:0142,Jumbo,True,source:a45eadc81e6d9330
eddy:horizon:loop-59-secondary,name:0143,Jumbo Jr.,True,source:a45eadc81e6d9330
eddy:horizon:loop-58-primary,name:0144,Icarus,True,source:a45eadc81e6d9330
eddy:horizon:loop-57-primary,name:0145,Hadal,True,source:a45eadc81e6d9330
eddy:horizon:loop-57-secondary,name:0146,Hadal II,True,source:a45eadc81e6d9330
eddy:horizon:loop-56-primary,name:0147,Galileo,True,source:a45eadc81e6d9330
eddy:horizon:loop-55-primary,name:0148,Franklin,True,source:a45eadc81e6d9330
eddy:horizon:loop-54-primary,name:0149,Ekman,True,source:a45eadc81e6d9330
eddy:horizon:loop-53-primary,name:0150,Darwin,True,source:a45eadc81e6d9330
eddy:horizon:loop-52-primary,name:0151,Cameron,True,source:a45eadc81e6d9330
eddy:horizon:loop-51-primary,name:0152,Brazos,True,source:a45eadc81e6d9330
eddy:horizon:loop-50-primary,name:0153,Albert,True,source:a45eadc81e6d9330
eddy:horizon:loop-50-secondary,name:0154,Albert II,True,source:a45eadc81e6d9330
eddy:horizon:loop-49-primary,name:0155,Zorro,True,source:a45eadc81e6d9330
eddy:horizon:loop-48-primary,name:0156,Yankee,True,source:a45eadc81e6d9330
eddy:horizon:loop-47-primary,name:0157,Xtreme,True,source:a45eadc81e6d9330
eddy:horizon:loop-46-primary,name:0158,Walker,True,source:a45eadc81e6d9330
eddy:horizon:loop-45-primary,name:0159,Vortex,True,source:a45eadc81e6d9330
eddy:horizon:loop-44-primary,name:0160,Ulysses,True,source:a45eadc81e6d9330
eddy:horizon:loop-44-secondary,name:0161,U2,True,source:a45eadc81e6d9330
eddy:horizon:loop-43-primary,name:0162,Titanic,True,source:a45eadc81e6d9330
eddy:horizon:loop-42-primary,name:0163,Sargassum,True,source:a45eadc81e6d9330
eddy:horizon:loop-41-primary,name:0164,Rebel,True,source:a45eadc81e6d9330
eddy:horizon:loop-40-primary,name:0165,Quick,True,source:a45eadc81e6d9330
eddy:horizon:loop-40-secondary,name:0166,QE-2,True,source:a45eadc81e6d9330
eddy:horizon:loop-39-primary,name:0167,Pelagic,True,source:a45eadc81e6d9330
eddy:horizon:loop-38-primary,name:0168,Odessa,True,source:a45eadc81e6d9330
eddy:horizon:loop-37-primary,name:0169,Nansen,True,source:a45eadc81e6d9330
eddy:horizon:loop-36-primary,name:0170,Millennium,True,source:a45eadc81e6d9330
eddy:horizon:loop-35-primary,name:0171,Lazy,True,source:a45eadc81e6d9330
eddy:horizon:loop-34-primary,name:0172,Kinetic,True,source:a45eadc81e6d9330
eddy:horizon:loop-33-primary,name:0173,Juggernaut,True,source:a45eadc81e6d9330
eddy:horizon:loop-32-primary,name:0174,Indigo,True,source:a45eadc81e6d9330
eddy:horizon:loop-31-primary,name:0175,Haskell,True,source:a45eadc81e6d9330
eddy:horizon:loop-30-primary,name:0176,Gyre,True,source:a45eadc81e6d9330
eddy:horizon:loop-29-primary,name:0177,Fourchon,True,source:a45eadc81e6d9330
eddy:horizon:loop-28-primary,name:0178,El Dorado,True,source:a45eadc81e6d9330
eddy:horizon:loop-27-primary,name:0179,Easy,True,source:a45eadc81e6d9330
eddy:horizon:loop-26-primary,name:0180,Deviant,True,source:a45eadc81e6d9330
eddy:horizon:loop-25-primary,name:0181,Creole,True,source:a45eadc81e6d9330
eddy:horizon:loop-24-primary,name:0182,Biloxi,True,source:a45eadc81e6d9330
eddy:horizon:loop-24-secondary,name:0183,Biloxi II,True,source:a45eadc81e6d9330
eddy:horizon:loop-23-primary,name:0184,Aggie,True,source:a45eadc81e6d9330
eddy:horizon:loop-22-primary,name:0185,Zapp,True,source:a45eadc81e6d9330
eddy:horizon:loop-21-primary,name:0186,Yucatan,True,source:a45eadc81e6d9330
eddy:horizon:loop-21-secondary,name:0187,Little Yucatan,True,source:a45eadc81e6d9330
eddy:horizon:loop-20-primary,name:0188,Xtra,True,source:a45eadc81e6d9330
eddy:horizon:loop-19-primary,name:0189,Whopper,True,source:a45eadc81e6d9330
eddy:horizon:loop-18-primary,name:0190,Vagabond,True,source:a45eadc81e6d9330
eddy:horizon:loop-17-primary,name:0191,Triton,True,source:a45eadc81e6d9330
eddy:horizon:loop-16-primary,name:0192,Steady,True,source:a45eadc81e6d9330
eddy:horizon:loop-15-primary,name:0193,Rogue,True,source:a45eadc81e6d9330
eddy:horizon:loop-14-primary,name:0194,Quiet,True,source:a45eadc81e6d9330
eddy:horizon:loop-13-primary,name:0195,Phantom,True,source:a45eadc81e6d9330
eddy:horizon:loop-12-primary,name:0196,Oggie,True,source:a45eadc81e6d9330
eddy:horizon:loop-11-primary,name:0197,Nelson,True,source:a45eadc81e6d9330
eddy:horizon:loop-10-primary,name:0198,Murphy,True,source:a45eadc81e6d9330
eddy:horizon:loop-09-primary,name:0199,"Eddy ""L""",True,source:a45eadc81e6d9330
eddy:horizon:loop-08-primary,name:0200,Kathleen,True,source:a45eadc81e6d9330
eddy:horizon:loop-07-primary,name:0201,Little Jupiter,True,source:a45eadc81e6d9330
eddy:horizon:loop-06-primary,name:0202,Instant,True,source:a45eadc81e6d9330
eddy:horizon:loop-05-primary,name:0203,Hot Core,True,source:a45eadc81e6d9330
eddy:horizon:loop-04-primary,name:0204,Ghostly,True,source:a45eadc81e6d9330
eddy:horizon:loop-03-primary,name:0205,Fast,True,source:a45eadc81e6d9330
eddy:horizon:loop-02-primary,name:0206,Elusive,True,source:a45eadc81e6d9330
eddy:horizon:loop-01-primary,name:0207,Arnold,True,source:a45eadc81e6d9330
eddy:published:kraken-2013,name:0208,Kraken,True,source:8a85446449036671
eddy:published:thor-2020,name:0209,Thor,True,source:905e5cc303aaceab
eddy:published:ursa-2021,name:0210,Ursa,True,source:905e5cc303aaceab
eddy:published:cameron-2009-observed,name:0211,Cameron,True,source:6694d73532f024d7
eddy:published:darwin-2009-observed,name:0212,Darwin,True,source:6694d73532f024d7
eddy:geography:batumi-eddy-region,name:0213,Batumi Eddy,True,source:07e627067aca3504
eddy:geography:bosphorus-eddy-region,name:0214,Bosphorus Eddy,True,source:07e627067aca3504
eddy:geography:sukhumi-eddy-region,name:0215,Sukhumi Eddy,True,source:07e627067aca3504
eddy:geography:caucasus-eddy-region,name:0216,Caucasus Eddy,True,source:07e627067aca3504
eddy:geography:kerch-eddy-region,name:0217,Kerch Eddy,True,source:07e627067aca3504
eddy:geography:crimea-eddy-region,name:0218,Crimea Eddy,True,source:07e627067aca3504
eddy:geography:sevastopol-eddy-region,name:0219,Sevastopol Eddy,True,source:07e627067aca3504
eddy:geography:danube-eddy-region,name:0220,Danube Eddy,True,source:07e627067aca3504
eddy:geography:constantsa-eddy-region,name:0221,Constantsa Eddy,True,source:07e627067aca3504
eddy:geography:kaliakra-eddy-region,name:0222,Kaliakra Eddy,True,source:07e627067aca3504
eddy:geography:haida-eddy-region,name:0223,Haida eddies,True,source:3808b5d0654d1312
eddy:geography:sitka-eddy-region,name:0224,Sitka eddies,True,source:3808b5d0654d1312
eddy:geography:yakutat-eddy-region,name:0225,Yakutat eddies,True,source:3808b5d0654d1312
eddy:geography:kenai-eddy-region,name:0226,Kenai eddies,True,source:42039ffbdb53ddee
eddy:geography:agulhas-rings-family,name:0227,Agulhas Rings,True,source:d4e82da0872ed45c
eddy:geography:astrid-2000,name:0228,Agulhas Ring Astrid,True,source:9af17213e4a22c57
eddy:geography:laura-1999,name:0229,Agulhas Ring Laura,True,source:9af17213e4a22c57
eddy:geography:ana-2004,name:0230,Agulhas Ring Ana,True,source:0038dcb6a9c82c59
eddy:geography:eliza-2007,name:0231,Agulhas Ring Eliza,True,source:0038dcb6a9c82c59
eddy:geography:jeannette-2012,name:0232,Agulhas Ring Jeannette,True,source:0038dcb6a9c82c59
eddy:geography:lilian-2006,name:0233,Agulhas Ring Lilian,True,source:7e657de5446043ac
eddy:geography:agulhas-eddy-w-2000,name:0234,Agulhas Eddy W,True,source:2f08a84f84934093
eddy:geography:persian-gulf-peddies-family,name:0235,Peddies (Persian Gulf Water eddies),True,source:250906bc0fc824c6
eddy:geography:cuba-anticyclones-family,name:0236,Cuba anticyclones (CubANs),True,source:0df4f907cbe2ba0d
eddy:geography:haida-1998,name:0237,Haida-1998,True,source:8cebf4b2d3a12ec1
eddy:geography:sitka-2007,name:0238,Sitka Eddy (2007),True,source:42039ffbdb53ddee
eddy:geography:kenai-2007,name:0239,Kenai Eddy (2007),True,source:42039ffbdb53ddee
eddy:geography:meddies-family,name:0240,Meddies (Mediterranean Water eddies),True,source:df7738bef79549ad
eddy:geography:meddy-ulla-1997,name:0241,Meddy Ulla,True,source:10076dab6fd82d0b
eddy:geography:cyprus-eddy-region,name:0242,Cyprus Eddy,True,source:57526856f0eda997
eddy:geography:shikmona-eddy-region,name:0243,Shikmona Eddy,True,source:57526856f0eda997
eddy:geography:latakia-eddy-region,name:0244,Latakia Eddy,True,source:57526856f0eda997
eddy:geography:mindanao-eddy-region,name:0245,Mindanao Eddy,True,source:fffab427c9c17ae6
eddy:geography:halmahera-eddy-region,name:0246,Halmahera Eddy,True,source:fffab427c9c17ae6
eddy:geography:new-guinea-eddy-region,name:0247,New Guinea Eddy,True,source:14f30cbbf1cd40e4
nasa:gulf-stream,name:0248,Gulf Stream,True,source:bc3cba63d159d9f9
nasa:kuroshio,name:0249,Kuroshio Current,True,source:bc3cba63d159d9f9
nasa:agulhas,name:0250,Agulhas Current,True,source:f70fe484befb3f44
nasa:east-australian,name:0251,East Australian Current,True,source:e43453cd59a7caec
nasa:indonesian-throughflow,name:0252,Indonesian Throughflow,True,source:dc4ecdce7e297345
nasa:red-sea-saline-overflow,name:0253,Red Sea saline overflow,True,source:dc4ecdce7e297345
nasa:persian-gulf-saline-overflow,name:0254,Persian Gulf saline overflow,True,source:dc4ecdce7e297345
nasa:western-boundary-currents,name:0255,Western boundary currents,True,source:dc4ecdce7e297345
nasa:kuroshio-meanders,name:0256,Kuroshio meanders,True,source:dc4ecdce7e297345
nasa:kuroshio-eastward-turn,name:0257,Kuroshio eastward turn,True,source:e43453cd59a7caec
nasa:kuroshio-eddies,name:0258,Kuroshio eddies,True,source:e43453cd59a7caec
nasa:agulhas-retroflection,name:0259,Agulhas retroflection,True,source:f70fe484befb3f44
nasa:agulhas-rings,name:0260,Agulhas Rings,True,source:dc4ecdce7e297345
nasa:western-boundary-rings,name:0261,Western boundary current rings,True,source:dc4ecdce7e297345
nasa:gulf-stream-cold-cores,name:0262,Gulf Stream cold cores,True,source:dc4ecdce7e297345
nasa:gulf-stream-deep-return,name:0263,Deep southward flow beneath the Gulf Stream,True,source:dc4ecdce7e297345
nasa:gulf-of-mexico-loop-eddies,name:0264,Gulf of Mexico loop eddies,True,source:dc4ecdce7e297345
nasa:global-overturning,name:0265,Global ocean overturning circulation,True,source:e43453cd59a7caec
nasa:north-atlantic-sinking,name:0266,North Atlantic sinking water,True,source:e43453cd59a7caec
nasa:upwelling,name:0267,Upwelling,True,source:e43453cd59a7caec
nasa:downwelling,name:0268,Downwelling,True,source:e43453cd59a7caec
nasa:ocean-eddies,name:0269,Ocean eddies,True,source:bc3cba63d159d9f9
state:ALSK,name:0270,Alaska coastal downwelling,True,source:b038491b0e5a3967
state:ANTA,name:0271,Antarctic,True,source:b038491b0e5a3967
state:APLR,name:0272,Austral polar,True,source:b038491b0e5a3967
state:ARAB,name:0273,Northwest Arabian Sea upwelling,True,source:b038491b0e5a3967
state:ARCH,name:0274,Archipelagic deep basins,True,source:b038491b0e5a3967
state:ARCT,name:0275,Atlantic Arctic,True,source:b038491b0e5a3967
state:AUSE,name:0276,East Australian coast,True,source:b038491b0e5a3967
state:AUSW,name:0277,Western Australian and Indonesian coast,True,source:b038491b0e5a3967
state:BENG,name:0278,Benguela Current coast,True,source:b038491b0e5a3967
state:BERS,name:0279,North Pacific epicontinental sea,True,source:b038491b0e5a3967
state:BPLR,name:0280,Boreal polar,True,source:b038491b0e5a3967
state:BRAZ,name:0281,Brazil Current coast,True,source:b038491b0e5a3967
state:CAMR,name:0282,Central American coast,True,source:b038491b0e5a3967
state:CARB,name:0283,Caribbean,True,source:b038491b0e5a3967
state:CCAL,name:0284,Coastal California Current,True,source:b038491b0e5a3967
state:CHIN,name:0285,China Sea,True,source:b038491b0e5a3967
state:CNRY,name:0286,Canary Current coast,True,source:b038491b0e5a3967
state:EAFR,name:0287,East African coast,True,source:b038491b0e5a3967
state:ETRA,name:0288,Eastern tropical Atlantic,True,source:b038491b0e5a3967
state:FKLD,name:0289,Southwest Atlantic shelves,True,source:b038491b0e5a3967
state:GFST,name:0290,Gulf Stream,True,source:b038491b0e5a3967
state:GUIA,name:0291,Guianas coast,True,source:b038491b0e5a3967
state:GUIN,name:0292,Guinea Current coast,True,source:b038491b0e5a3967
state:HUMB,name:0293,Humboldt Current coast,True,source:b038491b0e5a3967
state:IND E,name:0294,Eastern India coast,True,source:b038491b0e5a3967
state:IND W,name:0295,Western India coast,True,source:b038491b0e5a3967
state:ISSG,name:0296,Indian South subtropical gyre,True,source:b038491b0e5a3967
state:KURO,name:0297,Kuroshio Current,True,source:b038491b0e5a3967
state:MEDI,name:0298,Mediterranean Sea,True,source:b038491b0e5a3967
state:MONS,name:0299,Indian monsoon gyre,True,source:b038491b0e5a3967
state:NADR,name:0300,North Atlantic Drift,True,source:b038491b0e5a3967
state:NAST E,name:0301,Northeast Atlantic subtropical gyre,True,source:b038491b0e5a3967
state:NAST W,name:0302,Northwest Atlantic subtropical gyre,True,source:b038491b0e5a3967
state:NATR,name:0303,North Atlantic tropical gyre,True,source:b038491b0e5a3967
state:NECS,name:0304,Northeast Atlantic shelves,True,source:b038491b0e5a3967
state:NEWZ,name:0305,New Zealand coast,True,source:b038491b0e5a3967
state:NPPF,name:0306,North Pacific polar front,True,source:b038491b0e5a3967
state:NPSE,name:0307,Northeast Pacific subtropical,True,source:b038491b0e5a3967
state:NPSW,name:0308,Northwest Pacific subtropical,True,source:b038491b0e5a3967
state:NPTG,name:0309,North Pacific tropical gyre,True,source:b038491b0e5a3967
state:NWCS,name:0310,Northwest Atlantic shelves,True,source:b038491b0e5a3967
state:OCAL,name:0311,Oceanic California Current,True,source:b038491b0e5a3967
state:PEQD,name:0312,Pacific equatorial divergence,True,source:b038491b0e5a3967
state:PNEC,name:0313,North Pacific equatorial countercurrent,True,source:b038491b0e5a3967
state:PSAE,name:0314,Eastern Pacific subarctic gyres,True,source:b038491b0e5a3967
state:PSAW,name:0315,Western Pacific subarctic gyres,True,source:b038491b0e5a3967
state:REDS,name:0316,Red Sea and Persian Gulf,True,source:b038491b0e5a3967
state:SANT,name:0317,Subantarctic water ring,True,source:b038491b0e5a3967
state:SARC,name:0318,Atlantic sub-Arctic,True,source:b038491b0e5a3967
state:SATL,name:0319,South Atlantic gyre,True,source:b038491b0e5a3967
state:SPSG,name:0320,South Pacific gyre,True,source:b038491b0e5a3967
state:SSTC,name:0321,South subtropical convergence,True,source:b038491b0e5a3967
state:SUND,name:0322,Sunda–Arafura shelves,True,source:b038491b0e5a3967
state:TASM,name:0323,Tasman Sea,True,source:b038491b0e5a3967
state:WARM,name:0324,Western Pacific warm pool,True,source:b038491b0e5a3967
state:WTRA,name:0325,Western tropical Atlantic,True,source:b038491b0e5a3967
navo-freddies:2026-09-25:C26001,name:0326,C26001,True,source:179111cb1095bbc9
navo-freddies:2026-09-25:C26002,name:0327,C26002,True,source:179111cb1095bbc9
navo-freddies:2026-09-25:W26001,name:0328,W26001,True,source:179111cb1095bbc9
navo-freddies:2026-09-25:W26002,name:0329,W26002,True,source:179111cb1095bbc9
current:antarctic-slope,name:0330,Antarctic Slope Current,True,source:c81191f8e01b20c1
