candidate_id,coordinate_reference_status,coordinate_reference_system,entity_id,geometry,geometry_sha256,id,method,observation_date,positional_uncertainty,role,source_id,source_locator,source_panel_axes_pixels,source_pixel_ring,source_snapshot_id
,,OGC:CRS84,current:acc,"{""coordinates"": [0, -55], ""type"": ""Point""}",,geometry:0001,Approximate editorial locator points place a name in a recognizable region on the OSW equirectangular map. Points are neither observed cores nor endpoints or length measurements. Multi-basin family names have one point per basin and must be split into separate records before quantitative comparison.,,not quantified; no observed current core or path,editorial_locator,source:4dc5fc618c26565f,,,,
,,OGC:CRS84,current:acc,"{""coordinates"": [90, -55], ""type"": ""Point""}",,geometry:0002,Approximate editorial locator points place a name in a recognizable region on the OSW equirectangular map. Points are neither observed cores nor endpoints or length measurements. Multi-basin family names have one point per basin and must be split into separate records before quantitative comparison.,,not quantified; no observed current core or path,editorial_locator,source:4dc5fc618c26565f,,,,
,,OGC:CRS84,current:acc,"{""coordinates"": [-90, -55], ""type"": ""Point""}",,geometry:0003,Approximate editorial locator points place a name in a recognizable region on the OSW equirectangular map. Points are neither observed cores nor endpoints or length measurements. Multi-basin family names have one point per basin and must be split into separate records before quantitative comparison.,,not quantified; no observed current core or path,editorial_locator,source:4dc5fc618c26565f,,,,
,,OGC:CRS84,current:antarctic-coastal,"{""coordinates"": [-54.8, -68.6], ""type"": ""Point""}",,geometry:0004,"Representative points inside four published East Wind Drift cartographic arrows (IDs 22, 23, 98, 29); these are map locators, not observed current cores or path endpoints.",,not quantified; no observed current core or path,editorial_locator,source:4dc5fc618c26565f,,,,
,,OGC:CRS84,current:antarctic-coastal,"{""coordinates"": [54.5, -62.2], ""type"": ""Point""}",,geometry:0005,"Representative points inside four published East Wind Drift cartographic arrows (IDs 22, 23, 98, 29); these are map locators, not observed current cores or path endpoints.",,not quantified; no observed current core or path,editorial_locator,source:4dc5fc618c26565f,,,,
,,OGC:CRS84,current:antarctic-coastal,"{""coordinates"": [174.2, -66.1], ""type"": ""Point""}",,geometry:0006,"Representative points inside four published East Wind Drift cartographic arrows (IDs 22, 23, 98, 29); these are map locators, not observed current cores or path endpoints.",,not quantified; no observed current core or path,editorial_locator,source:4dc5fc618c26565f,,,,
,,OGC:CRS84,current:antarctic-coastal,"{""coordinates"": [-163.3, -67.7], ""type"": ""Point""}",,geometry:0007,"Representative points inside four published East Wind Drift cartographic arrows (IDs 22, 23, 98, 29); these are map locators, not observed current cores or path endpoints.",,not quantified; no observed current core or path,editorial_locator,source:4dc5fc618c26565f,,,,
,,OGC:CRS84,current:california,"{""coordinates"": [-125, 36], ""type"": ""Point""}",,geometry:0008,Approximate editorial locator points place a name in a recognizable region on the OSW equirectangular map. Points are neither observed cores nor endpoints or length measurements. Multi-basin family names have one point per basin and must be split into separate records before quantitative comparison.,,not quantified; no observed current core or path,editorial_locator,source:4dc5fc618c26565f,,,,
,,OGC:CRS84,current:gulf-stream-system,"{""coordinates"": [-80, 26], ""type"": ""Point""}",,geometry:0009,"Editorial gateways for the NOAA glossary's Florida Current, Gulf Stream, and North Atlantic Current segments, respectively. These points do not form one measured system centerline or determine total system length.",,not quantified; no observed current core or path,editorial_locator,source:4dc5fc618c26565f,,,,
,,OGC:CRS84,current:gulf-stream-system,"{""coordinates"": [-69, 38], ""type"": ""Point""}",,geometry:0010,"Editorial gateways for the NOAA glossary's Florida Current, Gulf Stream, and North Atlantic Current segments, respectively. These points do not form one measured system centerline or determine total system length.",,not quantified; no observed current core or path,editorial_locator,source:4dc5fc618c26565f,,,,
,,OGC:CRS84,current:gulf-stream-system,"{""coordinates"": [-29, 49], ""type"": ""Point""}",,geometry:0011,"Editorial gateways for the NOAA glossary's Florida Current, Gulf Stream, and North Atlantic Current segments, respectively. These points do not form one measured system centerline or determine total system length.",,not quantified; no observed current core or path,editorial_locator,source:4dc5fc618c26565f,,,,
,,OGC:CRS84,current:gulf-stream,"{""coordinates"": [-69, 38], ""type"": ""Point""}",,geometry:0012,Approximate editorial locator points place a name in a recognizable region on the OSW equirectangular map. Points are neither observed cores nor endpoints or length measurements. Multi-basin family names have one point per basin and must be split into separate records before quantitative comparison.,,not quantified; no observed current core or path,editorial_locator,source:4dc5fc618c26565f,,,,
,,OGC:CRS84,current:kuroshio,"{""coordinates"": [136, 32], ""type"": ""Point""}",,geometry:0013,Approximate editorial locator points place a name in a recognizable region on the OSW equirectangular map. Points are neither observed cores nor endpoints or length measurements. Multi-basin family names have one point per basin and must be split into separate records before quantitative comparison.,,not quantified; no observed current core or path,editorial_locator,source:4dc5fc618c26565f,,,,
,,OGC:CRS84,current:agulhas,"{""coordinates"": [33, -33], ""type"": ""Point""}",,geometry:0014,Approximate editorial locator points place a name in a recognizable region on the OSW equirectangular map. Points are neither observed cores nor endpoints or length measurements. Multi-basin family names have one point per basin and must be split into separate records before quantitative comparison.,,not quantified; no observed current core or path,editorial_locator,source:4dc5fc618c26565f,,,,
,,OGC:CRS84,current:agulhas-return,"{""coordinates"": [25, -39.5], ""type"": ""Point""}",,geometry:0015,Editorial waypoints along the hydrographic survey's eastward Agulhas Return Current region from the retroflection toward the Crozet Basin; not digitized model streamlines or measured core coordinates.,,not quantified; no observed current core or path,editorial_locator,source:4dc5fc618c26565f,,,,
,,OGC:CRS84,current:agulhas-return,"{""coordinates"": [40, -41], ""type"": ""Point""}",,geometry:0016,Editorial waypoints along the hydrographic survey's eastward Agulhas Return Current region from the retroflection toward the Crozet Basin; not digitized model streamlines or measured core coordinates.,,not quantified; no observed current core or path,editorial_locator,source:4dc5fc618c26565f,,,,
,,OGC:CRS84,current:agulhas-return,"{""coordinates"": [60, -44.5], ""type"": ""Point""}",,geometry:0017,Editorial waypoints along the hydrographic survey's eastward Agulhas Return Current region from the retroflection toward the Crozet Basin; not digitized model streamlines or measured core coordinates.,,not quantified; no observed current core or path,editorial_locator,source:4dc5fc618c26565f,,,,
,,OGC:CRS84,current:east-australian,"{""coordinates"": [154, -30], ""type"": ""Point""}",,geometry:0018,Approximate editorial locator points place a name in a recognizable region on the OSW equirectangular map. Points are neither observed cores nor endpoints or length measurements. Multi-basin family names have one point per basin and must be split into separate records before quantitative comparison.,,not quantified; no observed current core or path,editorial_locator,source:4dc5fc618c26565f,,,,
,,OGC:CRS84,current:tasman-front,"{""coordinates"": [158, -33], ""type"": ""Point""}",,geometry:0019,Editorial Tasman Sea waypoints east of the variable East Australian Current separation region; not measured front endpoints or a current centerline.,,not quantified; no observed current core or path,editorial_locator,source:4dc5fc618c26565f,,,,
,,OGC:CRS84,current:tasman-front,"{""coordinates"": [165, -34], ""type"": ""Point""}",,geometry:0020,Editorial Tasman Sea waypoints east of the variable East Australian Current separation region; not measured front endpoints or a current centerline.,,not quantified; no observed current core or path,editorial_locator,source:4dc5fc618c26565f,,,,
,,OGC:CRS84,current:peru-humboldt,"{""coordinates"": [-76, -18], ""type"": ""Point""}",,geometry:0021,Approximate editorial locator points place a name in a recognizable region on the OSW equirectangular map. Points are neither observed cores nor endpoints or length measurements. Multi-basin family names have one point per basin and must be split into separate records before quantitative comparison.,,not quantified; no observed current core or path,editorial_locator,source:4dc5fc618c26565f,,,,
,,OGC:CRS84,current:benguela,"{""coordinates"": [12, -24], ""type"": ""Point""}",,geometry:0022,Approximate editorial locator points place a name in a recognizable region on the OSW equirectangular map. Points are neither observed cores nor endpoints or length measurements. Multi-basin family names have one point per basin and must be split into separate records before quantitative comparison.,,not quantified; no observed current core or path,editorial_locator,source:4dc5fc618c26565f,,,,
,,OGC:CRS84,current:canary,"{""coordinates"": [-20.375, 29], ""type"": ""Point""}",,geometry:0023,Midpoint of the Canary Current crossing observed at 29°N from 22.25–18.50°W in October–November 2009; not a full path.,,not quantified; no observed current core or path,editorial_locator,source:4dc5fc618c26565f,,,,
,,OGC:CRS84,current:labrador,"{""coordinates"": [-55, 56], ""type"": ""Point""}",,geometry:0024,Approximate editorial locator points place a name in a recognizable region on the OSW equirectangular map. Points are neither observed cores nor endpoints or length measurements. Multi-basin family names have one point per basin and must be split into separate records before quantitative comparison.,,not quantified; no observed current core or path,editorial_locator,source:4dc5fc618c26565f,,,,
,,OGC:CRS84,current:greenland-middle-atlantic-shelf-hypothesis,"{""coordinates"": [-48, 59], ""type"": ""Point""}",,geometry:0025,Editorial regional waypoints along the 1989 proposed southern Greenland to Middle Atlantic Bight coastal connection. They do not trace a measured continuous current or validate the hypothesis.,,not quantified; no observed current core or path,editorial_locator,source:4dc5fc618c26565f,,,,
,,OGC:CRS84,current:greenland-middle-atlantic-shelf-hypothesis,"{""coordinates"": [-56, 53], ""type"": ""Point""}",,geometry:0026,Editorial regional waypoints along the 1989 proposed southern Greenland to Middle Atlantic Bight coastal connection. They do not trace a measured continuous current or validate the hypothesis.,,not quantified; no observed current core or path,editorial_locator,source:4dc5fc618c26565f,,,,
,,OGC:CRS84,current:greenland-middle-atlantic-shelf-hypothesis,"{""coordinates"": [-64, 43], ""type"": ""Point""}",,geometry:0027,Editorial regional waypoints along the 1989 proposed southern Greenland to Middle Atlantic Bight coastal connection. They do not trace a measured continuous current or validate the hypothesis.,,not quantified; no observed current core or path,editorial_locator,source:4dc5fc618c26565f,,,,
,,OGC:CRS84,current:greenland-middle-atlantic-shelf-hypothesis,"{""coordinates"": [-72, 38], ""type"": ""Point""}",,geometry:0028,Editorial regional waypoints along the 1989 proposed southern Greenland to Middle Atlantic Bight coastal connection. They do not trace a measured continuous current or validate the hypothesis.,,not quantified; no observed current core or path,editorial_locator,source:4dc5fc618c26565f,,,,
,,OGC:CRS84,current:brazil,"{""coordinates"": [-43, -27], ""type"": ""Point""}",,geometry:0029,Approximate editorial locator points place a name in a recognizable region on the OSW equirectangular map. Points are neither observed cores nor endpoints or length measurements. Multi-basin family names have one point per basin and must be split into separate records before quantitative comparison.,,not quantified; no observed current core or path,editorial_locator,source:4dc5fc618c26565f,,,,
,,OGC:CRS84,current:north-atlantic,"{""coordinates"": [-29, 49], ""type"": ""Point""}",,geometry:0030,Approximate editorial locator points place a name in a recognizable region on the OSW equirectangular map. Points are neither observed cores nor endpoints or length measurements. Multi-basin family names have one point per basin and must be split into separate records before quantitative comparison.,,not quantified; no observed current core or path,editorial_locator,source:4dc5fc618c26565f,,,,
,,OGC:CRS84,current:deep-western-boundary,"{""coordinates"": [-76.5, 26.5], ""type"": ""Point""}",,geometry:0031,Editorial point east of Abaco on the observed 26.5°N Atlantic section; not a whole-current path or endpoint.,,not quantified; no observed current core or path,editorial_locator,source:4dc5fc618c26565f,,,,
,,OGC:CRS84,current:azores,"{""coordinates"": [-24.5, 34], ""type"": ""Point""}",,geometry:0032,Midpoint of the observed Azores Current latitude band at the 24.5°W October–November 2009 section; not a full path.,,not quantified; no observed current core or path,editorial_locator,source:4dc5fc618c26565f,,,,
,,OGC:CRS84,current:azores-countercurrent,"{""coordinates"": [-24.5, 35.75], ""type"": ""Point""}",,geometry:0033,Midpoint of the observed subsurface Azores Countercurrent latitude band at the 24.5°W October–November 2009 section; not a full path.,,not quantified; no observed current core or path,editorial_locator,source:4dc5fc618c26565f,,,,
,,OGC:CRS84,current:portugal,"{""coordinates"": [-14.15, 37], ""type"": ""Point""}",,geometry:0034,Midpoint of the observed 13.5–14.8°W Portugal Current crossing at 37°N in October–November 2009; not a full path.,,not quantified; no observed current core or path,editorial_locator,source:4dc5fc618c26565f,,,,
,,OGC:CRS84,current:mediterranean-undercurrent,"{""coordinates"": [-8.5, 36.8], ""type"": ""Point""}",,geometry:0035,"Editorial point on the southern Portuguese slope near the float-observed Mediterranean Undercurrent; not a source core position, path, or length endpoint.",,not quantified; no observed current core or path,editorial_locator,source:4dc5fc618c26565f,,,,
,,OGC:CRS84,current:east-adriatic,"{""coordinates"": [15.5, 43.5], ""type"": ""Point""}",,geometry:0036,Editorial offshore point along the eastern Adriatic coast in the measurement region; not a full path or a confirmed Dalmatian Current synonym.,,not quantified; no observed current core or path,editorial_locator,source:4dc5fc618c26565f,,,,
,,OGC:CRS84,current:black-sea-rim,"{""coordinates"": [35, 43], ""type"": ""Point""}",,geometry:0037,Representative point within the Copernicus southern Black Sea monitoring sector (31.5–35°E); not a surveyed current core or full path.,,not quantified; no observed current core or path,editorial_locator,source:4dc5fc618c26565f,,,,
,,OGC:CRS84,current:loop,"{""coordinates"": [-88, 25], ""type"": ""Point""}",,geometry:0038,Approximate editorial locator points place a name in a recognizable region on the OSW equirectangular map. Points are neither observed cores nor endpoints or length measurements. Multi-basin family names have one point per basin and must be split into separate records before quantitative comparison.,,not quantified; no observed current core or path,editorial_locator,source:4dc5fc618c26565f,,,,
,,OGC:CRS84,current:florida,"{""coordinates"": [-80, 26], ""type"": ""Point""}",,geometry:0039,Approximate editorial locator points place a name in a recognizable region on the OSW equirectangular map. Points are neither observed cores nor endpoints or length measurements. Multi-basin family names have one point per basin and must be split into separate records before quantitative comparison.,,not quantified; no observed current core or path,editorial_locator,source:4dc5fc618c26565f,,,,
,,OGC:CRS84,current:north-brazil,"{""coordinates"": [-49, 5], ""type"": ""Point""}",,geometry:0040,Approximate editorial locator points place a name in a recognizable region on the OSW equirectangular map. Points are neither observed cores nor endpoints or length measurements. Multi-basin family names have one point per basin and must be split into separate records before quantitative comparison.,,not quantified; no observed current core or path,editorial_locator,source:4dc5fc618c26565f,,,,
,,OGC:CRS84,current:alaska,"{""coordinates"": [-142, 58], ""type"": ""Point""}",,geometry:0041,Approximate editorial locator points place a name in a recognizable region on the OSW equirectangular map. Points are neither observed cores nor endpoints or length measurements. Multi-basin family names have one point per basin and must be split into separate records before quantitative comparison.,,not quantified; no observed current core or path,editorial_locator,source:4dc5fc618c26565f,,,,
,,OGC:CRS84,current:aleutian,"{""coordinates"": [-155, 47], ""type"": ""Point""}",,geometry:0042,Editorial subpolar North Pacific point north of the North Pacific Current and within the glossary-described Aleutian Current region; not a surveyed core or endpoint.,,not quantified; no observed current core or path,editorial_locator,source:4dc5fc618c26565f,,,,
,,OGC:CRS84,current:antilles,"{""coordinates"": [-66, 22], ""type"": ""Point""}",,geometry:0043,Approximate editorial locator points place a name in a recognizable region on the OSW equirectangular map. Points are neither observed cores nor endpoints or length measurements. Multi-basin family names have one point per basin and must be split into separate records before quantitative comparison.,,not quantified; no observed current core or path,editorial_locator,source:4dc5fc618c26565f,,,,
,,OGC:CRS84,current:davidson,"{""coordinates"": [-124, 39], ""type"": ""Point""}",,geometry:0044,Approximate editorial locator points place a name in a recognizable region on the OSW equirectangular map. Points are neither observed cores nor endpoints or length measurements. Multi-basin family names have one point per basin and must be split into separate records before quantitative comparison.,,not quantified; no observed current core or path,editorial_locator,source:4dc5fc618c26565f,,,,
,,OGC:CRS84,current:east-greenland,"{""coordinates"": [-31, 71], ""type"": ""Point""}",,geometry:0045,Approximate editorial locator points place a name in a recognizable region on the OSW equirectangular map. Points are neither observed cores nor endpoints or length measurements. Multi-basin family names have one point per basin and must be split into separate records before quantitative comparison.,,not quantified; no observed current core or path,editorial_locator,source:4dc5fc618c26565f,,,,
,,OGC:CRS84,current:east-greenland-coastal,"{""coordinates"": [-42, 63], ""type"": ""Point""}",,geometry:0046,Editorial point along the 2004 surveyed inner southeast Greenland shelf; not a surveyed jet core or path endpoint. Distinct from the shelfbreak East Greenland Current.,,not quantified; no observed current core or path,editorial_locator,source:4dc5fc618c26565f,,,,
,,OGC:CRS84,current:falkland,"{""coordinates"": [-57, -49], ""type"": ""Point""}",,geometry:0047,Approximate editorial locator points place a name in a recognizable region on the OSW equirectangular map. Points are neither observed cores nor endpoints or length measurements. Multi-basin family names have one point per basin and must be split into separate records before quantitative comparison.,,not quantified; no observed current core or path,editorial_locator,source:4dc5fc618c26565f,,,,
,,OGC:CRS84,current:guiana,"{""coordinates"": [-54, 7], ""type"": ""Point""}",,geometry:0048,Approximate editorial locator points place a name in a recognizable region on the OSW equirectangular map. Points are neither observed cores nor endpoints or length measurements. Multi-basin family names have one point per basin and must be split into separate records before quantitative comparison.,,not quantified; no observed current core or path,editorial_locator,source:4dc5fc618c26565f,,,,
,,OGC:CRS84,current:guinea,"{""coordinates"": [-1, 4], ""type"": ""Point""}",,geometry:0049,Approximate editorial locator points place a name in a recognizable region on the OSW equirectangular map. Points are neither observed cores nor endpoints or length measurements. Multi-basin family names have one point per basin and must be split into separate records before quantitative comparison.,,not quantified; no observed current core or path,editorial_locator,source:4dc5fc618c26565f,,,,
,,OGC:CRS84,current:irminger,"{""coordinates"": [-35, 62], ""type"": ""Point""}",,geometry:0050,Approximate editorial locator points place a name in a recognizable region on the OSW equirectangular map. Points are neither observed cores nor endpoints or length measurements. Multi-basin family names have one point per basin and must be split into separate records before quantitative comparison.,,not quantified; no observed current core or path,editorial_locator,source:4dc5fc618c26565f,,,,
,,OGC:CRS84,current:kuroshio-extension,"{""coordinates"": [155, 36], ""type"": ""Point""}",,geometry:0051,Approximate editorial locator points place a name in a recognizable region on the OSW equirectangular map. Points are neither observed cores nor endpoints or length measurements. Multi-basin family names have one point per basin and must be split into separate records before quantitative comparison.,,not quantified; no observed current core or path,editorial_locator,source:4dc5fc618c26565f,,,,
,,OGC:CRS84,current:monsoon,"{""coordinates"": [76, 5], ""type"": ""Point""}",,geometry:0052,Approximate editorial locator points place a name in a recognizable region on the OSW equirectangular map. Points are neither observed cores nor endpoints or length measurements. Multi-basin family names have one point per basin and must be split into separate records before quantitative comparison.,,not quantified; no observed current core or path,editorial_locator,source:4dc5fc618c26565f,,,,
,,OGC:CRS84,current:indonesian-throughflow,"{""coordinates"": [119, -4], ""type"": ""Point""}",,geometry:0053,Regional point used for NASA's named Pacific-to-Indian throughflow among the Indonesian islands; it is not a channel centerline or length endpoint.,,not quantified; no observed current core or path,editorial_locator,source:4dc5fc618c26565f,,,,
,,OGC:CRS84,current:red-sea-saline-overflow,"{""coordinates"": [43.3, 12.6], ""type"": ""Point""}",,geometry:0054,"Editorial Bab el Mandeb gateway for the independently studied Red Sea outflow; not a measured NASA plume position, path, or length endpoint.",,not quantified; no observed current core or path,editorial_locator,source:4dc5fc618c26565f,,,,
,,OGC:CRS84,current:persian-gulf-saline-overflow,"{""coordinates"": [56.25, 26.6], ""type"": ""Point""}",,geometry:0055,"Editorial Strait of Hormuz gateway for the independently studied Persian Gulf outflow; not a measured NASA plume position, path, or length endpoint.",,not quantified; no observed current core or path,editorial_locator,source:4dc5fc618c26565f,,,,
,,OGC:CRS84,current:north-cape,"{""coordinates"": [24, 71], ""type"": ""Point""}",,geometry:0056,Approximate editorial locator points place a name in a recognizable region on the OSW equirectangular map. Points are neither observed cores nor endpoints or length measurements. Multi-basin family names have one point per basin and must be split into separate records before quantitative comparison.,,not quantified; no observed current core or path,editorial_locator,source:4dc5fc618c26565f,,,,
,,OGC:CRS84,current:north-equatorial,"{""coordinates"": [-145, 11], ""type"": ""Point""}",,geometry:0057,Approximate editorial locator points place a name in a recognizable region on the OSW equirectangular map. Points are neither observed cores nor endpoints or length measurements. Multi-basin family names have one point per basin and must be split into separate records before quantitative comparison.,,not quantified; no observed current core or path,editorial_locator,source:4dc5fc618c26565f,,,,
,,OGC:CRS84,current:north-equatorial,"{""coordinates"": [-40, 11], ""type"": ""Point""}",,geometry:0058,Approximate editorial locator points place a name in a recognizable region on the OSW equirectangular map. Points are neither observed cores nor endpoints or length measurements. Multi-basin family names have one point per basin and must be split into separate records before quantitative comparison.,,not quantified; no observed current core or path,editorial_locator,source:4dc5fc618c26565f,,,,
,,OGC:CRS84,current:north-equatorial,"{""coordinates"": [75, 11], ""type"": ""Point""}",,geometry:0059,Approximate editorial locator points place a name in a recognizable region on the OSW equirectangular map. Points are neither observed cores nor endpoints or length measurements. Multi-basin family names have one point per basin and must be split into separate records before quantitative comparison.,,not quantified; no observed current core or path,editorial_locator,source:4dc5fc618c26565f,,,,
,,OGC:CRS84,current:north-pacific,"{""coordinates"": [-165, 42], ""type"": ""Point""}",,geometry:0060,Approximate editorial locator points place a name in a recognizable region on the OSW equirectangular map. Points are neither observed cores nor endpoints or length measurements. Multi-basin family names have one point per basin and must be split into separate records before quantitative comparison.,,not quantified; no observed current core or path,editorial_locator,source:4dc5fc618c26565f,,,,
,,OGC:CRS84,current:norwegian,"{""coordinates"": [8, 64], ""type"": ""Point""}",,geometry:0061,Approximate editorial locator points place a name in a recognizable region on the OSW equirectangular map. Points are neither observed cores nor endpoints or length measurements. Multi-basin family names have one point per basin and must be split into separate records before quantitative comparison.,,not quantified; no observed current core or path,editorial_locator,source:4dc5fc618c26565f,,,,
,,OGC:CRS84,current:norwegian-coastal,"{""coordinates"": [8.77, 58.33], ""type"": ""Point""}",,geometry:0062,"Approximate offshore point near the 1–5 nautical mile Torungen stations used to characterize the Norwegian Coastal Current; derived from the mapped Store Torungen reference, not a published station coordinate or whole-current footprint.",,not quantified; no observed current core or path,editorial_locator,source:4dc5fc618c26565f,,,,
,,OGC:CRS84,current:algerian,"{""coordinates"": [3.5, 36.9], ""type"": ""Point""}",,geometry:0063,Editorial point just north of the Algerian coast in the region described by the source; not a published core position or full path.,,not quantified; no observed current core or path,editorial_locator,source:4dc5fc618c26565f,,,,
,,OGC:CRS84,current:balearic,"{""coordinates"": [3.0, 40.2], ""type"": ""Point""}",,geometry:0064,Editorial point north of Mallorca in the source-described Balearic Current region; not a measured core position or full path.,,not quantified; no observed current core or path,editorial_locator,source:4dc5fc618c26565f,,,,
,,OGC:CRS84,current:western-adriatic,"{""coordinates"": [13.9, 43.5], ""type"": ""Point""}",,geometry:0065,"Editorial point off the Italian Adriatic coast, within the drifter study's Western Adriatic Current region; not a measured centerline or length endpoint.",,not quantified; no observed current core or path,editorial_locator,source:4dc5fc618c26565f,,,,
,,OGC:CRS84,current:baffin,"{""coordinates"": [-75, 76], ""type"": ""Point""}",,geometry:0066,Western Baffin Bay locator near the western-slope current described in the survey literature; not a measured centerline or whole-current extent.,,not quantified; no observed current core or path,editorial_locator,source:4dc5fc618c26565f,,,,
,,OGC:CRS84,current:mauritanian,"{""coordinates"": [-16.8, 18], ""type"": ""Point""}",,geometry:0067,Editorial offshore point near the 18°N Mauritanian upwelling region studied in seasonal current observations; not a year-round core or length endpoint.,,not quantified; no observed current core or path,editorial_locator,source:4dc5fc618c26565f,,,,
,,OGC:CRS84,current:gaspe,"{""coordinates"": [-64.1, 48.9], ""type"": ""Point""}",,geometry:0068,"Editorial Gulf of St. Lawrence point off the Gaspé Peninsula, the source-described coastal jet region; not a measured core or length endpoint.",,not quantified; no observed current core or path,editorial_locator,source:4dc5fc618c26565f,,,,
,,OGC:CRS84,current:northern-mediterranean,"{""coordinates"": [8.5, 43.7], ""type"": ""Point""}",,geometry:0069,"Editorial waypoints in the source-described Ligurian, Provençal, and Catalan sectors; not measured current-core positions or a whole-current path. The approximate OSW NECS shape overlaps the mapped Mediterranean coastal strip, so that Atlantic state is excluded semantically.",,not quantified; no observed current core or path,editorial_locator,source:4dc5fc618c26565f,,,,
,,OGC:CRS84,current:northern-mediterranean,"{""coordinates"": [5.7, 43.1], ""type"": ""Point""}",,geometry:0070,"Editorial waypoints in the source-described Ligurian, Provençal, and Catalan sectors; not measured current-core positions or a whole-current path. The approximate OSW NECS shape overlaps the mapped Mediterranean coastal strip, so that Atlantic state is excluded semantically.",,not quantified; no observed current core or path,editorial_locator,source:4dc5fc618c26565f,,,,
,,OGC:CRS84,current:northern-mediterranean,"{""coordinates"": [2.5, 41.4], ""type"": ""Point""}",,geometry:0071,"Editorial waypoints in the source-described Ligurian, Provençal, and Catalan sectors; not measured current-core positions or a whole-current path. The approximate OSW NECS shape overlaps the mapped Mediterranean coastal strip, so that Atlantic state is excluded semantically.",,not quantified; no observed current core or path,editorial_locator,source:4dc5fc618c26565f,,,,
,,OGC:CRS84,current:ligurian,"{""coordinates"": [8.5, 43.7], ""type"": ""Point""}",,geometry:0072,Editorial Ligurian Sea point in the source region of the Northern Current; not a measured core or the full Northern Current path.,,not quantified; no observed current core or path,editorial_locator,source:4dc5fc618c26565f,,,,
,,OGC:CRS84,current:oyashio,"{""coordinates"": [148, 42], ""type"": ""Point""}",,geometry:0073,Approximate editorial locator points place a name in a recognizable region on the OSW equirectangular map. Points are neither observed cores nor endpoints or length measurements. Multi-basin family names have one point per basin and must be split into separate records before quantitative comparison.,,not quantified; no observed current core or path,editorial_locator,source:4dc5fc618c26565f,,,,
,,OGC:CRS84,current:somali,"{""coordinates"": [51, 6], ""type"": ""Point""}",,geometry:0074,Approximate editorial locator points place a name in a recognizable region on the OSW equirectangular map. Points are neither observed cores nor endpoints or length measurements. Multi-basin family names have one point per basin and must be split into separate records before quantitative comparison.,,not quantified; no observed current core or path,editorial_locator,source:4dc5fc618c26565f,,,,
,,OGC:CRS84,current:south-equatorial,"{""coordinates"": [-145, -10], ""type"": ""Point""}",,geometry:0075,Approximate editorial locator points place a name in a recognizable region on the OSW equirectangular map. Points are neither observed cores nor endpoints or length measurements. Multi-basin family names have one point per basin and must be split into separate records before quantitative comparison.,,not quantified; no observed current core or path,editorial_locator,source:4dc5fc618c26565f,,,,
,,OGC:CRS84,current:south-equatorial,"{""coordinates"": [-25, -10], ""type"": ""Point""}",,geometry:0076,Approximate editorial locator points place a name in a recognizable region on the OSW equirectangular map. Points are neither observed cores nor endpoints or length measurements. Multi-basin family names have one point per basin and must be split into separate records before quantitative comparison.,,not quantified; no observed current core or path,editorial_locator,source:4dc5fc618c26565f,,,,
,,OGC:CRS84,current:south-equatorial,"{""coordinates"": [78, -10], ""type"": ""Point""}",,geometry:0077,Approximate editorial locator points place a name in a recognizable region on the OSW equirectangular map. Points are neither observed cores nor endpoints or length measurements. Multi-basin family names have one point per basin and must be split into separate records before quantitative comparison.,,not quantified; no observed current core or path,editorial_locator,source:4dc5fc618c26565f,,,,
,,OGC:CRS84,current:spitsbergen-atlantic,"{""coordinates"": [12, 78], ""type"": ""Point""}",,geometry:0078,Approximate editorial locator points place a name in a recognizable region on the OSW equirectangular map. Points are neither observed cores nor endpoints or length measurements. Multi-basin family names have one point per basin and must be split into separate records before quantitative comparison.,,not quantified; no observed current core or path,editorial_locator,source:4dc5fc618c26565f,,,,
,,OGC:CRS84,current:tsushima,"{""coordinates"": [130, 35], ""type"": ""Point""}",,geometry:0079,Approximate editorial locator points place a name in a recognizable region on the OSW equirectangular map. Points are neither observed cores nor endpoints or length measurements. Multi-basin family names have one point per basin and must be split into separate records before quantitative comparison.,,not quantified; no observed current core or path,editorial_locator,source:4dc5fc618c26565f,,,,
,,OGC:CRS84,current:west-australian,"{""coordinates"": [112, -28], ""type"": ""Point""}",,geometry:0080,Approximate editorial locator points place a name in a recognizable region on the OSW equirectangular map. Points are neither observed cores nor endpoints or length measurements. Multi-basin family names have one point per basin and must be split into separate records before quantitative comparison.,,not quantified; no observed current core or path,editorial_locator,source:4dc5fc618c26565f,,,,
,,OGC:CRS84,current:leeuwin,"{""coordinates"": [113, -27], ""type"": ""Point""}",,geometry:0081,Approximate editorial locator points place a name in a recognizable region on the OSW equirectangular map. Points are neither observed cores nor endpoints or length measurements. Multi-basin family names have one point per basin and must be split into separate records before quantitative comparison.,,not quantified; no observed current core or path,editorial_locator,source:4dc5fc618c26565f,,,,
,,OGC:CRS84,current:australian-west-south-boundary-flow,"{""coordinates"": [114, -28], ""type"": ""Point""}",,geometry:0082,Approximate editorial locator points place a name in a recognizable region on the OSW equirectangular map. Points are neither observed cores nor endpoints or length measurements. Multi-basin family names have one point per basin and must be split into separate records before quantitative comparison.,,not quantified; no observed current core or path,editorial_locator,source:4dc5fc618c26565f,,,,
,,OGC:CRS84,current:australian-west-south-boundary-flow,"{""coordinates"": [133, -35], ""type"": ""Point""}",,geometry:0083,Approximate editorial locator points place a name in a recognizable region on the OSW equirectangular map. Points are neither observed cores nor endpoints or length measurements. Multi-basin family names have one point per basin and must be split into separate records before quantitative comparison.,,not quantified; no observed current core or path,editorial_locator,source:4dc5fc618c26565f,,,,
,,OGC:CRS84,current:australian-west-south-boundary-flow,"{""coordinates"": [145, -42], ""type"": ""Point""}",,geometry:0084,Approximate editorial locator points place a name in a recognizable region on the OSW equirectangular map. Points are neither observed cores nor endpoints or length measurements. Multi-basin family names have one point per basin and must be split into separate records before quantitative comparison.,,not quantified; no observed current core or path,editorial_locator,source:4dc5fc618c26565f,,,,
,,OGC:CRS84,current:south-australian,"{""coordinates"": [133, -35], ""type"": ""Point""}",,geometry:0085,Approximate editorial locator points place a name in a recognizable region on the OSW equirectangular map. Points are neither observed cores nor endpoints or length measurements. Multi-basin family names have one point per basin and must be split into separate records before quantitative comparison.,,not quantified; no observed current core or path,editorial_locator,source:4dc5fc618c26565f,,,,
,,OGC:CRS84,current:zeehan,"{""coordinates"": [145, -42], ""type"": ""Point""}",,geometry:0086,Approximate editorial locator points place a name in a recognizable region on the OSW equirectangular map. Points are neither observed cores nor endpoints or length measurements. Multi-basin family names have one point per basin and must be split into separate records before quantitative comparison.,,not quantified; no observed current core or path,editorial_locator,source:4dc5fc618c26565f,,,,
,,OGC:CRS84,current:caribbean,"{""coordinates"": [-75, 16], ""type"": ""Point""}",,geometry:0087,Approximate editorial locator points place a name in a recognizable region on the OSW equirectangular map. Points are neither observed cores nor endpoints or length measurements. Multi-basin family names have one point per basin and must be split into separate records before quantitative comparison.,,not quantified; no observed current core or path,editorial_locator,source:4dc5fc618c26565f,,,,
,,OGC:CRS84,current:equatorial-countercurrent,"{""coordinates"": [-135, 7], ""type"": ""Point""}",,geometry:0088,Approximate editorial locator points place a name in a recognizable region on the OSW equirectangular map. Points are neither observed cores nor endpoints or length measurements. Multi-basin family names have one point per basin and must be split into separate records before quantitative comparison.,,not quantified; no observed current core or path,editorial_locator,source:4dc5fc618c26565f,,,,
,,OGC:CRS84,current:equatorial-countercurrent,"{""coordinates"": [-30, 7], ""type"": ""Point""}",,geometry:0089,Approximate editorial locator points place a name in a recognizable region on the OSW equirectangular map. Points are neither observed cores nor endpoints or length measurements. Multi-basin family names have one point per basin and must be split into separate records before quantitative comparison.,,not quantified; no observed current core or path,editorial_locator,source:4dc5fc618c26565f,,,,
,,OGC:CRS84,current:equatorial-countercurrent,"{""coordinates"": [77, -7], ""type"": ""Point""}",,geometry:0090,Approximate editorial locator points place a name in a recognizable region on the OSW equirectangular map. Points are neither observed cores nor endpoints or length measurements. Multi-basin family names have one point per basin and must be split into separate records before quantitative comparison.,,not quantified; no observed current core or path,editorial_locator,source:4dc5fc618c26565f,,,,
,,OGC:CRS84,current:north-equatorial-countercurrent,"{""coordinates"": [-38, 7], ""type"": ""Point""}",,geometry:0091,"One Atlantic and one Pacific observed-section region; separate basin flows, not a connected path.",,not quantified; no observed current core or path,editorial_locator,source:4dc5fc618c26565f,,,,
,,OGC:CRS84,current:north-equatorial-countercurrent,"{""coordinates"": [-140, 7], ""type"": ""Point""}",,geometry:0092,"One Atlantic and one Pacific observed-section region; separate basin flows, not a connected path.",,not quantified; no observed current core or path,editorial_locator,source:4dc5fc618c26565f,,,,
,,OGC:CRS84,current:atlantic-north-equatorial-countercurrent,"{""coordinates"": [-38, 6.5], ""type"": ""Point""}",,geometry:0093,"Observed southern near-surface core at 38°W, 6.5°N in 2003; not a full current centerline.",,not quantified; no observed current core or path,editorial_locator,source:4dc5fc618c26565f,,,,
,,OGC:CRS84,current:pacific-north-equatorial-countercurrent,"{""coordinates"": [-140, 7], ""type"": ""Point""}",,geometry:0094,Near-surface eastward core at about 7°N in repeated 140°W Pacific sections; not an alongstream endpoint.,,not quantified; no observed current core or path,editorial_locator,source:4dc5fc618c26565f,,,,
,,OGC:CRS84,current:south-equatorial-countercurrent,"{""coordinates"": [-30, -8], ""type"": ""Point""}",,geometry:0095,"Representative observed or surveyed Atlantic, Pacific, and Indian regions; separate flows, not a connected path.",,not quantified; no observed current core or path,editorial_locator,source:4dc5fc618c26565f,,,,
,,OGC:CRS84,current:south-equatorial-countercurrent,"{""coordinates"": [165, -9], ""type"": ""Point""}",,geometry:0096,"Representative observed or surveyed Atlantic, Pacific, and Indian regions; separate flows, not a connected path.",,not quantified; no observed current core or path,editorial_locator,source:4dc5fc618c26565f,,,,
,,OGC:CRS84,current:south-equatorial-countercurrent,"{""coordinates"": [55, -7.5], ""type"": ""Point""}",,geometry:0097,"Representative observed or surveyed Atlantic, Pacific, and Indian regions; separate flows, not a connected path.",,not quantified; no observed current core or path,editorial_locator,source:4dc5fc618c26565f,,,,
,,OGC:CRS84,current:atlantic-south-equatorial-countercurrent,"{""coordinates"": [-30, -8], ""type"": ""Point""}",,geometry:0098,Midpoint of the 7–9°S belt near the 30°W western Atlantic survey limit; observed flow changes sign seasonally.,,not quantified; no observed current core or path,editorial_locator,source:4dc5fc618c26565f,,,,
,,OGC:CRS84,current:pacific-south-equatorial-countercurrent,"{""coordinates"": [165, -9], ""type"": ""Point""}",,geometry:0099,"Representative point inside Argo-observed boreal-spring 150°E–170°W, 5–13°S envelope; not a path endpoint.",,not quantified; no observed current core or path,editorial_locator,source:4dc5fc618c26565f,,,,
,,OGC:CRS84,current:indian-south-equatorial-countercurrent,"{""coordinates"": [55, -7.5], ""type"": ""Point""}",,geometry:0100,Representative midpoint of variable 5–10°S countercurrent trough on the western 55°E XBT shipping line; not a path endpoint.,,not quantified; no observed current core or path,editorial_locator,source:4dc5fc618c26565f,,,,
,,OGC:CRS84,current:equatorial-undercurrent,"{""coordinates"": [-140, 0], ""type"": ""Point""}",,geometry:0101,Three independently observed basin sites or section midpoint; a shared name does not establish one continuous flow across basins.,,not quantified; no observed current core or path,editorial_locator,source:4dc5fc618c26565f,,,,
,,OGC:CRS84,current:equatorial-undercurrent,"{""coordinates"": [-23, 0], ""type"": ""Point""}",,geometry:0102,Three independently observed basin sites or section midpoint; a shared name does not establish one continuous flow across basins.,,not quantified; no observed current core or path,editorial_locator,source:4dc5fc618c26565f,,,,
,,OGC:CRS84,current:equatorial-undercurrent,"{""coordinates"": [90, 0], ""type"": ""Point""}",,geometry:0103,Three independently observed basin sites or section midpoint; a shared name does not establish one continuous flow across basins.,,not quantified; no observed current core or path,editorial_locator,source:4dc5fc618c26565f,,,,
,,OGC:CRS84,current:pacific-equatorial-undercurrent,"{""coordinates"": [-140, 0], ""type"": ""Point""}",,geometry:0104,"Published April 1987 observation site at 0°N, 140°W; not a whole-current centerline or endpoint.",,not quantified; no observed current core or path,editorial_locator,source:4dc5fc618c26565f,,,,
,,OGC:CRS84,current:atlantic-equatorial-undercurrent,"{""coordinates"": [-23, 0], ""type"": ""Point""}",,geometry:0105,"Published 2002 PIRATA ADCP site at 0°N, 23°W; not a whole-current centerline or endpoint.",,not quantified; no observed current core or path,editorial_locator,source:4dc5fc618c26565f,,,,
,,OGC:CRS84,current:indian-equatorial-undercurrent,"{""coordinates"": [90, 0], ""type"": ""Point""}",,geometry:0106,Midpoint of the published 1–3 March 2017 ship section at 90°E from 2°S to 2°N; not a permanent current centerline or endpoint.,,not quantified; no observed current core or path,editorial_locator,source:4dc5fc618c26565f,,,,
,,OGC:CRS84,current:north-equatorial-undercurrent,"{""coordinates"": [-23, 5], ""type"": ""Point""}",,geometry:0107,"Atlantic observed mooring and midpoint of Pacific mooring-array latitude range; separate basin flows, not a connected path.",,not quantified; no observed current core or path,editorial_locator,source:4dc5fc618c26565f,,,,
,,OGC:CRS84,current:north-equatorial-undercurrent,"{""coordinates"": [130, 13], ""type"": ""Point""}",,geometry:0108,"Atlantic observed mooring and midpoint of Pacific mooring-array latitude range; separate basin flows, not a connected path.",,not quantified; no observed current core or path,editorial_locator,source:4dc5fc618c26565f,,,,
,,OGC:CRS84,current:atlantic-north-equatorial-undercurrent,"{""coordinates"": [-23, 5], ""type"": ""Point""}",,geometry:0109,"Direct current observations around 5°N, 23°W; not a basin-wide path or length endpoint.",,not quantified; no observed current core or path,editorial_locator,source:4dc5fc618c26565f,,,,
,,OGC:CRS84,current:pacific-north-equatorial-undercurrent,"{""coordinates"": [130, 13], ""type"": ""Point""}",,geometry:0110,"Midpoint of the 130°E mooring array from 8.5°N to 17.5°N; multiple subsurface jets, not one measured centerline.",,not quantified; no observed current core or path,editorial_locator,source:4dc5fc618c26565f,,,,
,,OGC:CRS84,current:south-equatorial-undercurrent,"{""coordinates"": [-35, -3.25], ""type"": ""Point""}",,geometry:0111,"Atlantic section midpoint and Indian mooring site; separate basin flows, not a connected path.",,not quantified; no observed current core or path,editorial_locator,source:4dc5fc618c26565f,,,,
,,OGC:CRS84,current:south-equatorial-undercurrent,"{""coordinates"": [87, -10], ""type"": ""Point""}",,geometry:0112,"Atlantic section midpoint and Indian mooring site; separate basin flows, not a connected path.",,not quantified; no observed current core or path,editorial_locator,source:4dc5fc618c26565f,,,,
,,OGC:CRS84,current:atlantic-south-equatorial-undercurrent,"{""coordinates"": [-35, -3.25], ""type"": ""Point""}",,geometry:0113,Midpoint of the published 35°W section band at 2.5–4°S; not a whole-current path or endpoint.,,not quantified; no observed current core or path,editorial_locator,source:4dc5fc618c26565f,,,,
,,OGC:CRS84,current:indian-south-equatorial-undercurrent,"{""coordinates"": [87, -10], ""type"": ""Point""}",,geometry:0114,"Published 10°S, 87°E mooring location; not a whole-current path or endpoint.",,not quantified; no observed current core or path,editorial_locator,source:4dc5fc618c26565f,,,,
,,OGC:CRS84,current:south-atlantic,"{""coordinates"": [-25, -40], ""type"": ""Point""}",,geometry:0115,Approximate editorial locator points place a name in a recognizable region on the OSW equirectangular map. Points are neither observed cores nor endpoints or length measurements. Multi-basin family names have one point per basin and must be split into separate records before quantitative comparison.,,not quantified; no observed current core or path,editorial_locator,source:4dc5fc618c26565f,,,,
,,OGC:CRS84,current:south-indian,"{""coordinates"": [75, -40], ""type"": ""Point""}",,geometry:0116,Approximate editorial locator points place a name in a recognizable region on the OSW equirectangular map. Points are neither observed cores nor endpoints or length measurements. Multi-basin family names have one point per basin and must be split into separate records before quantitative comparison.,,not quantified; no observed current core or path,editorial_locator,source:4dc5fc618c26565f,,,,
,,OGC:CRS84,current:south-pacific,"{""coordinates"": [-120, -40], ""type"": ""Point""}",,geometry:0117,Approximate editorial locator points place a name in a recognizable region on the OSW equirectangular map. Points are neither observed cores nor endpoints or length measurements. Multi-basin family names have one point per basin and must be split into separate records before quantitative comparison.,,not quantified; no observed current core or path,editorial_locator,source:4dc5fc618c26565f,,,,
,,OGC:CRS84,current:west-greenland,"{""coordinates"": [-49, 65], ""type"": ""Point""}",,geometry:0118,Approximate editorial locator points place a name in a recognizable region on the OSW equirectangular map. Points are neither observed cores nor endpoints or length measurements. Multi-basin family names have one point per basin and must be split into separate records before quantitative comparison.,,not quantified; no observed current core or path,editorial_locator,source:4dc5fc618c26565f,,,,
,,OGC:CRS84,current:west-spitsbergen,"{""coordinates"": [11.847, 76.724], ""type"": ""Point""}",,geometry:0119,Marine Regions source point (MRGID 33646); not a path or core,,not quantified; no observed current core or path,editorial_locator,source:4dc5fc618c26565f,,,,
,,OGC:CRS84,current:jutland,"{""coordinates"": [9, 57.5], ""type"": ""Point""}",,geometry:0120,Marine Regions source point (MRGID 33647); not a path or core,,not quantified; no observed current core or path,editorial_locator,source:4dc5fc618c26565f,,,,
,,OGC:CRS84,current:mindanao-current,"{""coordinates"": [126.5, 8], ""type"": ""Point""}",,geometry:0121,Editorial offshore point east of Mindanao on the source-described southward route; not a measured current core or endpoint.,,not quantified; no observed current core or path,editorial_locator,source:4dc5fc618c26565f,,,,
,,OGC:CRS84,current:new-guinea-coastal-undercurrent,"{""coordinates"": [146, -5], ""type"": ""Point""}",,geometry:0122,Editorial point off the north coast of Papua New Guinea on the source-described northwestward Solomon Sea route; not a measured subsurface core or endpoint.,,not quantified; no observed current core or path,editorial_locator,source:4dc5fc618c26565f,,,,
,,OGC:CRS84,current:new-ireland-coastal-undercurrent,"{""coordinates"": [153.5, -3.5], ""type"": ""Point""}",,geometry:0123,Editorial point east of New Ireland on the source-described island boundary route; not a measured subsurface core or endpoint.,,not quantified; no observed current core or path,editorial_locator,source:4dc5fc618c26565f,,,,
,,OGC:CRS84,current:solomon-island-coastal-undercurrent,"{""coordinates"": [160.5, -9], ""type"": ""Point""}",,geometry:0124,"Editorial Solomon Islands regional point for a potential source-described undercurrent; its continuity, core position, and endpoints are unverified.",,not quantified; no observed current core or path,editorial_locator,source:4dc5fc618c26565f,,,,
,,OGC:CRS84,current:new-guinea-coastal-current,"{""coordinates"": [146, -5], ""type"": ""Point""}",,geometry:0125,Editorial northern Papua New Guinea coastal point near the mooring study region; not a dated surface-current centerline or endpoint.,,not quantified; no observed current core or path,editorial_locator,source:4dc5fc618c26565f,,,,
,,OGC:CRS84,current:pacific-north-subsurface-countercurrent,"{""coordinates"": [-140, 4], ""type"": ""Point""}",,geometry:0126,Study-reported approximate 140°W section core at 4°N near 200 m; one cross-stream section does not define a basin-wide current route.,,not quantified; no observed current core or path,editorial_locator,source:4dc5fc618c26565f,,,,
,,OGC:CRS84,current:pacific-south-subsurface-countercurrent,"{""coordinates"": [-140, -5.5], ""type"": ""Point""}",,geometry:0127,Editorial point between the two study-reported 140°W south-side jet branches at 4.5°S and 7°S; not an observed single-core position or whole-current route.,,not quantified; no observed current core or path,editorial_locator,source:4dc5fc618c26565f,,,,
,,OGC:CRS84,current:hiri-current,"{""coordinates"": [146, -13], ""type"": ""Point""}",,geometry:0128,Editorial Coral Sea point offshore northern Queensland on the northward branch described in the source; naming extent around the Gulf of Papua remains unsettled.,,not quantified; no observed current core or path,editorial_locator,source:4dc5fc618c26565f,,,,
,,OGC:CRS84,current:alaska-coastal-gulf,"{""coordinates"": [-148, 59.5], ""type"": ""Point""}",,geometry:0129,"OSW approximate navigation points offshore Seward, southwest Kodiak, and near Samalga Pass for the source-defined Gulf of Alaska/eastern Aleutian system. These are editorial places to find the flow, not measured cores, source mooring coordinates, a connected route, or dated geometry.",,not quantified; no observed current core or path,editorial_locator,source:4dc5fc618c26565f,,,,
,,OGC:CRS84,current:alaska-coastal-gulf,"{""coordinates"": [-154, 57], ""type"": ""Point""}",,geometry:0130,"OSW approximate navigation points offshore Seward, southwest Kodiak, and near Samalga Pass for the source-defined Gulf of Alaska/eastern Aleutian system. These are editorial places to find the flow, not measured cores, source mooring coordinates, a connected route, or dated geometry.",,not quantified; no observed current core or path,editorial_locator,source:4dc5fc618c26565f,,,,
,,OGC:CRS84,current:alaska-coastal-gulf,"{""coordinates"": [-169, 52.8], ""type"": ""Point""}",,geometry:0131,"OSW approximate navigation points offshore Seward, southwest Kodiak, and near Samalga Pass for the source-defined Gulf of Alaska/eastern Aleutian system. These are editorial places to find the flow, not measured cores, source mooring coordinates, a connected route, or dated geometry.",,not quantified; no observed current core or path,editorial_locator,source:4dc5fc618c26565f,,,,
,,OGC:CRS84,nasa:gulf-stream,"{""coordinates"": [-69, 38], ""type"": ""Point""}",,geometry:0132,OSW editorial regional locator copied from the NASA object ledger,,not quantified; no observed footprint,editorial_locator,source:32b714bd5e3439cd,,,,
,,OGC:CRS84,nasa:kuroshio,"{""coordinates"": [136, 32], ""type"": ""Point""}",,geometry:0133,OSW editorial regional locator copied from the NASA object ledger,,not quantified; no observed footprint,editorial_locator,source:32b714bd5e3439cd,,,,
,,OGC:CRS84,nasa:agulhas,"{""coordinates"": [33, -33], ""type"": ""Point""}",,geometry:0134,OSW editorial regional locator copied from the NASA object ledger,,not quantified; no observed footprint,editorial_locator,source:32b714bd5e3439cd,,,,
,,OGC:CRS84,nasa:east-australian,"{""coordinates"": [154, -30], ""type"": ""Point""}",,geometry:0135,OSW editorial regional locator copied from the NASA object ledger,,not quantified; no observed footprint,editorial_locator,source:32b714bd5e3439cd,,,,
,,OGC:CRS84,nasa:indonesian-throughflow,"{""coordinates"": [119, -4], ""type"": ""Point""}",,geometry:0136,OSW editorial regional locator copied from the NASA object ledger,,not quantified; no observed footprint,editorial_locator,source:32b714bd5e3439cd,,,,
,,OGC:CRS84,nasa:red-sea-saline-overflow,"{""coordinates"": [43.3, 12.6], ""type"": ""Point""}",,geometry:0137,OSW editorial regional locator copied from the NASA object ledger,,not quantified; no observed footprint,editorial_locator,source:32b714bd5e3439cd,,,,
,,OGC:CRS84,nasa:persian-gulf-saline-overflow,"{""coordinates"": [56.25, 26.6], ""type"": ""Point""}",,geometry:0138,OSW editorial regional locator copied from the NASA object ledger,,not quantified; no observed footprint,editorial_locator,source:32b714bd5e3439cd,,,,
,,OGC:CRS84,nasa:kuroshio-meanders,"{""coordinates"": [137, 33], ""type"": ""Point""}",,geometry:0139,OSW editorial regional locator copied from the NASA object ledger,,not quantified; no observed footprint,editorial_locator,source:32b714bd5e3439cd,,,,
,,OGC:CRS84,nasa:kuroshio-eastward-turn,"{""coordinates"": [146, 36], ""type"": ""Point""}",,geometry:0140,OSW editorial regional locator copied from the NASA object ledger,,not quantified; no observed footprint,editorial_locator,source:32b714bd5e3439cd,,,,
,,OGC:CRS84,nasa:kuroshio-eddies,"{""coordinates"": [146, 35], ""type"": ""Point""}",,geometry:0141,OSW editorial regional locator copied from the NASA object ledger,,not quantified; no observed footprint,editorial_locator,source:32b714bd5e3439cd,,,,
,,OGC:CRS84,nasa:agulhas-retroflection,"{""coordinates"": [18, -39], ""type"": ""Point""}",,geometry:0142,OSW editorial regional locator copied from the NASA object ledger,,not quantified; no observed footprint,editorial_locator,source:32b714bd5e3439cd,,,,
,,OGC:CRS84,nasa:agulhas-rings,"{""coordinates"": [11, -37], ""type"": ""Point""}",,geometry:0143,OSW editorial regional locator copied from the NASA object ledger,,not quantified; no observed footprint,editorial_locator,source:32b714bd5e3439cd,,,,
,,OGC:CRS84,nasa:gulf-stream-cold-cores,"{""coordinates"": [-68, 38], ""type"": ""Point""}",,geometry:0144,OSW editorial regional locator copied from the NASA object ledger,,not quantified; no observed footprint,editorial_locator,source:32b714bd5e3439cd,,,,
,,OGC:CRS84,nasa:gulf-stream-deep-return,"{""coordinates"": [-67, 39], ""type"": ""Point""}",,geometry:0145,OSW editorial regional locator copied from the NASA object ledger,,not quantified; no observed footprint,editorial_locator,source:32b714bd5e3439cd,,,,
,,OGC:CRS84,nasa:gulf-of-mexico-loop-eddies,"{""coordinates"": [-91, 25], ""type"": ""Point""}",,geometry:0146,OSW editorial regional locator copied from the NASA object ledger,,not quantified; no observed footprint,editorial_locator,source:32b714bd5e3439cd,,,,
,,OGC:CRS84,nasa:north-atlantic-sinking,"{""coordinates"": [-35, 60], ""type"": ""Point""}",,geometry:0147,OSW editorial regional locator copied from the NASA object ledger,,not quantified; no observed footprint,editorial_locator,source:32b714bd5e3439cd,,,,
,,OGC:CRS84,current:antarctic-slope,"{""coordinates"": [0, -70], ""type"": ""Point""}",,geometry:0155,"OSW approximate Antarctic-margin navigation points for the source-defined slope system. These editorial locators are not measured core positions, a connected circumpolar route, dated geometry, or proof of state passage.",,not quantified; no observed current core or path,editorial_locator,source:4dc5fc618c26565f,,,,
,,OGC:CRS84,current:antarctic-slope,"{""coordinates"": [80, -66], ""type"": ""Point""}",,geometry:0156,"OSW approximate Antarctic-margin navigation points for the source-defined slope system. These editorial locators are not measured core positions, a connected circumpolar route, dated geometry, or proof of state passage.",,not quantified; no observed current core or path,editorial_locator,source:4dc5fc618c26565f,,,,
,,OGC:CRS84,current:antarctic-slope,"{""coordinates"": [160, -72], ""type"": ""Point""}",,geometry:0157,"OSW approximate Antarctic-margin navigation points for the source-defined slope system. These editorial locators are not measured core positions, a connected circumpolar route, dated geometry, or proof of state passage.",,not quantified; no observed current core or path,editorial_locator,source:4dc5fc618c26565f,,,,
footprint_candidate:kraken:2013-05-29,Longitude/latitude inferred from figure axes; source figure does not specify a geodetic datum. Decimal output precision does not imply survey accuracy.,figure_axis_lon_lat_degrees_unspecified_datum,eddy:published:kraken-2013,"{""coordinates"": [[[-88.3629268, 27.7930464], [-88.3843902, 27.7715232], [-88.4058537, 27.7715232], [-88.4273171, 27.7715232], [-88.4487805, 27.7715232], [-88.4702439, 27.7715232], [-88.4917073, 27.75], [-88.5131707, 27.75], [-88.5346341, 27.75], [-88.5560976, 27.7284768], [-88.577561, 27.7284768], [-88.5990244, 27.7069536], [-88.6204878, 27.7069536], [-88.6419512, 27.7069536], [-88.6634146, 27.6854305], [-88.684878, 27.6854305], [-88.7063415, 27.6639073], [-88.7278049, 27.6639073], [-88.7492683, 27.6423841], [-88.7707317, 27.6423841], [-88.7921951, 27.6208609], [-88.8136585, 27.5993377], [-88.835122, 27.5778146], [-88.8565854, 27.5778146], [-88.8780488, 27.5562914], [-88.8995122, 27.5347682], [-88.9209756, 27.513245], [-88.942439, 27.4917219], [-88.9639024, 27.4917219], [-88.9853659, 27.4701987], [-89.0068293, 27.4486755], [-89.0282927, 27.4271523], [-89.0497561, 27.4056291], [-89.0712195, 27.384106], [-89.0712195, 27.3625828], [-89.0926829, 27.3410596], [-89.1141463, 27.3195364], [-89.1141463, 27.2980132], [-89.1356098, 27.2764901], [-89.1356098, 27.2549669], [-89.1570732, 27.2334437], [-89.1570732, 27.2119205], [-89.1785366, 27.1903974], [-89.2, 27.1688742], [-89.2, 27.147351], [-89.2214634, 27.1258278], [-89.2214634, 27.1043046], [-89.2429268, 27.0827815], [-89.2429268, 27.0612583], [-89.2643902, 27.0397351], [-89.2643902, 27.0182119], [-89.2858537, 26.9966887], [-89.2858537, 26.9751656], [-89.3073171, 26.9536424], [-89.3287805, 26.9321192], [-89.3287805, 26.910596], [-89.3502439, 26.8890728], [-89.3717073, 26.8675497], [-89.3717073, 26.8460265], [-89.3717073, 26.8245033], [-89.3931707, 26.8029801], [-89.3931707, 26.781457], [-89.4146341, 26.7599338], [-89.4146341, 26.7384106], [-89.4360976, 26.7168874], [-89.4360976, 26.6953642], [-89.4360976, 26.6738411], [-89.457561, 26.6523179], [-89.457561, 26.6307947], [-89.4790244, 26.6092715], [-89.4790244, 26.5877483], [-89.4790244, 26.5662252], [-89.4790244, 26.544702], [-89.5004878, 26.5231788], [-89.5004878, 26.5016556], [-89.5004878, 26.4801325], [-89.5004878, 26.4586093], [-89.5219512, 26.4370861], [-89.5219512, 26.4155629], [-89.5434146, 26.3940397], [-89.5434146, 26.3725166], [-89.5434146, 26.3509934], [-89.564878, 26.3294702], [-89.564878, 26.307947], [-89.564878, 26.2864238], [-89.564878, 26.2649007], [-89.5863415, 26.2433775], [-89.5863415, 26.2218543], [-89.5863415, 26.2003311], [-89.5863415, 26.1788079], [-89.5863415, 26.1572848], [-89.5863415, 26.1357616], [-89.5863415, 26.1142384], [-89.5863415, 26.0927152], [-89.6078049, 26.0711921], [-89.6078049, 26.0496689], [-89.6078049, 26.0281457], [-89.6078049, 26.0066225], [-89.6078049, 25.9850993], [-89.6078049, 25.9635762], [-89.6078049, 25.942053], [-89.6078049, 25.9205298], [-89.6078049, 25.8990066], [-89.6078049, 25.8774834], [-89.6078049, 25.8559603], [-89.6078049, 25.8344371], [-89.6078049, 25.8129139], [-89.6078049, 25.7913907], [-89.6078049, 25.7698675], [-89.6078049, 25.7483444], [-89.5863415, 25.7268212], [-89.5863415, 25.705298], [-89.5863415, 25.6837748], [-89.5863415, 25.6622517], [-89.5863415, 25.6407285], [-89.5863415, 25.6192053], [-89.5863415, 25.5976821], [-89.5863415, 25.5761589], [-89.5863415, 25.5546358], [-89.5863415, 25.5331126], [-89.5863415, 25.5115894], [-89.564878, 25.4900662], [-89.564878, 25.468543], [-89.564878, 25.4470199], [-89.5434146, 25.4254967], [-89.5434146, 25.4039735], [-89.5434146, 25.3824503], [-89.5434146, 25.3609272], [-89.5219512, 25.339404], [-89.5219512, 25.3178808], [-89.5219512, 25.2963576], [-89.5004878, 25.2748344], [-89.5004878, 25.2533113], [-89.4790244, 25.2317881], [-89.4790244, 25.2102649], [-89.457561, 25.1887417], [-89.457561, 25.1672185], [-89.457561, 25.1456954], [-89.4360976, 25.1241722], [-89.4360976, 25.102649], [-89.4146341, 25.0811258], [-89.4146341, 25.0596026], [-89.3931707, 25.0380795], [-89.3717073, 25.0165563], [-89.3502439, 24.9950331], [-89.3287805, 24.9735099], [-89.3287805, 24.9519868], [-89.3073171, 24.9304636], [-89.2858537, 24.9089404], [-89.2643902, 24.8874172], [-89.2429268, 24.865894], [-89.2429268, 24.8443709], [-89.2214634, 24.8228477], [-89.2, 24.8013245], [-89.1785366, 24.7798013], [-89.1570732, 24.7582781], [-89.1356098, 24.736755], [-89.1141463, 24.7152318], [-89.0926829, 24.6937086], [-89.0712195, 24.6721854], [-89.0497561, 24.6506623], [-89.0282927, 24.6291391], [-89.0068293, 24.6076159], [-88.9853659, 24.5860927], [-88.9639024, 24.5645695], [-88.942439, 24.5430464], [-88.9209756, 24.5215232], [-88.8995122, 24.5], [-88.8780488, 24.4784768], [-88.8565854, 24.4569536], [-88.835122, 24.4354305], [-88.8136585, 24.4139073], [-88.7921951, 24.3923841], [-88.7707317, 24.3708609], [-88.7492683, 24.3493377], [-88.7278049, 24.3278146], [-88.7063415, 24.3062914], [-88.7063415, 24.2847682], [-88.684878, 24.263245], [-88.6634146, 24.2417219], [-88.6419512, 24.2417219], [-88.6204878, 24.2201987], [-88.5990244, 24.1986755], [-88.577561, 24.1771523], [-88.5560976, 24.1556291], [-88.5346341, 24.134106], [-88.5131707, 24.134106], [-88.4917073, 24.1125828], [-88.4702439, 24.0910596], [-88.4487805, 24.0695364], [-88.4273171, 24.0695364], [-88.4058537, 24.0480132], [-88.3843902, 24.0264901], [-88.3629268, 24.0264901], [-88.3414634, 24.0049669], [-88.32, 24.0049669], [-88.2985366, 24.0049669], [-88.2770732, 24.0049669], [-88.2556098, 24.0264901], [-88.2341463, 24.0264901], [-88.2126829, 24.0264901], [-88.1912195, 24.0049669], [-88.1697561, 24.0049669], [-88.1482927, 24.0049669], [-88.1268293, 24.0049669], [-88.1053659, 24.0049669], [-88.0839024, 24.0049669], [-88.062439, 24.0049669], [-88.0409756, 24.0264901], [-88.0195122, 24.0264901], [-87.9980488, 24.0264901], [-87.9765854, 24.0049669], [-87.955122, 24.0049669], [-87.9336585, 24.0049669], [-87.9121951, 24.0049669], [-87.8907317, 24.0049669], [-87.8692683, 24.0049669], [-87.8478049, 24.0049669], [-87.8263415, 24.0264901], [-87.804878, 24.0264901], [-87.7834146, 24.0480132], [-87.7834146, 24.0695364], [-87.7619512, 24.0910596], [-87.7404878, 24.1125828], [-87.7404878, 24.134106], [-87.7190244, 24.1556291], [-87.7190244, 24.1771523], [-87.697561, 24.1986755], [-87.6760976, 24.2201987], [-87.6760976, 24.2417219], [-87.6546341, 24.263245], [-87.6546341, 24.2847682], [-87.6331707, 24.3062914], [-87.6331707, 24.3278146], [-87.6117073, 24.3493377], [-87.6117073, 24.3708609], [-87.6117073, 24.3923841], [-87.5902439, 24.4139073], [-87.5902439, 24.4354305], [-87.5687805, 24.4569536], [-87.5687805, 24.4784768], [-87.5473171, 24.5], [-87.5473171, 24.5215232], [-87.5258537, 24.5430464], [-87.5043902, 24.5645695], [-87.5043902, 24.5860927], [-87.4829268, 24.6076159], [-87.4614634, 24.6291391], [-87.44, 24.6506623], [-87.4185366, 24.6506623], [-87.4185366, 24.6721854], [-87.3970732, 24.6937086], [-87.3756098, 24.7152318], [-87.3541463, 24.7152318], [-87.3541463, 24.736755], [-87.3326829, 24.7582781], [-87.3112195, 24.7582781], [-87.2897561, 24.7798013], [-87.2682927, 24.8013245], [-87.2468293, 24.8228477], [-87.2253659, 24.8228477], [-87.2039024, 24.8443709], [-87.182439, 24.8443709], [-87.1609756, 24.865894], [-87.1395122, 24.8874172], [-87.1180488, 24.8874172], [-87.0965854, 24.9089404], [-87.075122, 24.9089404], [-87.0536585, 24.9304636], [-87.0321951, 24.9304636], [-87.0107317, 24.9519868], [-86.9892683, 24.9519868], [-86.9678049, 24.9735099], [-86.9463415, 24.9735099], [-86.924878, 24.9950331], [-86.9034146, 25.0165563], [-86.8819512, 25.0380795], [-86.8604878, 25.0596026], [-86.8604878, 25.0811258], [-86.8390244, 25.102649], [-86.8390244, 25.1241722], [-86.817561, 25.1456954], [-86.817561, 25.1672185], [-86.817561, 25.1887417], [-86.7960976, 25.2102649], [-86.7746341, 25.2317881], [-86.7746341, 25.2533113], [-86.7746341, 25.2748344], [-86.7531707, 25.2963576], [-86.7531707, 25.3178808], [-86.7317073, 25.339404], [-86.7317073, 25.3609272], [-86.7317073, 25.3824503], [-86.7102439, 25.4039735], [-86.7102439, 25.4254967], [-86.7102439, 25.4470199], [-86.7102439, 25.468543], [-86.6887805, 25.4900662], [-86.6887805, 25.5115894], [-86.6887805, 25.5331126], [-86.6887805, 25.5546358], [-86.6673171, 25.5761589], [-86.6673171, 25.5976821], [-86.6673171, 25.6192053], [-86.6673171, 25.6407285], [-86.6673171, 25.6622517], [-86.6673171, 25.6837748], [-86.6673171, 25.705298], [-86.6673171, 25.7268212], [-86.6673171, 25.7483444], [-86.6673171, 25.7698675], [-86.6673171, 25.7913907], [-86.6673171, 25.8129139], [-86.6673171, 25.8344371], [-86.6673171, 25.8559603], [-86.6673171, 25.8774834], [-86.6673171, 25.8990066], [-86.6673171, 25.9205298], [-86.6673171, 25.942053], [-86.6673171, 25.9635762], [-86.6673171, 25.9850993], [-86.6887805, 26.0066225], [-86.6887805, 26.0281457], [-86.6673171, 26.0496689], [-86.6887805, 26.0711921], [-86.6887805, 26.0927152], [-86.6887805, 26.1142384], [-86.6887805, 26.1357616], [-86.6887805, 26.1572848], [-86.7102439, 26.1788079], [-86.7102439, 26.2003311], [-86.7102439, 26.2218543], [-86.7102439, 26.2433775], [-86.7102439, 26.2649007], [-86.7102439, 26.2864238], [-86.7102439, 26.307947], [-86.7102439, 26.3294702], [-86.7317073, 26.3509934], [-86.7317073, 26.3725166], [-86.7317073, 26.3940397], [-86.7317073, 26.4155629], [-86.7531707, 26.4370861], [-86.7531707, 26.4586093], [-86.7531707, 26.4801325], [-86.7531707, 26.5016556], [-86.7746341, 26.5231788], [-86.7746341, 26.544702], [-86.7746341, 26.5662252], [-86.7746341, 26.5877483], [-86.7746341, 26.6092715], [-86.7746341, 26.6307947], [-86.7746341, 26.6523179], [-86.7746341, 26.6738411], [-86.7746341, 26.6953642], [-86.7746341, 26.7168874], [-86.7746341, 26.7384106], [-86.7746341, 26.7599338], [-86.7746341, 26.781457], [-86.7746341, 26.8029801], [-86.7746341, 26.8245033], [-86.7746341, 26.8460265], [-86.7960976, 26.8675497], [-86.7960976, 26.8890728], [-86.7960976, 26.910596], [-86.7960976, 26.9321192], [-86.7960976, 26.9536424], [-86.7960976, 26.9751656], [-86.7960976, 26.9966887], [-86.817561, 27.0182119], [-86.817561, 27.0397351], [-86.817561, 27.0612583], [-86.817561, 27.0827815], [-86.817561, 27.1043046], [-86.817561, 27.1258278], [-86.817561, 27.147351], [-86.817561, 27.1688742], [-86.817561, 27.1903974], [-86.8390244, 27.2119205], [-86.8390244, 27.2334437], [-86.8390244, 27.2549669], [-86.8604878, 27.2764901], [-86.8604878, 27.2980132], [-86.8604878, 27.3195364], [-86.8604878, 27.3410596], [-86.8604878, 27.3625828], [-86.8819512, 27.384106], [-86.8819512, 27.4056291], [-86.9034146, 27.4271523], [-86.924878, 27.4486755], [-86.9463415, 27.4701987], [-86.9463415, 27.4917219], [-86.9678049, 27.4917219], [-86.9892683, 27.513245], [-87.0107317, 27.5347682], [-87.0321951, 27.5562914], [-87.0536585, 27.5778146], [-87.075122, 27.5778146], [-87.0965854, 27.5993377], [-87.1180488, 27.6208609], [-87.1395122, 27.6208609], [-87.1609756, 27.6423841], [-87.182439, 27.6639073], [-87.2039024, 27.6639073], [-87.2253659, 27.6639073], [-87.2468293, 27.6854305], [-87.2682927, 27.6854305], [-87.2897561, 27.7069536], [-87.3112195, 27.7069536], [-87.3326829, 27.7069536], [-87.3541463, 27.7284768], [-87.3756098, 27.7284768], [-87.3970732, 27.7284768], [-87.4185366, 27.75], [-87.44, 27.75], [-87.4614634, 27.75], [-87.4829268, 27.75], [-87.5043902, 27.75], [-87.5258537, 27.75], [-87.5473171, 27.7715232], [-87.5687805, 27.7715232], [-87.5902439, 27.7715232], [-87.6117073, 27.7715232], [-87.6331707, 27.7930464], [-87.6546341, 27.7930464], [-87.6760976, 27.7930464], [-87.697561, 27.7930464], [-87.7190244, 27.7930464], [-87.7404878, 27.7930464], [-87.7619512, 27.7930464], [-87.7834146, 27.7930464], [-87.804878, 27.7930464], [-87.8263415, 27.7930464], [-87.8478049, 27.7930464], [-87.8692683, 27.7930464], [-87.8907317, 27.7930464], [-87.9121951, 27.7930464], [-87.9336585, 27.7930464], [-87.955122, 27.7930464], [-87.9765854, 27.7930464], [-87.9980488, 27.7930464], [-88.0195122, 27.7930464], [-88.0409756, 27.7930464], [-88.062439, 27.7930464], [-88.0839024, 27.7930464], [-88.1053659, 27.7930464], [-88.1268293, 27.7930464], [-88.1482927, 27.7930464], [-88.1697561, 27.7930464], [-88.1912195, 27.7930464], [-88.2126829, 27.7930464], [-88.2341463, 27.7930464], [-88.2556098, 27.7930464], [-88.2770732, 27.7930464], [-88.2985366, 27.7930464], [-88.32, 27.7930464], [-88.3414634, 27.7930464], [-88.3629268, 27.7930464]]], ""type"": ""Polygon""}",08d7c7f5d1234fc996b5b1ea2f049811fe5553c4f744fa88e6a8694df04c1c32,geometry:0158,Segment the single closed blue loop by three RGB thresholds; trace its outside pixel contour; linearly georeference from the manually read panel ticks; intersect the enclosed polygon with the coast-masked approximate OSW state shapes under 16 independent ±3-pixel axis-tick perturbations per threshold.,2013-05-29,"Manual axis calibration, JPEG line width and color segmentation; see three thresholds and +/-3 source-pixel cases. No survey-error bound is supplied.",dated_figure_ssh_contour_proxy,source:8a85446449036671,"Figure 2, 29 May 2013 panel, outermost closed blue instantaneous SSH contour","[108, 313, 57, 661]","[[557, 206], [556, 207], [555, 207], [554, 207], [553, 207], [552, 207], [551, 208], [550, 208], [549, 208], [548, 209], [547, 209], [546, 210], [545, 210], [544, 210], [543, 211], [542, 211], [541, 212], [540, 212], [539, 213], [538, 213], [537, 214], [536, 215], [535, 216], [534, 216], [533, 217], [532, 218], [531, 219], [530, 220], [529, 220], [528, 221], [527, 222], [526, 223], [525, 224], [524, 225], [524, 226], [523, 227], [522, 228], [522, 229], [521, 230], [521, 231], [520, 232], [520, 233], [519, 234], [518, 235], [518, 236], [517, 237], [517, 238], [516, 239], [516, 240], [515, 241], [515, 242], [514, 243], [514, 244], [513, 245], [512, 246], [512, 247], [511, 248], [510, 249], [510, 250], [510, 251], [509, 252], [509, 253], [508, 254], [508, 255], [507, 256], [507, 257], [507, 258], [506, 259], [506, 260], [505, 261], [505, 262], [505, 263], [505, 264], [504, 265], [504, 266], [504, 267], [504, 268], [503, 269], [503, 270], [502, 271], [502, 272], [502, 273], [501, 274], [501, 275], [501, 276], [501, 277], [500, 278], [500, 279], [500, 280], [500, 281], [500, 282], [500, 283], [500, 284], [500, 285], [499, 286], [499, 287], [499, 288], [499, 289], [499, 290], [499, 291], [499, 292], [499, 293], [499, 294], [499, 295], [499, 296], [499, 297], [499, 298], [499, 299], [499, 300], [499, 301], [500, 302], [500, 303], [500, 304], [500, 305], [500, 306], [500, 307], [500, 308], [500, 309], [500, 310], [500, 311], [500, 312], [501, 313], [501, 314], [501, 315], [502, 316], [502, 317], [502, 318], [502, 319], [503, 320], [503, 321], [503, 322], [504, 323], [504, 324], [505, 325], [505, 326], [506, 327], [506, 328], [506, 329], [507, 330], [507, 331], [508, 332], [508, 333], [509, 334], [510, 335], [511, 336], [512, 337], [512, 338], [513, 339], [514, 340], [515, 341], [516, 342], [516, 343], [517, 344], [518, 345], [519, 346], [520, 347], [521, 348], [522, 349], [523, 350], [524, 351], [525, 352], [526, 353], [527, 354], [528, 355], [529, 356], [530, 357], [531, 358], [532, 359], [533, 360], [534, 361], [535, 362], [536, 363], [537, 364], [538, 365], [539, 366], [540, 367], [541, 368], [541, 369], [542, 370], [543, 371], [544, 371], [545, 372], [546, 373], [547, 374], [548, 375], [549, 376], [550, 376], [551, 377], [552, 378], [553, 379], [554, 379], [555, 380], [556, 381], [557, 381], [558, 382], [559, 382], [560, 382], [561, 382], [562, 381], [563, 381], [564, 381], [565, 382], [566, 382], [567, 382], [568, 382], [569, 382], [570, 382], [571, 382], [572, 381], [573, 381], [574, 381], [575, 382], [576, 382], [577, 382], [578, 382], [579, 382], [580, 382], [581, 382], [582, 381], [583, 381], [584, 380], [584, 379], [585, 378], [586, 377], [586, 376], [587, 375], [587, 374], [588, 373], [589, 372], [589, 371], [590, 370], [590, 369], [591, 368], [591, 367], [592, 366], [592, 365], [592, 364], [593, 363], [593, 362], [594, 361], [594, 360], [595, 359], [595, 358], [596, 357], [597, 356], [597, 355], [598, 354], [599, 353], [600, 352], [601, 352], [601, 351], [602, 350], [603, 349], [604, 349], [604, 348], [605, 347], [606, 347], [607, 346], [608, 345], [609, 344], [610, 344], [611, 343], [612, 343], [613, 342], [614, 341], [615, 341], [616, 340], [617, 340], [618, 339], [619, 339], [620, 338], [621, 338], [622, 337], [623, 337], [624, 336], [625, 335], [626, 334], [627, 333], [627, 332], [628, 331], [628, 330], [629, 329], [629, 328], [629, 327], [630, 326], [631, 325], [631, 324], [631, 323], [632, 322], [632, 321], [633, 320], [633, 319], [633, 318], [634, 317], [634, 316], [634, 315], [634, 314], [635, 313], [635, 312], [635, 311], [635, 310], [636, 309], [636, 308], [636, 307], [636, 306], [636, 305], [636, 304], [636, 303], [636, 302], [636, 301], [636, 300], [636, 299], [636, 298], [636, 297], [636, 296], [636, 295], [636, 294], [636, 293], [636, 292], [636, 291], [636, 290], [635, 289], [635, 288], [636, 287], [635, 286], [635, 285], [635, 284], [635, 283], [635, 282], [634, 281], [634, 280], [634, 279], [634, 278], [634, 277], [634, 276], [634, 275], [634, 274], [633, 273], [633, 272], [633, 271], [633, 270], [632, 269], [632, 268], [632, 267], [632, 266], [631, 265], [631, 264], [631, 263], [631, 262], [631, 261], [631, 260], [631, 259], [631, 258], [631, 257], [631, 256], [631, 255], [631, 254], [631, 253], [631, 252], [631, 251], [631, 250], [630, 249], [630, 248], [630, 247], [630, 246], [630, 245], [630, 244], [630, 243], [629, 242], [629, 241], [629, 240], [629, 239], [629, 238], [629, 237], [629, 236], [629, 235], [629, 234], [628, 233], [628, 232], [628, 231], [627, 230], [627, 229], [627, 228], [627, 227], [627, 226], [626, 225], [626, 224], [625, 223], [624, 222], [623, 221], [623, 220], [622, 220], [621, 219], [620, 218], [619, 217], [618, 216], [617, 216], [616, 215], [615, 214], [614, 214], [613, 213], [612, 212], [611, 212], [610, 212], [609, 211], [608, 211], [607, 210], [606, 210], [605, 210], [604, 209], [603, 209], [602, 209], [601, 208], [600, 208], [599, 208], [598, 208], [597, 208], [596, 208], [595, 207], [594, 207], [593, 207], [592, 207], [591, 206], [590, 206], [589, 206], [588, 206], [587, 206], [586, 206], [585, 206], [584, 206], [583, 206], [582, 206], [581, 206], [580, 206], [579, 206], [578, 206], [577, 206], [576, 206], [575, 206], [574, 206], [573, 206], [572, 206], [571, 206], [570, 206], [569, 206], [568, 206], [567, 206], [566, 206], [565, 206], [564, 206], [563, 206], [562, 206], [561, 206], [560, 206], [559, 206], [558, 206], [557, 206]]",source:31502c92130baa29
