id,latitude_range,longitude_range_unwrapped,picker_box_px,source_id,spatial_role,tile_id,url,zoom
tile:level0_A_1,"[-89.82, 90.0]","[-159.96, 200.02]","[57.0, 0.0, 1080.93, 511.5]",source:d4e82da0872ed45c,NASA regional movie crop,level0_A_1,https://svs.gsfc.nasa.gov/vis/a000000/a005500/a005505/perpetual_ocean2_EQUIREC_071_final_beauty_level0_A_1.mp4,0
tile:level0_B_1,"[-89.82, 90.0]","[20.03, 380.01]","[568.97, 0.0, 1592.9, 511.5]",source:d4e82da0872ed45c,NASA regional movie crop,level0_B_1,https://svs.gsfc.nasa.gov/vis/a000000/a005500/a005505/perpetual_ocean2_EQUIREC_071_final_beauty_level0_B_1.mp4,0
tile:level1_A_1,"[0.18, 90.0]","[-159.96, 20.03]","[57.0, 0.0, 568.97, 255.5]",source:d4e82da0872ed45c,NASA regional movie crop,level1_A_1,https://svs.gsfc.nasa.gov/vis/a000000/a005500/a005505/perpetual_ocean2_EQUIREC_071_final_beauty_level1_A_1.mp4,1
tile:level1_A_3,"[-89.82, 0.0]","[-159.96, 20.03]","[57.0, 256.0, 568.97, 511.5]",source:d4e82da0872ed45c,NASA regional movie crop,level1_A_3,https://svs.gsfc.nasa.gov/vis/a000000/a005500/a005505/perpetual_ocean2_EQUIREC_071_final_beauty_level1_A_3.mp4,1
tile:level1_C_1,"[0.18, 90.0]","[20.03, 200.02]","[568.97, 0.0, 1080.93, 255.5]",source:d4e82da0872ed45c,NASA regional movie crop,level1_C_1,https://svs.gsfc.nasa.gov/vis/a000000/a005500/a005505/perpetual_ocean2_EQUIREC_071_final_beauty_level1_C_1.mp4,1
tile:level1_C_3,"[-89.82, 0.0]","[20.03, 200.02]","[568.97, 256.0, 1080.93, 511.5]",source:d4e82da0872ed45c,NASA regional movie crop,level1_C_3,https://svs.gsfc.nasa.gov/vis/a000000/a005500/a005505/perpetual_ocean2_EQUIREC_071_final_beauty_level1_C_3.mp4,1
tile:level1_B_1,"[0.18, 90.0]","[-69.97, 110.02]","[312.98, 0.0, 824.95, 255.5]",source:d4e82da0872ed45c,NASA regional movie crop,level1_B_1,https://svs.gsfc.nasa.gov/vis/a000000/a005500/a005505/perpetual_ocean2_EQUIREC_071_final_beauty_level1_B_1.mp4,1
tile:level1_B_3,"[-89.82, 0.0]","[-69.97, 110.02]","[312.98, 256.0, 824.95, 511.5]",source:d4e82da0872ed45c,NASA regional movie crop,level1_B_3,https://svs.gsfc.nasa.gov/vis/a000000/a005500/a005505/perpetual_ocean2_EQUIREC_071_final_beauty_level1_B_3.mp4,1
tile:level1_D_1,"[0.18, 90.0]","[110.02, 290.01]","[824.95, 0.0, 1336.92, 255.5]",source:d4e82da0872ed45c,NASA regional movie crop,level1_D_1,https://svs.gsfc.nasa.gov/vis/a000000/a005500/a005505/perpetual_ocean2_EQUIREC_071_final_beauty_level1_D_1.mp4,1
tile:level1_D_3,"[-89.82, 0.0]","[110.02, 290.01]","[824.95, 256.0, 1336.92, 511.5]",source:d4e82da0872ed45c,NASA regional movie crop,level1_D_3,https://svs.gsfc.nasa.gov/vis/a000000/a005500/a005505/perpetual_ocean2_EQUIREC_071_final_beauty_level1_D_3.mp4,1
tile:level1_A_2,"[-44.82, 45.0]","[-159.96, 20.03]","[57.0, 128.0, 568.97, 383.5]",source:d4e82da0872ed45c,NASA regional movie crop,level1_A_2,https://svs.gsfc.nasa.gov/vis/a000000/a005500/a005505/perpetual_ocean2_EQUIREC_071_final_beauty_level1_A_2.mp4,1
tile:level1_C_2,"[-44.82, 45.0]","[20.03, 200.02]","[568.97, 128.0, 1080.93, 383.5]",source:d4e82da0872ed45c,NASA regional movie crop,level1_C_2,https://svs.gsfc.nasa.gov/vis/a000000/a005500/a005505/perpetual_ocean2_EQUIREC_071_final_beauty_level1_C_2.mp4,1
tile:level1_B_2,"[-44.82, 45.0]","[-69.97, 110.02]","[312.98, 128.0, 824.95, 383.5]",source:d4e82da0872ed45c,NASA regional movie crop,level1_B_2,https://svs.gsfc.nasa.gov/vis/a000000/a005500/a005505/perpetual_ocean2_EQUIREC_071_final_beauty_level1_B_2.mp4,1
tile:level1_D_2,"[-44.82, 45.0]","[110.02, 290.01]","[824.95, 128.0, 1336.92, 383.5]",source:d4e82da0872ed45c,NASA regional movie crop,level1_D_2,https://svs.gsfc.nasa.gov/vis/a000000/a005500/a005505/perpetual_ocean2_EQUIREC_071_final_beauty_level1_D_2.mp4,1
tile:level2_A_1,"[45.18, 90.0]","[-159.96, -69.97]","[57.0, 0.0, 312.98, 127.5]",source:d4e82da0872ed45c,NASA regional movie crop,level2_A_1,https://svs.gsfc.nasa.gov/vis/a000000/a005500/a005505/perpetual_ocean2_EQUIREC_071_final_beauty_level2_A_1.mp4,2
tile:level2_A_3,"[0.18, 45.0]","[-159.96, -69.97]","[57.0, 128.0, 312.98, 255.5]",source:d4e82da0872ed45c,NASA regional movie crop,level2_A_3,https://svs.gsfc.nasa.gov/vis/a000000/a005500/a005505/perpetual_ocean2_EQUIREC_071_final_beauty_level2_A_3.mp4,2
tile:level2_A_5,"[-44.82, 0.0]","[-159.96, -69.97]","[57.0, 256.0, 312.98, 383.5]",source:d4e82da0872ed45c,NASA regional movie crop,level2_A_5,https://svs.gsfc.nasa.gov/vis/a000000/a005500/a005505/perpetual_ocean2_EQUIREC_071_final_beauty_level2_A_5.mp4,2
tile:level2_A_7,"[-89.82, -45.0]","[-159.96, -69.97]","[57.0, 384.0, 312.98, 511.5]",source:d4e82da0872ed45c,NASA regional movie crop,level2_A_7,https://svs.gsfc.nasa.gov/vis/a000000/a005500/a005505/perpetual_ocean2_EQUIREC_071_final_beauty_level2_A_7.mp4,2
tile:level2_C_1,"[45.18, 90.0]","[-69.97, 20.03]","[312.98, 0.0, 568.96, 127.5]",source:d4e82da0872ed45c,NASA regional movie crop,level2_C_1,https://svs.gsfc.nasa.gov/vis/a000000/a005500/a005505/perpetual_ocean2_EQUIREC_071_final_beauty_level2_C_1.mp4,2
tile:level2_C_3,"[0.18, 45.0]","[-69.97, 20.03]","[312.98, 128.0, 568.96, 255.5]",source:d4e82da0872ed45c,NASA regional movie crop,level2_C_3,https://svs.gsfc.nasa.gov/vis/a000000/a005500/a005505/perpetual_ocean2_EQUIREC_071_final_beauty_level2_C_3.mp4,2
tile:level2_C_5,"[-44.82, 0.0]","[-69.97, 20.03]","[312.98, 256.0, 568.96, 383.5]",source:d4e82da0872ed45c,NASA regional movie crop,level2_C_5,https://svs.gsfc.nasa.gov/vis/a000000/a005500/a005505/perpetual_ocean2_EQUIREC_071_final_beauty_level2_C_5.mp4,2
tile:level2_C_7,"[-89.82, -45.0]","[-69.97, 20.03]","[312.98, 384.0, 568.96, 511.5]",source:d4e82da0872ed45c,NASA regional movie crop,level2_C_7,https://svs.gsfc.nasa.gov/vis/a000000/a005500/a005505/perpetual_ocean2_EQUIREC_071_final_beauty_level2_C_7.mp4,2
tile:level2_E_1,"[45.18, 90.0]","[20.03, 110.02]","[568.97, 0.0, 824.95, 127.5]",source:d4e82da0872ed45c,NASA regional movie crop,level2_E_1,https://svs.gsfc.nasa.gov/vis/a000000/a005500/a005505/perpetual_ocean2_EQUIREC_071_final_beauty_level2_E_1.mp4,2
tile:level2_E_3,"[0.18, 45.0]","[20.03, 110.02]","[568.97, 128.0, 824.95, 255.5]",source:d4e82da0872ed45c,NASA regional movie crop,level2_E_3,https://svs.gsfc.nasa.gov/vis/a000000/a005500/a005505/perpetual_ocean2_EQUIREC_071_final_beauty_level2_E_3.mp4,2
tile:level2_E_5,"[-44.82, 0.0]","[20.03, 110.02]","[568.97, 256.0, 824.95, 383.5]",source:d4e82da0872ed45c,NASA regional movie crop,level2_E_5,https://svs.gsfc.nasa.gov/vis/a000000/a005500/a005505/perpetual_ocean2_EQUIREC_071_final_beauty_level2_E_5.mp4,2
tile:level2_E_7,"[-89.82, -45.0]","[20.03, 110.02]","[568.97, 384.0, 824.95, 511.5]",source:d4e82da0872ed45c,NASA regional movie crop,level2_E_7,https://svs.gsfc.nasa.gov/vis/a000000/a005500/a005505/perpetual_ocean2_EQUIREC_071_final_beauty_level2_E_7.mp4,2
tile:level2_G_1,"[45.18, 90.0]","[110.02, 200.02]","[824.95, 0.0, 1080.93, 127.5]",source:d4e82da0872ed45c,NASA regional movie crop,level2_G_1,https://svs.gsfc.nasa.gov/vis/a000000/a005500/a005505/perpetual_ocean2_EQUIREC_071_final_beauty_level2_G_1.mp4,2
tile:level2_G_3,"[0.18, 45.0]","[110.02, 200.02]","[824.95, 128.0, 1080.93, 255.5]",source:d4e82da0872ed45c,NASA regional movie crop,level2_G_3,https://svs.gsfc.nasa.gov/vis/a000000/a005500/a005505/perpetual_ocean2_EQUIREC_071_final_beauty_level2_G_3.mp4,2
tile:level2_G_5,"[-44.82, 0.0]","[110.02, 200.02]","[824.95, 256.0, 1080.93, 383.5]",source:d4e82da0872ed45c,NASA regional movie crop,level2_G_5,https://svs.gsfc.nasa.gov/vis/a000000/a005500/a005505/perpetual_ocean2_EQUIREC_071_final_beauty_level2_G_5.mp4,2
tile:level2_G_7,"[-89.82, -45.0]","[110.02, 200.02]","[824.95, 384.0, 1080.93, 511.5]",source:d4e82da0872ed45c,NASA regional movie crop,level2_G_7,https://svs.gsfc.nasa.gov/vis/a000000/a005500/a005505/perpetual_ocean2_EQUIREC_071_final_beauty_level2_G_7.mp4,2
tile:level2_B_1,"[45.18, 90.0]","[-114.96, -24.97]","[184.99, 0.0, 440.97, 127.5]",source:d4e82da0872ed45c,NASA regional movie crop,level2_B_1,https://svs.gsfc.nasa.gov/vis/a000000/a005500/a005505/perpetual_ocean2_EQUIREC_071_final_beauty_level2_B_1.mp4,2
tile:level2_B_3,"[0.18, 45.0]","[-114.96, -24.97]","[184.99, 128.0, 440.97, 255.5]",source:d4e82da0872ed45c,NASA regional movie crop,level2_B_3,https://svs.gsfc.nasa.gov/vis/a000000/a005500/a005505/perpetual_ocean2_EQUIREC_071_final_beauty_level2_B_3.mp4,2
tile:level2_B_5,"[-44.82, 0.0]","[-114.96, -24.97]","[184.99, 256.0, 440.97, 383.5]",source:d4e82da0872ed45c,NASA regional movie crop,level2_B_5,https://svs.gsfc.nasa.gov/vis/a000000/a005500/a005505/perpetual_ocean2_EQUIREC_071_final_beauty_level2_B_5.mp4,2
tile:level2_B_7,"[-89.82, -45.0]","[-114.96, -24.97]","[184.99, 384.0, 440.97, 511.5]",source:d4e82da0872ed45c,NASA regional movie crop,level2_B_7,https://svs.gsfc.nasa.gov/vis/a000000/a005500/a005505/perpetual_ocean2_EQUIREC_071_final_beauty_level2_B_7.mp4,2
tile:level2_D_1,"[45.18, 90.0]","[-24.97, 65.02]","[440.97, 0.0, 696.96, 127.5]",source:d4e82da0872ed45c,NASA regional movie crop,level2_D_1,https://svs.gsfc.nasa.gov/vis/a000000/a005500/a005505/perpetual_ocean2_EQUIREC_071_final_beauty_level2_D_1.mp4,2
tile:level2_D_3,"[0.18, 45.0]","[-24.97, 65.02]","[440.97, 128.0, 696.96, 255.5]",source:d4e82da0872ed45c,NASA regional movie crop,level2_D_3,https://svs.gsfc.nasa.gov/vis/a000000/a005500/a005505/perpetual_ocean2_EQUIREC_071_final_beauty_level2_D_3.mp4,2
tile:level2_D_5,"[-44.82, 0.0]","[-24.97, 65.02]","[440.97, 256.0, 696.96, 383.5]",source:d4e82da0872ed45c,NASA regional movie crop,level2_D_5,https://svs.gsfc.nasa.gov/vis/a000000/a005500/a005505/perpetual_ocean2_EQUIREC_071_final_beauty_level2_D_5.mp4,2
tile:level2_D_7,"[-89.82, -45.0]","[-24.97, 65.02]","[440.97, 384.0, 696.96, 511.5]",source:d4e82da0872ed45c,NASA regional movie crop,level2_D_7,https://svs.gsfc.nasa.gov/vis/a000000/a005500/a005505/perpetual_ocean2_EQUIREC_071_final_beauty_level2_D_7.mp4,2
tile:level2_F_1,"[45.18, 90.0]","[65.02, 155.02]","[696.96, 0.0, 952.94, 127.5]",source:d4e82da0872ed45c,NASA regional movie crop,level2_F_1,https://svs.gsfc.nasa.gov/vis/a000000/a005500/a005505/perpetual_ocean2_EQUIREC_071_final_beauty_level2_F_1.mp4,2
tile:level2_F_3,"[0.18, 45.0]","[65.02, 155.02]","[696.96, 128.0, 952.94, 255.5]",source:d4e82da0872ed45c,NASA regional movie crop,level2_F_3,https://svs.gsfc.nasa.gov/vis/a000000/a005500/a005505/perpetual_ocean2_EQUIREC_071_final_beauty_level2_F_3.mp4,2
tile:level2_F_5,"[-44.82, 0.0]","[65.02, 155.02]","[696.96, 256.0, 952.94, 383.5]",source:d4e82da0872ed45c,NASA regional movie crop,level2_F_5,https://svs.gsfc.nasa.gov/vis/a000000/a005500/a005505/perpetual_ocean2_EQUIREC_071_final_beauty_level2_F_5.mp4,2
tile:level2_F_7,"[-89.82, -45.0]","[65.02, 155.02]","[696.96, 384.0, 952.94, 511.5]",source:d4e82da0872ed45c,NASA regional movie crop,level2_F_7,https://svs.gsfc.nasa.gov/vis/a000000/a005500/a005505/perpetual_ocean2_EQUIREC_071_final_beauty_level2_F_7.mp4,2
tile:level2_H_1,"[45.18, 90.0]","[155.02, 245.01]","[952.94, 0.0, 1208.93, 127.5]",source:d4e82da0872ed45c,NASA regional movie crop,level2_H_1,https://svs.gsfc.nasa.gov/vis/a000000/a005500/a005505/perpetual_ocean2_EQUIREC_071_final_beauty_level2_H_1.mp4,2
tile:level2_H_3,"[0.18, 45.0]","[155.02, 245.01]","[952.94, 128.0, 1208.93, 255.5]",source:d4e82da0872ed45c,NASA regional movie crop,level2_H_3,https://svs.gsfc.nasa.gov/vis/a000000/a005500/a005505/perpetual_ocean2_EQUIREC_071_final_beauty_level2_H_3.mp4,2
tile:level2_H_5,"[-44.82, 0.0]","[155.02, 245.01]","[952.94, 256.0, 1208.93, 383.5]",source:d4e82da0872ed45c,NASA regional movie crop,level2_H_5,https://svs.gsfc.nasa.gov/vis/a000000/a005500/a005505/perpetual_ocean2_EQUIREC_071_final_beauty_level2_H_5.mp4,2
tile:level2_H_7,"[-89.82, -45.0]","[155.02, 245.01]","[952.94, 384.0, 1208.93, 511.5]",source:d4e82da0872ed45c,NASA regional movie crop,level2_H_7,https://svs.gsfc.nasa.gov/vis/a000000/a005500/a005505/perpetual_ocean2_EQUIREC_071_final_beauty_level2_H_7.mp4,2
tile:level2_A_2,"[22.68, 67.5]","[-159.96, -69.97]","[57.0, 64.0, 312.98, 191.5]",source:d4e82da0872ed45c,NASA regional movie crop,level2_A_2,https://svs.gsfc.nasa.gov/vis/a000000/a005500/a005505/perpetual_ocean2_EQUIREC_071_final_beauty_level2_A_2.mp4,2
tile:level2_A_4,"[-22.32, 22.5]","[-159.96, -69.97]","[57.0, 192.0, 312.98, 319.5]",source:d4e82da0872ed45c,NASA regional movie crop,level2_A_4,https://svs.gsfc.nasa.gov/vis/a000000/a005500/a005505/perpetual_ocean2_EQUIREC_071_final_beauty_level2_A_4.mp4,2
tile:level2_A_6,"[-67.32, -22.5]","[-159.96, -69.97]","[57.0, 320.0, 312.98, 447.5]",source:d4e82da0872ed45c,NASA regional movie crop,level2_A_6,https://svs.gsfc.nasa.gov/vis/a000000/a005500/a005505/perpetual_ocean2_EQUIREC_071_final_beauty_level2_A_6.mp4,2
tile:level2_C_2,"[22.68, 67.5]","[-69.97, 20.03]","[312.98, 64.0, 568.96, 191.5]",source:d4e82da0872ed45c,NASA regional movie crop,level2_C_2,https://svs.gsfc.nasa.gov/vis/a000000/a005500/a005505/perpetual_ocean2_EQUIREC_071_final_beauty_level2_C_2.mp4,2
tile:level2_C_4,"[-22.32, 22.5]","[-69.97, 20.03]","[312.98, 192.0, 568.96, 319.5]",source:d4e82da0872ed45c,NASA regional movie crop,level2_C_4,https://svs.gsfc.nasa.gov/vis/a000000/a005500/a005505/perpetual_ocean2_EQUIREC_071_final_beauty_level2_C_4.mp4,2
tile:level2_C_6,"[-67.32, -22.5]","[-69.97, 20.03]","[312.98, 320.0, 568.96, 447.5]",source:d4e82da0872ed45c,NASA regional movie crop,level2_C_6,https://svs.gsfc.nasa.gov/vis/a000000/a005500/a005505/perpetual_ocean2_EQUIREC_071_final_beauty_level2_C_6.mp4,2
tile:level2_E_2,"[22.68, 67.5]","[20.03, 110.02]","[568.97, 64.0, 824.95, 191.5]",source:d4e82da0872ed45c,NASA regional movie crop,level2_E_2,https://svs.gsfc.nasa.gov/vis/a000000/a005500/a005505/perpetual_ocean2_EQUIREC_071_final_beauty_level2_E_2.mp4,2
tile:level2_E_4,"[-22.32, 22.5]","[20.03, 110.02]","[568.97, 192.0, 824.95, 319.5]",source:d4e82da0872ed45c,NASA regional movie crop,level2_E_4,https://svs.gsfc.nasa.gov/vis/a000000/a005500/a005505/perpetual_ocean2_EQUIREC_071_final_beauty_level2_E_4.mp4,2
tile:level2_E_6,"[-67.32, -22.5]","[20.03, 110.02]","[568.97, 320.0, 824.95, 447.5]",source:d4e82da0872ed45c,NASA regional movie crop,level2_E_6,https://svs.gsfc.nasa.gov/vis/a000000/a005500/a005505/perpetual_ocean2_EQUIREC_071_final_beauty_level2_E_6.mp4,2
tile:level2_G_2,"[22.68, 67.5]","[110.02, 200.02]","[824.95, 64.0, 1080.93, 191.5]",source:d4e82da0872ed45c,NASA regional movie crop,level2_G_2,https://svs.gsfc.nasa.gov/vis/a000000/a005500/a005505/perpetual_ocean2_EQUIREC_071_final_beauty_level2_G_2.mp4,2
tile:level2_G_4,"[-22.32, 22.5]","[110.02, 200.02]","[824.95, 192.0, 1080.93, 319.5]",source:d4e82da0872ed45c,NASA regional movie crop,level2_G_4,https://svs.gsfc.nasa.gov/vis/a000000/a005500/a005505/perpetual_ocean2_EQUIREC_071_final_beauty_level2_G_4.mp4,2
tile:level2_G_6,"[-67.32, -22.5]","[110.02, 200.02]","[824.95, 320.0, 1080.93, 447.5]",source:d4e82da0872ed45c,NASA regional movie crop,level2_G_6,https://svs.gsfc.nasa.gov/vis/a000000/a005500/a005505/perpetual_ocean2_EQUIREC_071_final_beauty_level2_G_6.mp4,2
tile:level2_B_2,"[22.68, 67.5]","[-114.96, -24.97]","[184.99, 64.0, 440.97, 191.5]",source:d4e82da0872ed45c,NASA regional movie crop,level2_B_2,https://svs.gsfc.nasa.gov/vis/a000000/a005500/a005505/perpetual_ocean2_EQUIREC_071_final_beauty_level2_B_2.mp4,2
tile:level2_B_4,"[-22.32, 22.5]","[-114.96, -24.97]","[184.99, 192.0, 440.97, 319.5]",source:d4e82da0872ed45c,NASA regional movie crop,level2_B_4,https://svs.gsfc.nasa.gov/vis/a000000/a005500/a005505/perpetual_ocean2_EQUIREC_071_final_beauty_level2_B_4.mp4,2
tile:level2_B_6,"[-67.32, -22.5]","[-114.96, -24.97]","[184.99, 320.0, 440.97, 447.5]",source:d4e82da0872ed45c,NASA regional movie crop,level2_B_6,https://svs.gsfc.nasa.gov/vis/a000000/a005500/a005505/perpetual_ocean2_EQUIREC_071_final_beauty_level2_B_6.mp4,2
tile:level2_D_2,"[22.68, 67.5]","[-24.97, 65.02]","[440.97, 64.0, 696.96, 191.5]",source:d4e82da0872ed45c,NASA regional movie crop,level2_D_2,https://svs.gsfc.nasa.gov/vis/a000000/a005500/a005505/perpetual_ocean2_EQUIREC_071_final_beauty_level2_D_2.mp4,2
tile:level2_D_4,"[-22.32, 22.5]","[-24.97, 65.02]","[440.97, 192.0, 696.96, 319.5]",source:d4e82da0872ed45c,NASA regional movie crop,level2_D_4,https://svs.gsfc.nasa.gov/vis/a000000/a005500/a005505/perpetual_ocean2_EQUIREC_071_final_beauty_level2_D_4.mp4,2
tile:level2_D_6,"[-67.32, -22.5]","[-24.97, 65.02]","[440.97, 320.0, 696.96, 447.5]",source:d4e82da0872ed45c,NASA regional movie crop,level2_D_6,https://svs.gsfc.nasa.gov/vis/a000000/a005500/a005505/perpetual_ocean2_EQUIREC_071_final_beauty_level2_D_6.mp4,2
tile:level2_F_2,"[22.68, 67.5]","[65.02, 155.02]","[696.96, 64.0, 952.94, 191.5]",source:d4e82da0872ed45c,NASA regional movie crop,level2_F_2,https://svs.gsfc.nasa.gov/vis/a000000/a005500/a005505/perpetual_ocean2_EQUIREC_071_final_beauty_level2_F_2.mp4,2
tile:level2_F_4,"[-22.32, 22.5]","[65.02, 155.02]","[696.96, 192.0, 952.94, 319.5]",source:d4e82da0872ed45c,NASA regional movie crop,level2_F_4,https://svs.gsfc.nasa.gov/vis/a000000/a005500/a005505/perpetual_ocean2_EQUIREC_071_final_beauty_level2_F_4.mp4,2
tile:level2_F_6,"[-67.32, -22.5]","[65.02, 155.02]","[696.96, 320.0, 952.94, 447.5]",source:d4e82da0872ed45c,NASA regional movie crop,level2_F_6,https://svs.gsfc.nasa.gov/vis/a000000/a005500/a005505/perpetual_ocean2_EQUIREC_071_final_beauty_level2_F_6.mp4,2
tile:level2_H_2,"[22.68, 67.5]","[155.02, 245.01]","[952.94, 64.0, 1208.93, 191.5]",source:d4e82da0872ed45c,NASA regional movie crop,level2_H_2,https://svs.gsfc.nasa.gov/vis/a000000/a005500/a005505/perpetual_ocean2_EQUIREC_071_final_beauty_level2_H_2.mp4,2
tile:level2_H_4,"[-22.32, 22.5]","[155.02, 245.01]","[952.94, 192.0, 1208.93, 319.5]",source:d4e82da0872ed45c,NASA regional movie crop,level2_H_4,https://svs.gsfc.nasa.gov/vis/a000000/a005500/a005505/perpetual_ocean2_EQUIREC_071_final_beauty_level2_H_4.mp4,2
tile:level2_H_6,"[-67.32, -22.5]","[155.02, 245.01]","[952.94, 320.0, 1208.93, 447.5]",source:d4e82da0872ed45c,NASA regional movie crop,level2_H_6,https://svs.gsfc.nasa.gov/vis/a000000/a005500/a005505/perpetual_ocean2_EQUIREC_071_final_beauty_level2_H_6.mp4,2
